date,actual,predicted,lower_80,upper_80,lower_95,upper_95
2022-01-03,0.0209349154746691,0.0003868793753002313,-0.029721146757179368,0.03049490550777983,-0.045659373036068006,0.04643313178666846
2022-01-04,0.0372089772853135,-0.0016847797431758752,-0.03185582147093391,0.02848626198458216,-0.04782740619093148,0.04445784670457974
2022-01-05,-0.01845137718198,-0.003781284437626255,-0.03388931057010586,0.026326741694853346,-0.04982753684899449,0.042264967973741976
2022-01-06,0.0105679141733192,0.002116117828391711,-0.028054066929737654,0.03228630258652108,-0.04402519799741687,0.048257433654200294
2022-01-07,0.0098595635844032,-0.0030971001058526662,-0.033205126238332265,0.027010926026626934,-0.0491433525172209,0.04294915230551557
2022-01-10,0.0009564480929175,0.00023767740835166086,-0.02989680878294899,0.03037216359965231,-0.04584904217087184,0.046324396987575164
2022-01-11,0.0010156541705093,-0.0006254608660737685,-0.03073348699855337,0.02948256526640583,-0.046671713277442003,0.045420791545294464
2022-01-12,0.0056557985621591,-0.0004758947630771944,-0.030592865411463405,0.02964107588530902,-0.046535826631056806,0.045584037104902414
2022-01-13,-0.0012473986502709,-0.0009094590573443366,-0.031017485189823935,0.029198567075135264,-0.04695571146871257,0.045136793354023895
2022-01-14,-0.0634333834989044,0.0003120888229053125,-0.02979971312529969,0.030423890771110313,-0.04573993820029518,0.04636411584610581
2022-01-18,-0.04283224417769,0.006688369869029673,-0.023419656263449926,0.036796396001509274,-0.03935788254233856,0.05273462228039791
2022-01-19,-0.0155900107294022,0.005854754519246635,-0.024254910812473607,0.03596441985096688,-0.04019400483102404,0.05190351386951731
2022-01-20,-0.0085640955721618,0.006019453093132183,-0.024088573039347416,0.03612747922561178,-0.04002679931823605,0.05206570550450042
2022-01-21,-0.0176270103529196,0.006235807478866844,-0.023872900683268333,0.03634451564100202,-0.03981148800684756,0.05228310296458125
2022-01-24,-0.0008965938962282,0.006172425335438935,-0.023935600797040664,0.036280451467918536,-0.0398738270759293,0.05221867774680717
2022-01-25,0.010841567098291,0.0035884014971162797,-0.026519907738979318,0.03369671073321188,-0.04245828388386954,0.04963508687810209
2022-01-26,0.0094412116778586,0.0020572998309115508,-0.02805072630156805,0.03216532596339115,-0.04398895258045668,0.04810355224227979
2022-01-27,-0.0178021028967307,0.0011702063102305342,-0.0289379382894264,0.03127835090988747,-0.04487622728105052,0.04721663990151159
2022-01-28,0.0089067875079795,0.002831003444781175,-0.027277022687698424,0.032939029577260776,-0.04321524896658706,0.04887725585614941
2022-01-31,0.013481979619477,-0.00035522958538478105,-0.0304633052877974,0.02975284611702784,-0.04640155780742349,0.04569109863665393
2022-02-01,0.0170144379516678,-0.0002663547947544559,-0.03039516941130217,0.029862459821793256,-0.04634440044890912,0.04581169085940021
2022-02-02,-0.0080374799628253,-0.0014518429411729237,-0.031657769513040925,0.02875408363069508,-0.04764782115400774,0.044744135271661885
2022-02-03,-0.0083042495196281,0.00010210521487501639,-0.030026709401672697,0.030230919831422728,-0.04597594043927965,0.046180150869029685
2022-02-04,0.0256273619509675,0.0014839622196176478,-0.02872063490974637,0.03168855934898167,-0.04470998278636277,0.04767790722559807
2022-02-07,0.0033372085190474,-0.0024865728907386133,-0.03261538750728633,0.0276422417258091,-0.04856461854489328,0.04359147276341605
2022-02-08,0.0186397376847952,0.00021053377061700955,-0.02993516763585782,0.03035623517709184,-0.04589333800006819,0.0463144055413022
2022-02-09,0.0041597495501477,-0.003255445948601817,-0.03338426056514953,0.026873368667945895,-0.049333491602756484,0.04282259970555285
2022-02-10,-0.0041597495501478,-0.0012911988855625314,-0.0314228443599976,0.02884044658887254,-0.047373573963248594,0.04479117619212353
2022-02-11,-0.01310202377987,-0.0006717681659042043,-0.030800582782451916,0.02945704645064351,-0.04674981382005887,0.04540627748825046
2022-02-14,-0.0093342654184642,0.0012110216498760725,-0.02891894492499897,0.031340988224751114,-0.04486878577250857,0.04729082907226071
2022-02-15,0.0145182117428116,0.0016378205586721638,-0.02849099405787555,0.031766635175219875,-0.044440225095482504,0.04771586621282683
2022-02-16,0.0018081383368506,-0.00017959643769167795,-0.030308795372140308,0.02994960249675695,-0.04625822985535478,0.04589903697997142
2022-02-17,-0.0233021693471806,0.0009909197071788398,-0.029137894909368873,0.031119734323726552,-0.04508712594697582,0.04706896536133351
2022-02-18,0.004678047447546,0.0026981123320268356,-0.02743080005256557,0.032827024716619246,-0.04338008284544907,0.04877630750950275
2022-02-22,-0.0017765251909799,-4.91055407466273e-06,-0.030133725170622374,0.03012390406247305,-0.04608295620822933,0.04607313510008
2022-02-23,-0.0211608699992683,0.0021142307960483214,-0.028014612802654073,0.032243074394750715,-0.04396385918248696,0.048192320774583595
2022-02-24,-0.0282382214005309,0.0033913841993924547,-0.026737430417155258,0.033520198815940164,-0.042686661454762215,0.04946942985354712
2022-02-25,0.0233840110261021,0.004385442519647812,-0.025743381226281215,0.03451426626557684,-0.0416926170966907,0.05046350213598633
2022-02-28,-0.04259167772561,-0.00011891978340676702,-0.03024773439995448,0.030009894833140944,-0.04619696543756143,0.0459591258707479
2022-03-01,-0.0384596104427065,0.00770744580355555,-0.02242137147304313,0.03783626308015423,-0.03837060391879601,0.053785495525907105
2022-03-02,0.0205280054743498,0.005324730841844696,-0.02478595662630651,0.0354354183099959,-0.040725591731198926,0.05137505341488832
2022-03-03,-0.0071331579099307,-0.0018516631462387283,-0.03203579132766277,0.028332465035185318,-0.048014303597769384,0.04431097730529193
2022-03-04,-0.028532819790552,0.004832980233550073,-0.025277707234601134,0.03494366770170128,-0.04121734233949355,0.0508833028065937
2022-03-07,-0.0393812000867416,0.003737476750083988,-0.026445214224062458,0.033920167724230434,-0.04242296568259346,0.049897919182761444
2022-03-08,-0.0070677928281943,0.006116994566345952,-0.023993692901805252,0.03622768203449716,-0.039933328006697674,0.052167317139389574
2022-03-09,0.0392806886858437,0.003681433053807614,-0.02644455797913272,0.03380742408674795,-0.04239229430186684,0.04975516040948207
2022-03-10,-0.0119112538372924,-0.0002804865141581967,-0.0303911739823094,0.02983020095399301,-0.04633080908720182,0.045769836058885426
2022-03-11,-0.0227814128757751,0.0027936975033147874,-0.027319448428950486,0.03290684343558006,-0.04326038496613129,0.04884777997276087
2022-03-14,0.0098818799245241,0.00169421540475669,-0.028416472063394517,0.031804902872907895,-0.04435610716828693,0.047744537977800316
2022-03-15,0.0175905990091631,-0.0005936492842346685,-0.030705331643157075,0.029518033074687738,-0.04664549341141043,0.0454581948429411
2022-03-16,0.0437162392049086,1.1940246344924004e-05,-0.03009874722180628,0.03012262771449613,-0.0460383823266987,0.04606226281938855
2022-03-17,0.0125652407962318,-0.004960375339345558,-0.035071384880275364,0.025150634201584244,-0.051011190480197935,0.041090439801506826
2022-03-18,-0.0003567571489658,-0.002949923850687589,-0.03306061131883879,0.027160763617463616,-0.049000246423731214,0.043100398722356034
2022-03-21,-0.00321722121824,-0.002976941604293809,-0.03308770771050656,0.02713382450191894,-0.049027384443874174,0.04307350123528656
2022-03-22,0.0210446234891144,-0.001447734180684188,-0.03155842164883539,0.028662953287467017,-0.04749805675372781,0.044602588392359435
2022-03-23,-0.0201139574325256,-0.0028372792804513417,-0.03294798951596345,0.027273430955060764,-0.0488876366731687,0.04321307811226602
2022-03-24,0.0064890191888902,0.0021435206761410298,-0.027967166792010174,0.03225420814429224,-0.043906801896902596,0.04819384324918465
2022-03-25,0.0087045614773277,-0.0014825148382596174,-0.03159320930526381,0.028628179628744574,-0.047532848115125204,0.044567818438605966
2022-03-28,-0.0074261990110098,-8.241964190342112e-05,-0.030193107110054625,0.030028267826247786,-0.046132742214947044,0.045967902931140205
2022-03-29,0.0021983434134239,0.0011100006551928831,-0.029000688786219645,0.03122069009660541,-0.04494032493569351,0.047160326246079284
2022-03-30,-0.0045435487116467,-0.00031667408021769254,-0.030419385624737328,0.029786037464301942,-0.04635479853070299,0.04572145037026761
2022-03-31,-0.0304870210802769,0.0009550768003417751,-0.029217830269455767,0.031127983870139316,-0.04519040244188154,0.0471005560425651
2022-04-01,-0.0074367424151175,0.004071256412848339,-0.026031455131671294,0.034173967957367976,-0.04196686803763696,0.05010938086333364
2022-04-04,0.0044246258484804,0.0016262241106400719,-0.028544849422207867,0.03179729764348801,-0.04451645097880301,0.04776889920008315
2022-04-05,-0.0117056041293064,0.0022171498252547732,-0.027885561719264863,0.03231986136977441,-0.043820974625230526,0.04825527427574008
2022-04-06,-0.0139714054332526,0.002174572191566017,-0.027941452968526872,0.03229059735165891,-0.043883913676851384,0.04823305805998342
2022-04-07,-0.0030467376018832,0.002590955423697687,-0.027511756120821948,0.03269366696821732,-0.043447169026787615,0.04862907987418299
2022-04-08,0.0181422822720273,0.0017227907480267244,-0.028381939453599903,0.031827520949653354,-0.044318420972088005,0.047764002468141456
2022-04-11,-0.0036773436808567,-0.00015318018182283944,-0.030255891726342476,0.029949531362696794,-0.04619130463230814,0.045884944268662464
2022-04-12,-0.0110383299109693,0.0012762660132803554,-0.02882726619719361,0.03137979822375432,-0.0447631135374733,0.04731564556403401
2022-04-13,-0.0327642286525943,0.001011752380372035,-0.0290909591641476,0.03111446392489167,-0.045026372070113264,0.04704987683085734
2022-04-14,-0.0093127552709717,0.004308339296515916,-0.025794624183029587,0.03441130277606142,-0.0417301704553419,0.050346849048373735
2022-04-18,0.0183838497865039,0.0029410993363490965,-0.027161612208170538,0.03304381088086873,-0.043097025114136205,0.0489792237868344
2022-04-19,0.0204951736839702,0.0009189716773062135,-0.029183797397096846,0.03102174075170927,-0.04511924075754318,0.04695718411215561
2022-04-20,0.0035021747556105,-0.0005642403537266063,-0.030666951898246243,0.029538471190793027,-0.046602364804211906,0.0454738840967587
2022-04-21,-0.007782114509576,-0.000819314231515992,-0.03092204197393352,0.029283413510901538,-0.04685746345454839,0.045218834991516396
2022-04-22,-0.02914309359178,-0.00016051198053930975,-0.030263223525058943,0.029942199563980327,-0.04619863643102461,0.04587761246994599
2022-04-25,-0.0003153279761656,0.003215155487631451,-0.026887560860984386,0.033317871836247286,-0.04282297631008496,0.04925328728534787
2022-04-26,-0.0300275162873061,0.0012780633243067948,-0.02882464822021284,0.03138077486882643,-0.04476006112617851,0.047316187774792094
2022-04-27,-0.0130913902413002,0.0058657491269486625,-0.02423696370198106,0.035968461955878384,-0.04017237728787236,0.05190387554176969
2022-04-28,0.0156891726035606,0.0034417841100871423,-0.026559947867586343,0.03344351608776063,-0.042441905419858074,0.04932547364003236
2022-04-29,-0.0328005075116288,-0.0012542214882707936,-0.03134453319250992,0.02883609021596833,-0.04727338201953719,0.044764939042995604
2022-05-02,0.0090904883517344,0.006613533766960236,-0.02338819821071325,0.036615265744633724,-0.03927015576298498,0.052497223296905454
2022-05-03,0.0211934130573842,-0.0005810634786081513,-0.030671371314112666,0.02950924435689636,-0.04660021809315555,0.045438091135939246
2022-05-04,0.0325460826293237,0.0005419516721365222,-0.029459780305536965,0.03054368364981001,-0.0453417378578087,0.04642564120208174
2022-05-05,-0.0253380349133029,-0.00359465147954538,-0.03364067022715861,0.026451367268067846,-0.0495460717792912,0.04235676882020044
2022-05-06,-0.0016153400889792,0.0024267891021212806,-0.027574942875552205,0.03242852107979477,-0.043456900427823936,0.0483104786320665
2022-05-09,-0.0151480130792717,-0.002072297644128437,-0.03209150490667039,0.027946909618413514,-0.04798271331594936,0.04383811802769248
2022-05-10,-0.0246740804418987,0.001981295426102746,-0.028020436551570743,0.03198302740377623,-0.043902394103842474,0.04786498495604796
2022-05-11,-0.006328427458131,0.0036317442831498275,-0.026378530353994553,0.03364201892029421,-0.04226501011702403,0.049528498683323686
2022-05-12,-0.000846682044391,0.002328909171994201,-0.027672822805679287,0.03233064114966769,-0.04355478035795102,0.04821259870193942
2022-05-13,0.0088560186662053,0.0032032786599247034,-0.026802766119547697,0.0332093234393971,-0.04268700673118256,0.04909356405103196
2022-05-16,-0.0069941072785891,0.0014697482664032238,-0.028531983711270265,0.03147148024407671,-0.04441394126354199,0.047353437796348444
2022-05-17,0.0326098946939253,0.0024167912633452594,-0.027587032829567378,0.0324206153562579,-0.04347009788074775,0.048303680407438265
2022-05-18,-0.0172539934822633,-0.0026663900715173175,-0.032668122049190805,0.02733534190615617,-0.048550079601462535,0.0432172994584279
2022-05-19,-0.0149331870774597,0.0026635640444045688,-0.027339179111487054,0.03266630720029619,-0.043221671949173306,0.04854880003798245
2022-05-20,-0.0082327028736544,0.0007643548641318736,-0.029237377113541616,0.03076608684180536,-0.045119334665813346,0.04664804439407709
2022-05-23,0.06003292267527,0.001244822766844104,-0.0287574016993108,0.03124704723299901,-0.04463961995923644,0.04712926549292464
2022-05-24,0.0140266036687196,-0.004947324395911626,-0.03494905637358511,0.02505440758176186,-0.050831013925856844,0.04093636513403359
2022-05-25,0.0069400075294466,-0.0004633196141465647,-0.030465291531767042,0.029538652303473915,-0.046347376100574225,0.0454207368722811
2022-05-26,0.0171424424040249,-0.004089235785429966,-0.0341538909933101,0.025975419422450165,-0.05006915809157529,0.041890686520715356
2022-05-27,0.0140385872121918,-0.0014572291001155742,-0.031593904396180275,0.02867944619594913,-0.047547296626164845,0.0446328384259337
2022-05-31,0.0072866934904541,-0.002806192702197779,-0.03287084791007791,0.027258462505682354,-0.0487861150083431,0.043173729603947546
2022-06-01,-0.0177009200947634,-0.0005427039447251439,-0.03067741544548484,0.029592007556034552,-0.04662976810503065,0.045544360215580365
2022-06-02,0.0159601008816101,0.0005516463522964895,-0.029513008855583642,0.030616301560176622,-0.04542827595384884,0.04653156865844181
2022-06-03,-0.0140375125903483,-0.001451350621548947,-0.031529816509367016,0.028627115266269123,-0.047452394539971236,0.04454969329687334
2022-06-06,-0.0033093514042875,0.0023245862835957385,-0.027740068924284395,0.03238924149147587,-0.04365533602254958,0.048304508589741064
2022-06-07,0.0026176711919413,0.0005680553627667871,-0.029498761640963104,0.030634872366496677,-0.045415173124824036,0.04655128385035761
2022-06-08,-0.0160425971023482,0.0006965571939997019,-0.02936809801388043,0.030761212401879835,-0.045283365112145625,0.04667647950014502
2022-06-09,-0.0212395531429484,0.002706812349445455,-0.02735872419739259,0.0327723488962835,-0.04327445784831978,0.04868808254721069
2022-06-10,-0.0470558707043879,0.003182174811606052,-0.02688248039627408,0.03324683001948618,-0.042797747494539275,0.04916209711775137
2022-06-13,-0.0302309034000268,0.007307220567748988,-0.022757707578433248,0.03737214871393123,-0.0386731191615079,0.05328756029700588
2022-06-14,-0.016779326615136,0.006697869803328796,-0.023366785404551338,0.03676252501120893,-0.03928205250281653,0.05267779210947412
2022-06-15,0.0117664078042277,0.006793825969115572,-0.023270892967335366,0.03685854490556651,-0.03918619380146811,0.05277384573969926
2022-06-16,-0.017305076129222,0.0031353460852814523,-0.02692930912259868,0.033200001293161585,-0.04284457622086387,0.049115268391426777
2022-06-17,-0.0035326144153401,0.00486125562692603,-0.02520341776663929,0.03492592902049135,-0.0411186944918247,0.05084120574567676
2022-06-21,0.0244703232820844,0.001688657885163091,-0.02837599732271704,0.031753313093043224,-0.04429126442098223,0.047668580191308416
2022-06-22,-0.0056274873417343,-0.0008386381958868142,-0.030903298850370953,0.029226022458597328,-0.04681856883189414,0.04514129244012051
2022-06-23,-0.0109996462878522,0.0016064642453533086,-0.028458190962526823,0.03167111945323344,-0.044373458060792015,0.04758638655149863
2022-06-24,0.02940886625345,0.0006219319633215545,-0.02944272472412616,0.030686588650769266,-0.04535799260562712,0.046601856532270225
2022-06-27,-0.0080447068408127,-0.0027150541806374028,-0.0327729109327474,0.027342802571472598,-0.04868457914592014,0.04325447078464534
2022-06-28,-0.0048233932135764,0.001246579111104484,-0.028876671879551702,0.03136983010176067,-0.04482295771151813,0.0473161159337271
2022-06-29,-0.0044998867394512,-0.0004784954650546626,-0.030536352217164664,0.029579361287055336,-0.046448020430337404,0.045491029500228077
2022-06-30,-0.023606783199283,0.000924968482209019,-0.029196984246720823,0.031046921211138858,-0.045142582820443464,0.046992519784861506
2022-07-01,0.0127063627150436,0.0034109859079916216,-0.02664687084411838,0.033468842660101625,-0.042558539057291116,0.049380510873274365
2022-07-05,-0.0038108127134856,-0.0003050807098090266,-0.030374679959567046,0.029764518539948992,-0.04629256427550819,0.04568240285589014
2022-07-06,-0.0065031992835317,0.0022440708047777413,-0.02781378594733226,0.03230192755688774,-0.043725454160505,0.04821359577006048
2022-07-07,0.024978189264126,0.0010295319450880339,-0.029029997169982558,0.031089061060158622,-0.04494255067862996,0.047001614568806034
2022-07-08,-0.0031429294371468,-0.0020301853145187738,-0.032088042066628776,0.028027671437591228,-0.047999710279801516,0.043939339650763964
2022-07-11,-0.0132032482173713,0.0007707338018620368,-0.029287812728751632,0.030829280332475707,-0.045199846088607366,0.04674131369233144
2022-07-12,0.0009743129170272,0.000602628405593389,-0.02945522834651661,0.03066048515770339,-0.045366896559689354,0.046572153370876126
2022-07-13,-0.0094273128624983,0.0001572595066098944,-0.02990080317343342,0.030215322186653206,-0.04581258039826915,0.04612709941148894
2022-07-14,-0.0355640875992438,0.0021958727120858063,-0.027861984040024195,0.03225372946419581,-0.04377365225319693,0.04816539767736855
2022-07-15,0.044814142326226,0.004669520521760014,-0.025388380926984245,0.03472742197050427,-0.04130007280112591,0.050639113844645936
2022-07-18,-0.010323116196017,-0.00322334040707005,-0.03328119715918005,0.02683451634503995,-0.04919286537235279,0.04274618455821269
2022-07-19,0.0244764797814239,0.003337549398439479,-0.02672031969740695,0.03339541849428591,-0.04263199444495904,0.049307093241838
2022-07-20,-0.0001744343371437,-0.003767231474845491,-0.03382508822695549,0.026290625277264508,-0.04973675644012823,0.04220229349043725
2022-07-21,0.0067866295819512,-0.0001243616319743476,-0.030182221972075204,0.029933498708126508,-0.04609389208461556,0.04584516882066687
2022-07-22,-0.0048678547314959,-0.00167916365811046,-0.03173702041022046,0.02837869309399954,-0.0476486886233932,0.04429036130717228
2022-07-25,0.0040004807324472,0.00016906941588453053,-0.029888788261867034,0.030226927093636093,-0.04580045696504482,0.046138595796813876
2022-07-26,-0.0157455641302635,-0.0006103748524033492,-0.030627125435988646,0.029406375731181947,-0.04651703335798447,0.045296283653177775
2022-07-27,0.0159189690850944,0.0021125351673312682,-0.02797139365237083,0.032196463987033366,-0.04389686358442786,0.04812193391909039
2022-07-28,-0.0037382574411474,-0.0013433634333463455,-0.031360114016931645,0.02867338715023895,-0.04725002193892747,0.044563295072234776
2022-07-29,0.0047792109202031,0.0006535809324703997,-0.02942887071103997,0.03073603257598077,-0.045353558673256335,0.046660720538197135
2022-08-01,-0.0100190252230159,-0.0006326938430502172,-0.030649444426635513,0.02938405674053508,-0.04653935234863134,0.045273964662530905
2022-08-02,-0.0157078129788772,0.0016748052854609285,-0.02835509752851933,0.03170470809944119,-0.04425196782072118,0.047601578391643036
2022-08-03,0.0104406914673359,0.0021247210770650744,-0.02789202950652022,0.03214147166065037,-0.04378193742851605,0.048031379582646194
2022-08-04,-0.0110635840445099,1.9128818343238372e-05,-0.029999628732699846,0.03003788636938632,-0.0458905990790916,0.04592885671577808
2022-08-05,0.0298110273944283,0.00271926749119209,-0.027297483092393205,0.032736018074777384,-0.04318739101438903,0.04862592599677321
2022-08-08,-0.012255157942324,-0.0028401565675629046,-0.032857708403519606,0.027177395268393793,-0.04874804048289943,0.04306772734777362
2022-08-09,0.0089672001683155,0.001895021572189399,-0.028121729011395896,0.0319117721557747,-0.044011636933391725,0.04780168007777052
2022-08-10,0.0257531387987385,-0.001911420250851681,-0.03192841988232919,0.028105579380625828,-0.04781845964231542,0.04399561914061205
2022-08-11,0.0146734058503238,-0.002585893802349795,-0.03260264438593509,0.027430856781235503,-0.04849255230793092,0.043320764703231325
2022-08-12,0.0164283460976938,-0.0021308861829560624,-0.0321476946208801,0.027885922254967974,-0.048037633169112866,0.043775860803200735
2022-08-15,0.0026983434804354,-0.0035706884447043626,-0.03358743902828966,0.026446062138880934,-0.04947734695028548,0.04233597006087676
2022-08-16,0.009508834508565,-0.0019097022954828271,-0.03192646910092637,0.028107064509960717,-0.04781638561025523,0.04399698101928958
2022-08-17,-0.0084477910524375,-0.0024341105821083647,-0.032450861165693665,0.02758264000147693,-0.048340769087689486,0.04347254792347276
2022-08-18,-0.0077796042731319,0.00023689816476646315,-0.029779857237518175,0.030253653567051102,-0.045669767710379346,0.04614356403991227
2022-08-19,-0.0250562292373956,0.00042251357515906985,-0.029594237008426227,0.030439264158744365,-0.04548414493042205,0.046329172080740194
2022-08-22,-0.0166601576415423,0.0034233128706273545,-0.02659343901526797,0.03344006475652268,-0.042483347626665086,0.04932997336791979
2022-08-23,-0.0099058272819382,0.0024004449200139533,-0.027554083842602838,0.032354973682630746,-0.04341105352222711,0.04821194336225502
2022-08-24,0.0024210204933543,0.0014452180343834191,-0.028590810030224904,0.03148124609899174,-0.04449092283424388,0.04738135890301071
2022-08-25,0.0234702948890455,0.002207851123670456,-0.027746677638946334,0.03216237988628724,-0.04360364731857061,0.048019349565911515
2022-08-26,-0.0332766491533763,-0.002121351817992534,-0.032156882238226055,0.027914178602240984,-0.04805673160522604,0.04381402796924097
2022-08-29,-0.0024446167262589,0.005101497825249707,-0.024853030937367085,0.035056026587866496,-0.04071000061699136,0.05091299626749077
2022-08-30,0.0001748813796725,-8.165696856913331e-05,-0.030082990071870444,0.029919676134732176,-0.04596473647280424,0.04580142253566597
2022-08-31,-0.0059611418156526,0.0019244485513775136,-0.028030080211239275,0.031878977313994306,-0.04388704989086355,0.04773594699361858
2022-09-01,0.0068347994301191,0.002537482798001755,-0.027439836955917212,0.03251480255192072,-0.04330887145755592,0.048383837053559434
2022-09-02,-0.0070107997257618,0.0007563013001090709,-0.02919822746250772,0.03071083006272586,-0.04505519714213199,0.04656779974235013
2022-09-06,0.0002637692331009,0.0014966729272847504,-0.02847016528115496,0.03146351113572446,-0.04433365118778229,0.0473269970423518
2022-09-07,0.0188127813773445,0.0009513467430298291,-0.02900318201958696,0.03090587550564662,-0.04486015169921123,0.04676284518527089
2022-09-08,0.0230286100534919,-0.0013834065067641938,-0.03134473497455058,0.028577921961022188,-0.04720530420065943,0.044438491187131036
2022-09-09,0.0047944542331152,-0.00184744610476738,-0.03180197486738417,0.02810708265784941,-0.04765894454700844,0.043964052337473684
2022-09-12,0.0117625920614769,-0.0012724020201545102,-0.031230639293942496,0.02868583525363348,-0.047089572140794816,0.0445447681004858
2022-09-13,-0.0353668994133804,-0.0027412599446934014,-0.03269578870731019,0.027213268817923388,-0.048552758386934465,0.04307023849754766
2022-09-14,-0.0023225480439877,0.0024165585027901503,-0.02753998769237092,0.03237310469795122,-0.04339802533627328,0.04823114234185358
2022-09-15,0.0149583297633453,-0.0005750241397386386,-0.030529552902355428,0.029379504622878153,-0.0463865225819797,0.045236474302502425
2022-09-16,-0.0067249309641191,-0.0006369291808322468,-0.030592557392868983,0.02931869903120449,-0.0464501090858594,0.04517625072419491
2022-09-19,0.0091820844181175,0.0017368394272094345,-0.028217689335407355,0.03169136818982622,-0.04407465901503163,0.047548337869450494
2022-09-20,-0.0199160017522838,-0.0008668147770010252,-0.030821942949495716,0.029088313395493663,-0.04667922993754219,0.04494560038354014
2022-09-21,-0.0292591196108487,0.0026892667095966905,-0.027250781334081653,0.03262931475327503,-0.04310008538414568,0.048478618803339056
2022-09-22,-0.0114441278591884,0.0035808231497070986,-0.026426559070741585,0.033588205370155784,-0.04231150768086232,0.04947315398027652
2022-09-23,-0.0187888758661216,0.0032367854721080287,-0.026703262571570314,0.033176833515786375,-0.04255256662163434,0.04902613756585039
2022-09-26,-0.0217671129920414,0.0025694980676561037,-0.027436569222907433,0.03257556535821964,-0.04332082175119411,0.04845981788650632
2022-09-27,-0.0088412355668761,0.004917054151018026,-0.025022993892660318,0.03485710219469637,-0.04087229794272434,0.050706406244760395
2022-09-28,0.0200153703623299,0.002857348066338837,-0.02709581960195775,0.03281051573463543,-0.042952068761772225,0.048666764894449904
2022-09-29,-0.0170910982944999,0.0006138669359700968,-0.029326181107708245,0.03055391497964844,-0.04517548515777227,0.046403219029712464
2022-09-30,-0.0157603261989255,0.0031660426844970398,-0.026775978744826408,0.03310806411382049,-0.04262632744214857,0.048958412811142646
2022-10-03,0.0304410423627936,0.0019429085277170503,-0.027997139515961292,0.03188295657139539,-0.043846443566025316,0.04773226062145942
2022-10-04,0.0457222195477717,-0.002142047585538688,-0.03208289154197867,0.027798796370901296,-0.04793261692280804,0.043648521751730666
2022-10-05,-0.0124235858936669,-0.0037334325207557797,-0.03367348056443412,0.026206615522922562,-0.04952278461449815,0.042055919572986586
2022-10-06,-0.0205929767100087,-0.00037077526975972,-0.030311070859416263,0.029569520319896826,-0.04616050595240544,0.045418955412886
2022-10-07,-0.0201761483597402,-0.0005410615145905687,-0.03048110955826891,0.029398986529087776,-0.046330413608332933,0.0452482905791518
2022-10-10,-0.0093853551331771,0.002405063862434802,-0.027535041175161357,0.03234516890003096,-0.04338437539598299,0.0481945031208526
2022-10-11,-0.0292843958027988,0.0029363835114120567,-0.027003664532266287,0.0328764315550904,-0.04285296858233031,0.048725735605154426
2022-10-12,0.0160531150010619,0.005491661105755561,-0.024448402917740558,0.035431725129251676,-0.040297715427009134,0.05128103763852025
2022-10-13,0.0541028963592495,0.0003798031121224565,-0.029560244931555887,0.030319851155800798,-0.04540954898161991,0.04616915520586482
2022-10-14,0.0165037036366174,-0.003537477729530467,-0.033477530527764796,0.02640257506870386,-0.04932683709473872,0.042251881635677786
2022-10-17,0.0411421380520508,-0.002242926662738805,-0.03218297470641715,0.02769712138093954,-0.048032278756481174,0.04354642543100356
2022-10-18,0.0253953924044907,-0.00789271546574337,-0.03783276478983284,0.022047333858346105,-0.05368206951770557,0.037896638586218834
2022-10-19,-0.0198008455692334,-0.005506575407036717,-0.03546986452304871,0.02445671370897528,-0.05133147165363312,0.04031832083955969
2022-10-20,-0.0032666620471632,0.0024827980789082337,-0.027547848864106987,0.03251344502192346,-0.04344511307442515,0.04841070923224162
2022-10-21,0.0511940699125278,-0.002199007205078027,-0.03216229632109002,0.02776428191093397,-0.048023903451674434,0.04362588904151838
2022-10-24,0.0012264488042751,-0.005051120350948875,-0.035080611168801734,0.02497837046690398,-0.05097726336342801,0.040875022661530265
2022-10-25,0.0026115600585675,-0.0004530090954492169,-0.03041629821146121,0.02951028002056278,-0.04627790534204562,0.04537188715114719
2022-10-26,0.0114258299828044,-0.0029120295409144135,-0.03288903506528206,0.027064975983453234,-0.04875790322384433,0.0429338441420155
2022-10-27,0.0039402607885299,-0.0024863826110751584,-0.032449671727087154,0.027476906504936838,-0.048311278857671565,0.04333851363552125
2022-10-28,0.0118078686673193,-0.00037908057540194263,-0.030344530578326295,0.02958636942752241,-0.04620728161334405,0.04544912046254016
2022-10-31,-0.0015874096848795,-0.002085183286621271,-0.03204847240263327,0.027878105829390723,-0.04791007953321768,0.043739712959975134
2022-11-01,0.0178722993622529,-0.00018714663510740939,-0.03015129805028878,0.02977700478007396,-0.046013361654479966,0.045639068384265145
2022-11-02,-0.0092505178849477,-0.0025904411247938686,-0.032553730240805864,0.027372847991218127,-0.048415337371390275,0.04323445512180254
2022-11-03,0.0018098267930784,0.000798214385652792,-0.029165349049893548,0.030761777821199134,-0.0450271013964676,0.04662353016777319
2022-11-04,0.0269907870193048,-0.0009170185588002777,-0.030880307674812275,0.029046270557211717,-0.04674191480539668,0.04490787768779613
2022-11-07,0.0052662868460911,-0.0025660745924280266,-0.032529429663909475,0.027397280479053418,-0.048391071709210365,0.043258922524354315
2022-11-08,0.0006087891441399,-0.0006739790008062005,-0.030637268116818196,0.029289310115205795,-0.04649887524740261,0.045150917245790206
2022-11-09,-0.0130940340694334,-0.0015063381712614472,-0.03146964606719226,0.028456969724669372,-0.047331263139265174,0.04431858679674228
2022-11-10,0.0403346024469924,0.0006930918005825294,-0.029270197315429465,0.030656380916594526,-0.045131804446013876,0.04651798804717894
2022-11-11,0.0016275883821891,-0.004238118776524634,-0.03420141356400832,0.02572517601095905,-0.05006302369688849,0.04158678614383922
2022-11-14,-0.0103266277233359,0.000151983308948038,-0.029811305807063957,0.030115272424960034,-0.04567291293764837,0.04597687955554444
2022-11-15,-0.0072702539785583,-0.0007655726496404963,-0.030728863339210644,0.02919771803992965,-0.046590471302786415,0.04505932600350543
2022-11-16,0.0013531105956087,0.00030566848448197,-0.029634104592735036,0.030245441561698977,-0.04548326308434695,0.04609460005331089
2022-11-17,-0.004366435169385,0.0002822244269904743,-0.029720387073095537,0.030284835927076488,-0.045602810216408225,0.046167259070389176
2022-11-18,0.0097603341850052,0.001419299580697745,-0.02852047349651926,0.03135907265791475,-0.044369631988131174,0.047208231149526665
2022-11-21,-0.0059198153495071,-0.0005719990998437798,-0.030573190139055784,0.029429191939368226,-0.04645486133580345,0.04531086313611588
2022-11-22,0.0148458390828937,0.0012511469615865889,-0.028688626115630417,0.031190920038803596,-0.04453778460724233,0.04704007853041551
2022-11-23,0.0106073046989973,-0.0016096550488440967,-0.031561152062504094,0.0283418419648159,-0.047416516831176,0.04419720673348781
2022-11-25,0.0019035083222034,-0.0007845932997330993,-0.030724366376950106,0.029155179777483907,-0.04657352486856202,0.04500433826909582
2022-11-28,-0.0176331195426394,-0.0006566156742704012,-0.03059811084163165,0.029284879493090846,-0.04644818095269915,0.04513494960415834
2022-11-29,0.0163156130826125,0.0013365015386501736,-0.028603271538566833,0.03127627461586718,-0.04445243003017874,0.047125433107479096
2022-11-30,0.0117927841564915,-0.0015385974866133354,-0.03147905411737372,0.028401859144147053,-0.04732857446037371,0.04425137948714704
2022-12-01,-0.0141389759517447,-0.00024597286266434914,-0.030185745939881357,0.029693800214552656,-0.046034904431493266,0.04554295870616457
2022-12-02,-0.0079586590725405,0.0012227788052857952,-0.02871720047151602,0.031162758082087606,-0.04456646811859454,0.047012025729166136
2022-12-05,-0.0284415532399895,0.0005161233524148938,-0.029423649724802114,0.0304558964296319,-0.04527280821641402,0.046305054921243816
2022-12-06,0.001673388884828,0.004213085505008585,-0.025726733738616538,0.03415290474863371,-0.04157591666924866,0.05000208767926584
2022-12-07,-0.000684255427849,0.001480184042277779,-0.02845958903493923,0.03141995711949479,-0.04430874752655114,0.0472691156111067
2022-12-08,0.0104395695045135,0.0024965500311608085,-0.027443235714364612,0.032436335776686226,-0.04329240091217391,0.04828550097449553
2022-12-09,-0.0054330348669509,0.00011606254373407762,-0.029823710533482928,0.030055835620951085,-0.04567286902509484,0.045904994112563
2022-12-12,0.0153923436640305,0.0012132577574757316,-0.028726518993148716,0.031153034508100176,-0.044575679429345066,0.04700219494429653
2022-12-13,-0.0009691509664988,-0.0015379309134930027,-0.03147770399071001,0.028401842163724003,-0.04732686248232192,0.044251000655335916
2022-12-14,-0.0050093808335828,0.0004820332528352031,-0.02945774078709856,0.030421807292768967,-0.04530689978834194,0.046270966294012346
2022-12-15,-0.0251237852045182,0.0002044876266919151,-0.029684612169627998,0.030093587423011825,-0.045506945846697844,0.04591592110008168
2022-12-16,-0.00624546260104,0.003084727101976257,-0.02686779244052099,0.0330372466444735,-0.04272369850326223,0.04889315270721474
2022-12-19,0.005937924060193,0.0017856947228889785,-0.028103405073430933,0.03167479451920889,-0.043925738750500785,0.047497128196278736
2022-12-20,0.0048322119341238,-0.00014590557795789768,-0.030097017586108596,0.0298052064301928,-0.045952178545175096,0.0456603673892593
2022-12-21,0.0111852999472927,0.0009203853682132818,-0.02896871442810663,0.030809485164533194,-0.04479104810517648,0.04663181884160304
2022-12-22,-0.0114149036299925,-0.001168442140577374,-0.03106961643732279,0.02873273215616804,-0.04689834196881509,0.04456145768766034
2022-12-23,0.0047337708744615,0.0012957506020501606,-0.02859334919426975,0.031184850398370073,-0.0444156828713396,0.04700718407543992
2022-12-27,0.0034979892821658,-0.0006688141552062717,-0.030559721528559933,0.02922209321814739,-0.04638301207911108,0.04504538376869853
2022-12-28,0.005450496320856,0.00038582277467364,-0.029503277021646273,0.03027492257099355,-0.04532561069871612,0.0460972562480634
2022-12-29,0.0057212842888452,-0.0002581518833677913,-0.03014796689611824,0.02963166312938266,-0.045970679185896146,0.04545437541916056
2022-12-30,0.0065838493942588,-0.0005592628627323706,-0.03044836265905228,0.029329836933587542,-0.04627069633612213,0.04515217061065739
2023-01-03,0.0075774972676432,-0.0007501864492754605,-0.030639504384703097,0.029139131486152176,-0.046461953537641196,0.04496158063909028
2023-01-04,0.0092816891588075,-0.0010071029592697974,-0.03089620275558971,0.028881996837050113,-0.04671853643265956,0.04470433051411996
2023-01-05,-0.0002213546088072,-0.0013168199862656767,-0.031205969505163658,0.028572329532632303,-0.04702832950377637,0.044394689531245014
2023-01-06,0.018954713611007,-0.0004069242898665277,-0.030296024086186438,0.029482175506453386,-0.04611835776325629,0.04530450918352323
2023-01-09,-0.0041409547984621,-0.0024907209893503994,-0.032379834526369104,0.027398392547668307,-0.04820217547732551,0.04322073349862471
2023-01-10,0.0089139032693315,0.00021804589991031753,-0.029671053896409595,0.030107145696230228,-0.04549338757347944,0.04592947937330008
2023-01-11,0.0074043562920204,-0.0017531255554295985,-0.03164222936670677,0.028135978255847575,-0.047464565169166605,0.043958314058307406
2023-01-12,-0.0010034248522795,-0.0008562734381448833,-0.030745373234464794,0.02903282635817503,-0.04656770691153465,0.044855160035244875
2023-01-13,0.024921545937768,-0.00020249984196210515,-0.030091600704359428,0.029686601020435216,-0.045913934945776565,0.04550893526185235
2023-01-17,-0.0155740354529937,-0.003012659012520192,-0.032853198976757834,0.026827880951717453,-0.04864982663150704,0.04262450860646665
2023-01-18,-0.030503060442746,0.0020784155988047876,-0.02782491590567579,0.031981747103285364,-0.04365478339396267,0.04781161459157225
2023-01-19,-0.013416049065311,0.002427798413260253,-0.02741274155097739,0.032268338377497895,-0.04320936920572659,0.0480649660322471
2023-01-20,0.0024458772195219,0.0021532895425161575,-0.027748731674795697,0.03205531075982801,-0.04357790553895413,0.04788448462398645
2023-01-23,0.0160826680322615,0.0024559954881550666,-0.027384544476082576,0.03229653545239271,-0.04318117213083178,0.048093163107141915
2023-01-24,0.0085591771095493,-0.0005259987155210612,-0.030378287823086905,0.02932629039204478,-0.04618113509861509,0.045129137667572976
2023-01-25,0.0048278344779722,-0.00022494155278590563,-0.03006548151702355,0.029615598411451737,-0.045862109171772754,0.04541222606620094
2023-01-26,0.0061626966900341,-0.0012218707457088392,-0.031064131210546107,0.02862038971912843,-0.046861669643296806,0.04441792815187912
2023-01-27,0.0024259968662064,-0.0010592137659814352,-0.030899753730219078,0.02878132619825621,-0.04669638138496828,0.04457795385300541
2023-01-30,-0.0085167457858161,-0.000543037855999553,-0.03038426370344533,0.029298187991446227,-0.04618125444283263,0.045095178730833525
2023-01-31,0.005948073218602,0.0007274619741552263,-0.029113077990082416,0.03056800193839287,-0.04490970564483162,0.046364629593142075
2023-02-01,-0.0026473452332288,-0.00043127033499881226,-0.03027201786168278,0.029409477191685157,-0.0460687553933539,0.04520621472335628
2023-02-02,-0.0046672066562322,0.000997213477842297,-0.028843326486395347,0.03083775344207994,-0.04463995414114455,0.046634381096829144
2023-02-03,0.0153554190769168,0.0008282807924777447,-0.02901230564202018,0.030668867226975666,-0.044808957896639204,0.04646551948159469
2023-02-06,0.0058656871214669,-0.0010898007779896024,-0.030930340742227246,0.028750739186248042,-0.04672696839697645,0.04454736684099724
2023-02-07,0.0121164719149341,-7.451191277981899e-05,-0.029915064648758833,0.029766040823199193,-0.045711699064459516,0.04556267523889988
2023-02-08,-0.0070559269946231,-0.0017405825695266297,-0.03158112253376427,0.028099957394711016,-0.04737775018851348,0.043896585049460216
2023-02-09,-0.0156860305312557,0.0003258666715533428,-0.02951467700594969,0.030166410349056375,-0.04531130662638285,0.045963039969489534
2023-02-10,0.0044054714188933,0.001303083111829483,-0.02853745685240816,0.031143623076067127,-0.04433408450715737,0.04694025073081633
2023-02-13,0.0107896744446036,0.00023762363638625057,-0.0296029173024597,0.030078164575232203,-0.04539954547313538,0.045874792745907875
2023-02-14,0.0044093112260238,-0.00022266268246676034,-0.02998853698882089,0.029543211623887372,-0.045745639031848716,0.04530031366691519
2023-02-15,0.0041811501862414,-6.614316281353756e-06,-0.02984807444637203,0.02983484581380932,-0.045645189207499944,0.04563196057493724
2023-02-16,-0.0138649856595282,-0.0005186121958802165,-0.030284486502234347,0.029247262110473914,-0.04604158854526217,0.04500436415350174
2023-02-17,0.0029572340624241,0.0017865135054627463,-0.028053738059103918,0.03162676507002941,-0.04385021304428938,0.047423240055214866
2023-02-21,-0.0185194783294051,-0.00023460367329269444,-0.030000477979646827,0.029531270633061435,-0.045757580022674646,0.04528837267608926
2023-02-22,-0.0076926880947635,0.002925234485642157,-0.026882496255035096,0.03273296522631941,-0.04266175575596248,0.0485122247272468
2023-02-23,0.0079791625603749,0.001709348267475039,-0.028056526038879093,0.03147522257382917,-0.04381362808190691,0.047232324616856995
2023-02-24,0.0089803323501859,0.0005878481427545315,-0.02919842035354936,0.030374116639058424,-0.04496631842859747,0.04614201471410653
2023-02-27,0.0086902272881312,0.0006474062374473392,-0.02911846806890679,0.03041328054380147,-0.04487557011193462,0.04617038258682929
2023-02-28,0.0083359732637907,-0.00017911106537285814,-0.02995589935445555,0.02959767722370983,-0.0457187789109466,0.045360556780200886
2023-03-01,-0.0055963224545402,-0.0007022721212166429,-0.030468146427570772,0.02906360218513749,-0.0462252484705986,0.04482070422816531
2023-03-02,-0.0104365846918033,4.698029757038751e-05,-0.0297248353397456,0.029818795934886375,-0.04548508253340041,0.045579043128541184
2023-03-03,0.0181931589239701,0.0008035256746856817,-0.02896234863166845,0.030569399981039812,-0.04471945067469627,0.046326502024067635
2023-03-06,-0.0058645184110757,-0.0017954712272837629,-0.03156454537207232,0.027973602917504795,-0.04732334130724702,0.043732398852679495
2023-03-07,-0.029848548653718,0.0011436231820853068,-0.028622251124268826,0.030909497488439436,-0.044379353167296645,0.04666659953146726
2023-03-08,-0.0059331027654036,0.002967500674259438,-0.02680009406155547,0.03273509541007434,-0.042558106844926155,0.04849310819344503
2023-03-09,-0.0556568390016463,0.0013456679395052688,-0.02842020636684886,0.0311115422458594,-0.04417730840987669,0.04686864428888722
2023-03-10,0.0250778542904238,0.007861055052945817,-0.02190574556475996,0.03762785567065159,-0.037663337967396945,0.053385448073288586
2023-03-13,-0.018120553511079,0.000305305803460115,-0.029460568502894014,0.030071180109814247,-0.04521767054592184,0.04582828215284207
2023-03-14,0.0253521826503289,0.00597171197916585,-0.023794661197678292,0.03573808515600999,-0.03955202732679129,0.05149545128512299
2023-03-15,-0.0483966504876699,-0.0012283588334500576,-0.030985472429357307,0.02852875476245719,-0.04673793683241326,0.04428121916551314
2023-03-16,0.0192277058256772,0.005066509957953371,-0.024737805386411925,0.034870825302318664,-0.040515256885744894,0.05064827680165164
2023-03-17,-0.0385142067335637,-0.0013864180665318548,-0.031143531662439102,0.028370695529375396,-0.046895996065495056,0.04412315993243134
2023-03-20,0.0105160757180896,0.003987010602324767,-0.025816373805770232,0.03379039501041976,-0.04159333249720999,0.04956735370185952
2023-03-21,0.0264674006442314,0.00018868586338258793,-0.02956842773252466,0.029945799459289837,-0.04532089213558061,0.04569826386234579
2023-03-22,-0.0261529810641426,-0.0005625710969732395,-0.030333960489472206,0.029208818295525726,-0.046093982042750795,0.044968839848804315
2023-03-23,-0.002676917598087,0.0033179723683162132,-0.026439141227591036,0.03307508596422346,-0.042191605630646986,0.04882755036727941
2023-03-24,-0.0153329281395154,-0.0005852027728107862,-0.030345668784552665,0.02917526323893109,-0.04609990784935223,0.044929502303730655
2023-03-27,0.0282576903665213,0.002699318871763742,-0.027057794724143505,0.03245643246767099,-0.042810259127199456,0.04820889687072694
2023-03-28,0.0030305528274417,-0.001664881812712234,-0.031423173506173914,0.02809340988074945,-0.0471762615564035,0.043846497930979035
2023-03-29,0.0020152781871706,0.000753785493046408,-0.02900332810286084,0.030510899088953658,-0.04475579250591679,0.04626336349200961
2023-03-30,-0.0030245059561174,-0.0005811941962884057,-0.030338724183545454,0.029176335790968642,-0.04609140901086716,0.044929020618290356
2023-03-31,0.0120436480368745,1.394104283145188e-05,-0.0297431725530758,0.0297710546387387,-0.04549563695613175,0.04552351904179465
2023-04-03,-0.0011518161527668,-0.0011798661184130213,-0.030937113018140196,0.028577380781314155,-0.0466896479879758,0.04432991575114975
2023-04-04,-0.0134582426464009,0.0002944108020015673,-0.02946270279390568,0.030051524397908817,-0.045215167196961635,0.045803988800964764
2023-04-05,0.0014899916567552,0.0011143867490727756,-0.028642770014969225,0.030871543513114774,-0.04439525726985533,0.04662403076800089
2023-04-06,-0.0010976632284471,0.0001215227183955724,-0.029635590877511678,0.02987863631430282,-0.04538805528056763,0.04563110071735877
2023-04-10,0.0032895723427321,0.0010071988794348717,-0.028749929021403605,0.03076432678027335,-0.04450240099703272,0.046516798755902464
2023-04-11,0.0049139674510043,0.0003183734992736275,-0.029438740096633623,0.030075487095180875,-0.04519120449968957,0.045827951498236826
2023-04-12,-0.000155706724486,1.29900549861511e-05,-0.02974412825259769,0.029770108362569995,-0.045496595149864566,0.04552257525983687
2023-04-13,0.0038060884389309,0.0002713160882827552,-0.029467941651460286,0.0300105738280258,-0.045210953735234455,0.04575358591179997
2023-04-14,0.0727945047529559,-2.2217334112254188e-06,-0.02980599006643071,0.02980154659960826,-0.04558315199544884,0.04557870852862639
2023-04-17,0.0078978485218867,-0.007764048528297918,-0.037503306268040965,0.021975209211445124,-0.05324631835181513,0.03771822129521929
2023-04-18,0.0111653750285441,-0.0010561615001225615,-0.030858873858372732,0.02874655085812761,-0.04663547678811458,0.04452315378786946
2023-04-19,-0.001273503723483,-0.005564616310084659,-0.0353038740498277,0.024174641429658382,-0.05104688613360187,0.03991765351343255
2023-04-20,-0.0029077185056986,-5.7865944819535207e-05,-0.029809268386069877,0.029693536496430806,-0.0455587094864744,0.045442977596835334
2023-04-21,-0.0019193989166514,-0.0008184168927092973,-0.03055767463245234,0.028920840847033745,-0.04630068671622651,0.044663852930807914
2023-04-24,0.0013511619388113,0.00048152080859406463,-0.029259485421419498,0.03022252703860763,-0.045003423100031914,0.045966464717220046
2023-04-25,-0.0219837502261119,0.00012837550248736998,-0.02961088223725567,0.029867633242230414,-0.04535389432102984,0.04561064532600458
2023-04-26,-0.0178825559016554,0.003054436277043022,-0.026685533820276323,0.032794406374362366,-0.04242892300337253,0.048537795557458574
2023-04-27,0.0133687634909677,0.00265653617996144,-0.027082721559781604,0.032395793919704485,-0.04282573364355577,0.048138806003478654
2023-04-28,0.0086456754795148,0.0006199857452809932,-0.02911948987058466,0.030359461361146645,-0.044862617291011174,0.04610258878157316
2023-05-01,0.0211858894938601,0.0009887897150927644,-0.02875046802465028,0.030728047454835806,-0.044493480108424445,0.04647105953860998
2023-05-02,-0.016279008216199,-0.0021579747088979265,-0.03189728090143844,0.02758133148364258,-0.04764031863457422,0.04332436921677837
2023-05-03,-0.0213905631895991,0.0012962645170947768,-0.028442993222648268,0.031035522256837818,-0.044186005306422436,0.04677853434061199
2023-05-04,-0.0137728329479866,0.0015748418644302084,-0.028164429280222957,0.03131411300908338,-0.0439074484601279,0.04705713218898832
2023-05-05,0.0193466958040163,0.0026693022150928287,-0.027069955524650215,0.032408559954835874,-0.04281296760842438,0.04815157203861004
2023-05-08,0.0024101371068029,7.037013243811017e-05,-0.02966889154712095,0.029809631811997167,-0.04541190571650773,0.04555264598138395
2023-05-09,-0.0048266928239934,0.0013180991603572046,-0.02842115857938584,0.031057356900100246,-0.04416417066316001,0.046800368983874414
2023-05-10,0.0005129826658594,0.00032962312406937356,-0.029409635651959455,0.030068881900098203,-0.04515264828431018,0.04581189453244893
2023-05-11,-0.0031556256138069,7.559915078082411e-05,-0.029649935613164084,0.029801133914725733,-0.04538568319236635,0.04553688149392799
2023-05-12,-0.0144365202484327,0.000751629656494907,-0.029039300983138807,0.03054256029612862,-0.044809667047785724,0.04631292636077553
2023-05-15,0.0083910989989963,0.00214210583687096,-0.02758342892707395,0.03186764060081587,-0.04331917650627621,0.04760338818001813
2023-05-16,-0.0067516732615388,-0.00035645045878132545,-0.030146353533131172,0.02943345261556852,-0.04591617563757496,0.04520327472001231
2023-05-17,0.0302839247870231,0.002070748584297489,-0.02765478617964742,0.031796283348242395,-0.04339053375884968,0.04753203092744466
2023-05-18,0.0075553967135167,-0.0032023447668963105,-0.03294048850459952,0.026535798970806896,-0.04868291087131592,0.04227822133752329
2023-05-19,-0.0022966255826196,-0.000492063441236998,-0.030217598205181908,0.02923347132270791,-0.04595334578438417,0.04496921890191017
2023-05-22,-0.0082968212623208,-0.001096095642861378,-0.03082349583107782,0.028631304545355066,-0.04656023090623931,0.044368039620516546
2023-05-23,-0.0104875192071558,0.00015468652114736367,-0.029570848242797546,0.02988022128509227,-0.04530659582199981,0.04561596886429453
2023-05-24,-0.0091934828897106,0.0014059282425480757,-0.0283203641208691,0.031132220605965252,-0.044056512749006446,0.04686836923410259
2023-05-25,0.002435338114354,0.001979465690034337,-0.02774606907391057,0.03170500045397925,-0.043481816653112834,0.047440748033181504
2023-05-26,0.0093172959049083,0.0012037579146735211,-0.028522011768662474,0.030929527598009515,-0.04425788370667842,0.04666539953602547
2023-05-30,0.0037903040154788,0.000299119589785947,-0.029426415174158962,0.030024654353730855,-0.04516216275336122,0.04576040193293312
2023-05-31,-0.0128127247357167,0.00016984947657619563,-0.029555738836582385,0.029895437789734775,-0.045291514763026036,0.045631213716178426
2023-06-01,0.0136851648057805,0.0013261691486363917,-0.028399365615308515,0.031051703912581302,-0.04413511319451078,0.04678745149178356
2023-06-02,0.0207885228859803,-0.0012393539982213132,-0.030964903728532785,0.028486195732090158,-0.04670065923045093,0.04422195123400831
2023-06-05,-0.0098728418354641,-0.001375157415494369,-0.03110069217943928,0.02835037734845054,-0.04683643975864154,0.0440861249276528
2023-06-06,0.0017956779777084,0.0006453087933309566,-0.02908023041353369,0.030370848000195603,-0.04481598034467559,0.0461065979313375
2023-06-07,0.0096419567714968,-0.001184412514179394,-0.0309099472781243,0.028541122249765516,-0.046645694857326565,0.04427686982896777
2023-06-08,0.000284412926047,-0.0006598545447926873,-0.0303853904984006,0.029065681408815224,-0.04612113870737242,0.04480142961778705
2023-06-09,0.0019875912808225,0.00020371335940134056,-0.029472888580583913,0.029880315299386593,-0.0451827326874927,0.045590159406295384
2023-06-12,-7.078154937775039e-05,0.0002123089472139097,-0.029528687771363877,0.029953305665791696,-0.045272620414926336,0.04569723830935416
2023-06-13,0.0072078835368696,0.00011376320501671347,-0.02956283873496854,0.029790365145001968,-0.045272682841877326,0.045500209251910756
2023-06-14,-0.0037388026524122,-0.00034355090842312516,-0.03008343546144221,0.029396333644595957,-0.045826779360121285,0.04513967754327503
2023-06-15,0.0112448249689476,0.0006380776989397879,-0.029038524241045464,0.030314679638925042,-0.04474836834795425,0.04602452374583383
2023-06-16,0.0011870928000689,-0.0011217466027852905,-0.030810921207621265,0.028567428002050685,-0.04652742088126956,0.04428392767569897
2023-06-20,-0.0051085057622425,0.00015898340293040962,-0.029517618537054844,0.029835585342915662,-0.04522746264396363,0.045545429449824454
2023-06-21,-0.0014743321355317,0.00041401733109582044,-0.02926447267220909,0.03009250733440073,-0.04497531625946525,0.04580335092165689
2023-06-22,-0.0194403825160852,0.0003073874751953458,-0.02936921446478991,0.029983989415180597,-0.045079058571698694,0.04569383352208939
2023-06-23,-0.0052437782565572,0.002797464078146348,-0.026879893288403324,0.03247482144469602,-0.04259013729397925,0.04818506545027195
2023-06-26,0.0024457307131538,0.0015093735602941462,-0.028167228379691107,0.0311859755002794,-0.043877072486599895,0.04689581960718819
2023-06-27,7.170196648623785e-05,0.0015695596060077757,-0.02810727704576692,0.031246396257782475,-0.04381724540159172,0.04695636461360728
2023-06-28,-0.0043915830263762,0.0013202537206058564,-0.028356348219379397,0.03099685566059111,-0.04406619232628819,0.046706699767499894
2023-06-29,0.0343271742897299,0.0011578150256452491,-0.02851884107268842,0.03083447112397892,-0.044228713849295054,0.04654434390058555
2023-06-30,0.0139165791544728,-0.0031001156292175835,-0.032776717569202835,0.02657648631076767,-0.04848656167611162,0.04228633041767646
2023-07-03,0.0080122613931656,-0.0012457507070394475,-0.030922367762190102,0.028430866348111206,-0.046632219870584114,0.044140718456505225
2023-07-05,-0.0066838218169792,-0.0025866234044095338,-0.03226322534439479,0.02708997853557572,-0.04797306945130358,0.042799822642484504
2023-07-06,-0.0099358968100669,-0.0006933802808535578,-0.03036998670050873,0.028983226138801617,-0.04607983317881152,0.04469307261710441
2023-07-07,0.0078595875067916,0.0004901219836660105,-0.029186479956319244,0.030166723923651263,-0.04489632406322803,0.045876568030560054
2023-07-10,0.0055960489177861,-0.00037465444001880214,-0.030051257586095424,0.02930194870605782,-0.04576110233147042,0.045011793451432816
2023-07-11,0.0155178960304027,0.00027631412443176144,-0.02935001632073848,0.029902644569602,-0.04503324830580925,0.04558587655467278
2023-07-12,0.0049397543727927,-0.0012057155647033546,-0.030898149182696722,0.028486718053290016,-0.046616374073698015,0.0442049429442913
2023-07-13,0.0048481314602207,-0.0008178036377451631,-0.030444134082915405,0.028808526807425076,-0.046127366067986175,0.04449175879249585
2023-07-14,0.0060271354072006,-0.00012002253952607449,-0.029811422560085777,0.02957137748103363,-0.045529100297656735,0.04528905521860459
2023-07-17,0.0238179240365639,-0.0010816224851421478,-0.030707952930312386,0.028544707960028094,-0.04639118491538316,0.04422793994509887
2023-07-18,0.0018237834106812,-0.002461185190954667,-0.0321005803222437,0.027178209940334368,-0.04779072833438007,0.04286835795247074
2023-07-19,0.0038325179475071,-0.0007859276491371666,-0.030412258094307407,0.028840402796033074,-0.04609549007937818,0.04452363478110385
2023-07-20,0.0122421040756916,-0.0016110952568468035,-0.03123941255171731,0.0280172220380237,-0.04692369631148648,0.04370150579779288
2023-07-21,-0.0077144386577732,-0.0018516350034543827,-0.03147796544862462,0.027774695441715857,-0.047161197433695394,0.043457927426786634
2023-07-24,0.0194924981493925,0.0006268497957960804,-0.029000283793697134,0.030253983385289295,-0.044683940937690576,0.04593764052928274
2023-07-25,-0.0074962062505017,-0.002615413006200607,-0.03224174345137085,0.027010917438969634,-0.04792497543644162,0.04269414942404041
2023-07-26,0.0059759730400773,0.0010801999427389084,-0.02854638284390769,0.030706782729385505,-0.04422974841048699,0.046390148295964814
2023-07-27,-0.0110904496917572,-0.0012550785143398808,-0.03088140895951012,0.02837125193083036,-0.0465646409445809,0.04405448391590113
2023-07-28,0.005688136894449,0.0014927673081843805,-0.028133622074459873,0.031119156690828632,-0.04381688525914476,0.04680241987551352
2023-07-31,0.00666952161896,-0.000329383372982761,-0.029955713818153002,0.02929694707218748,-0.04563894580322377,0.044980179057258256
2023-08-01,-0.0049503073462308,0.00014815164402603862,-0.029478195434825664,0.029774498722877744,-0.04516143622523552,0.0454577395132876
2023-08-02,-0.0113892083901485,0.0007936291410608888,-0.02883270130410935,0.03041995958623113,-0.044515933289180125,0.0461031915713019
2023-08-03,0.0060947468012029,0.0012946950220559127,-0.028331640407784332,0.030921030451896155,-0.04401487503158001,0.046604265075691834
2023-08-04,-0.0021128895782327,0.00011025580481378443,-0.029516074640356455,0.029736586249984025,-0.04519930662542723,0.045419818235054796
2023-08-07,0.0047315446243333,0.001403604627553003,-0.028222727175459747,0.03102993643056575,-0.04390595987932892,0.04671316913443493
2023-08-08,-0.0056292787756222,-4.662025897442495e-05,-0.029623664755652025,0.029530424237703173,-0.04528080633559332,0.04518756581764447
2023-08-09,-0.0134986484497786,0.0010398825538451228,-0.02860218115962859,0.030681946267318832,-0.04429374183384104,0.046373506941531285
2023-08-10,-0.0014962775763337,0.0018395851906587643,-0.027737459306018834,0.03141662968733636,-0.04339460088596013,0.04707377126727766
2023-08-11,0.0057786823141715,0.000716339694278272,-0.0289247740166401,0.030357453405196647,-0.04461583178987773,0.04604851117843427
2023-08-14,0.0020698831562702,0.0008606687719956899,-0.028716375724681907,0.03043771326867329,-0.0443735173046232,0.046094854848614586
2023-08-15,-0.0257868755433367,0.0002597587721297157,-0.029329912816819504,0.029849430361078937,-0.04499373877563652,0.045513256319895945
2023-08-16,-0.0042523272229548,0.0031057597447856447,-0.026471284751891953,0.03268280424146324,-0.04212842633183325,0.04833994582140454
2023-08-17,-0.0104409776247976,0.001044026180825755,-0.02853489095719304,0.030622943318844548,-0.04419302385357945,0.046281076215230955
2023-08-18,0.0022848036710949,0.0032626551748923564,-0.02631438932178524,0.03283969967156995,-0.04197153090172654,0.04849684125151125
2023-08-21,0.0034177171152583,0.0013674057143285051,-0.028210399240467,0.03094521066912401,-0.04386794338261896,0.04660275481127597
2023-08-22,-0.020956669583889,0.0010904042032422096,-0.028486640293435388,0.03066744869991981,-0.04414378187337668,0.046324590279861105
2023-08-23,0.0067404836964942,0.0030658346723918934,-0.026511446668899798,0.03264311601368358,-0.04216871362680627,0.04830038297159006
2023-08-24,-0.0009504525831745,2.946667077505683e-05,-0.029547577825902543,0.029606511167452654,-0.045204719405843835,0.045263652747393954
2023-08-25,-0.001223151148775,0.0017670313457332446,-0.027810067390209664,0.03134413008167615,-0.04346723768268362,0.0470013003741501
2023-08-28,0.0034619354124689,0.0008401438756341301,-0.02873690062104347,0.030417188372311728,-0.044394042200984765,0.046074329952253024
2023-08-29,0.0080996630650358,0.00019428621415593615,-0.029382773465889023,0.02977134589420089,-0.045039923083419475,0.04542849551173135
2023-08-30,-0.0040414675412716,-0.0002606842065254008,-0.029837728703203,0.029316360290152197,-0.04549487028314429,0.044973501870093496
2023-08-31,-0.0124285239303479,0.0006676007032963975,-0.02890944831257987,0.030244649719172664,-0.044566592284840424,0.04590179369143322
2023-09-01,0.0033429307549215,0.0013402984399364481,-0.02823674605674115,0.030917342936614047,-0.04389388763668245,0.04657448451655534
2023-09-05,-0.0110953282602258,0.0003336913102174649,-0.029243354401289303,0.02991073702172423,-0.04490049662432231,0.04556787924475724
2023-09-06,-0.0016540252079374,0.0024353368246057615,-0.027090333424409717,0.03196100707362124,-0.04272027912041814,0.047590952769629664
2023-09-07,-0.0085908521527733,0.0006058892374166003,-0.028983841361103525,0.030195619835936723,-0.04464769855770044,0.04585947703253364
2023-09-08,0.0007650130814393,0.0021461535405829764,-0.027379516708432503,0.03167182378959846,-0.043009462404440923,0.04730176948560688
2023-09-11,0.0043705452305582,0.0004231323966568292,-0.029165619508164677,0.030011884301478334,-0.044828958615612945,0.04567522340892661
2023-09-12,0.0129300064272352,0.0006999986262504535,-0.028825671622765024,0.030225668875265933,-0.04445561731877345,0.04585561457127436
2023-09-13,0.0004782293781107,-0.0010303025353832472,-0.03056817535107848,0.02850757028031198,-0.046204580695689224,0.04414397562492273
2023-09-14,0.0192116692078109,7.308324482897441e-05,-0.029452587004186504,0.029598753493844453,-0.04508253270019493,0.045228699189852874
2023-09-15,-0.0029522616714391,-0.0025299586341586034,-0.03205740800847635,0.02699749074015914,-0.04768829551652923,0.042628378248212015
2023-09-18,0.0020809117869907,0.0001164728335411158,-0.02940919741547436,0.029642143082556596,-0.045039143111482785,0.04527208877856502
2023-09-19,-0.0012748453263145,-0.0010103570374598212,-0.03053675073173112,0.028516036656811482,-0.04616707939652459,0.044146365321604944
2023-09-20,-0.0042390889558845,0.00014594176258433375,-0.029379728486431146,0.02967161201159981,-0.04500967418243957,0.045301557707608235
2023-09-21,-0.0078526389923438,0.0007350822287970143,-0.028790810830702354,0.030260975288296382,-0.04442087447545621,0.045891038933050236
2023-09-22,-0.0096290957895004,0.0013057727280831356,-0.028219897520932343,0.030831442977098614,-0.04384984321694077,0.046461388673107035
2023-09-25,0.0049285525190377,0.0018818811440925575,-0.027643839281927866,0.031407601570112985,-0.04327381154003822,0.047037573828223336
2023-09-26,-0.0104330903874652,0.0006707479949636655,-0.028854922254051812,0.030196418243979145,-0.044484867950060236,0.04582636393998757
2023-09-27,0.0058476782486617,0.002400712850235459,-0.02712497134330682,0.03192639704377774,-0.04275492442110184,0.047556350121572756
2023-09-28,0.0123394949217286,6.18459830158601e-05,-0.029463824265999618,0.02958751623203134,-0.04509376996200804,0.045217461928039764
2023-09-29,-0.017566464671978,-0.00028677623912729775,-0.029812450605485586,0.029238898127230992,-0.04544239848108364,0.044868846002829046
2023-10-02,-0.0086569011096829,0.002178670927787851,-0.027346999321227628,0.03170434117680333,-0.04297694501723605,0.04733428687281176
2023-10-03,-0.0074003531839964,0.0008854685406653952,-0.028640202801155257,0.030411139882486046,-0.0442701490756598,0.04604108615699059
2023-10-04,0.0044750485352284,0.0021767897159321106,-0.027296191593644863,0.03164977102550909,-0.04289824544993353,0.04725182488179775
2023-10-05,0.0042071846843397,-4.647552885106432e-05,-0.02958342107326738,0.029490470015565252,-0.04521933555011415,0.04512638449241202
2023-10-06,0.0152783843448318,0.0007361099961056014,-0.02873687131347137,0.030209091305682577,-0.04433892516976004,0.04581114516197124
2023-10-09,-0.0022772450245707,-0.0012294201358499354,-0.03076542454617158,0.028306584274471712,-0.046400840816723014,0.04394200054502314
2023-10-10,0.0060602868300741,0.0002711488799556557,-0.029201832429621318,0.02974413018953263,-0.044803886285909984,0.045346184045821296
2023-10-11,0.0034271626001622,-0.0010561252269255886,-0.03054136750045841,0.028429117046607236,-0.046149911919,0.04403766146514883
2023-10-12,-0.0023292273096131,-0.0002904646360340282,-0.029763445945611002,0.029182516673542946,-0.04536549980189967,0.04478457052983161
2023-10-13,0.0149078464069871,0.00035705539973818646,-0.029117718732965835,0.029831829532442206,-0.04472072165248937,0.04543483245196575
2023-10-16,-0.0010138239731261,-0.0015747150439472553,-0.03104769635352423,0.027898266265629718,-0.04664975020981289,0.04350032012191839
2023-10-17,-0.0021668379747166,0.0003525088000210292,-0.029121200844340504,0.029826218444382564,-0.044723640257774366,0.045428657857816426
2023-10-18,-0.0110413668799487,-0.0002225357671905194,-0.029695517076767493,0.029250445542386455,-0.04529757093305616,0.04485249939867512
2023-10-19,-0.0042585236351909,0.0013576958004305024,-0.02811551060614751,0.030830902207008515,-0.04371768362159066,0.04643307522245167
2023-10-20,-0.0162367048548586,0.0011180516019350375,-0.028354929707641936,0.030591032911512012,-0.0439569835639306,0.04619308676780068
2023-10-23,-0.0137349809231173,0.0029743900286187787,-0.026498642186171477,0.03244742224340903,-0.04210072299005227,0.04804950304728983
2023-10-24,0.0012048495994899,0.002758835688087829,-0.026714145621489147,0.0322318169976648,-0.04231619947777781,0.04783387085395347
2023-10-25,-0.0054693037580393,0.00177727368745874,-0.027695721785726275,0.03125026916064375,-0.04329778313977613,0.046852330514693605
2023-10-26,0.00256062643696,0.002462696004111256,-0.027010285305465717,0.03193567731368823,-0.04261233916175439,0.04753773116997689
2023-10-27,-0.0366832251264905,0.0008123746826720998,-0.028660610817199932,0.030285360182544133,-0.04426266689169681,0.04588741625704101
2023-10-30,0.0126689877604347,0.0049928020209405,-0.024480179288636474,0.034465783330517474,-0.040082233144925136,0.050067837186806144
2023-10-31,0.0118637191069633,-0.00019259881962599402,-0.029665581245032557,0.029280383605780568,-0.045267635692005724,0.044882438052753736
2023-11-01,-0.0008634358976441,0.001316166385931046,-0.02811371970259046,0.03074605247445255,-0.043692960326895784,0.04632529309875787
2023-11-02,0.0176922294780914,0.0005113194152735495,-0.028981986234835475,0.03000462506538257,-0.04459479914709624,0.04561743797764334
2023-11-03,0.0111103614308495,-0.002163413995054361,-0.031593300083575866,0.027266472093467144,-0.04717254070788119,0.04284571271777247
2023-11-06,0.0075240559847042,-0.0008972059713762205,-0.030389584738457757,0.028595172795705316,-0.04600190698848245,0.04420749504573001
2023-11-07,-0.0004860768129318,-0.0016369197218648102,-0.031066805810386316,0.027792966366656693,-0.04664604643469164,0.04337220699096202
2023-11-08,0.0049180526177444,-0.00025604482645415856,-0.029697922582261938,0.02918583292935362,-0.04528351121177454,0.04477142155886622
2023-11-09,-0.0029754945849586,-0.0010163557401763903,-0.030446241828697894,0.028413530348345116,-0.04602548245300322,0.04399277097265044
2023-11-10,0.0147221952164189,0.0005421550770771652,-0.028889460158456438,0.02997377031261077,-0.04446961613789753,0.04555392629205186
2023-11-13,-0.0044488107515628,-0.001580964324474546,-0.03101085041299605,0.02784892176404696,-0.04659009103730138,0.04342816238835228
2023-11-14,0.0180823247298698,0.0007780367272879929,-0.02865255436882702,0.030208627823403007,-0.044232168201608524,0.0457882416561845
2023-11-15,0.0087194110745715,-0.0023585876752075263,-0.03178847376372903,0.027071298413313977,-0.04736771438803435,0.042650539037619305
2023-11-16,0.011355122279179,-0.0008842223943808625,-0.030314324856530576,0.028545880067768852,-0.04589368002211576,0.04412523523335403
2023-11-17,0.0090052325589134,-0.002041434589051545,-0.03147132067757305,0.02738845149946996,-0.047050561301878374,0.04296769212377528
2023-11-20,0.0030707292826701,-0.0017606908470143,-0.03119062525056816,0.027669243556539557,-0.04676989145130666,0.04324850975727806
2023-11-21,-0.0020895462511709,-0.0011388374780633807,-0.030568723566584886,0.028291048610458124,-0.046147964190890206,0.04387028923476345
2023-11-22,0.0023505634493167,-0.00041974235221923183,-0.02984964182567595,0.02901015712123749,-0.045428889535537975,0.04458940483109951
2023-11-24,0.0013686756775605,-0.00042191733180783095,-0.029851803420329337,0.029007968756713673,-0.04543104404463466,0.044587209381019
2023-11-27,-0.0022822725598605,0.00011989082473049515,-0.02930999920573233,0.029549780855193324,-0.04488924191677534,0.04512902356623633
2023-11-28,0.0022822725598605,0.0004524404685196171,-0.028977445620001888,0.029882326557041122,-0.04455668624430721,0.045461567181346446
2023-11-29,0.0050674184633129,4.0637110358669574e-05,-0.029389250018594396,0.029470524239311735,-0.04496849119367092,0.04504976541438826
2023-11-30,0.0113400610442527,-3.732867915150136e-05,-0.029415096045665435,0.02934043868736243,-0.04496674668512525,0.044892089326822246
2023-12-01,0.004857442117619,-0.0007504488405507069,-0.030190764516939885,0.028689866835838473,-0.045775526231558436,0.044274628550457024
2023-12-04,0.0073055562259822,-0.0005776970207187731,-0.029955464387232705,0.02880007034579516,-0.045507115026692524,0.04435172098525497
2023-12-05,-0.0001263970630495,-0.0003647290890749271,-0.029804217741001185,0.029074759562851334,-0.04538854165531459,0.044659083477164734
2023-12-06,-0.0105640635005183,-0.0002683762924068801,-0.029646143658920814,0.029109391074107052,-0.045197794298380625,0.04466104171356687
2023-12-07,0.0030661553271451,0.0011734555364443535,-0.028216143324120032,0.03056305439700874,-0.0437740571781979,0.0461209682510866
2023-12-08,0.0109732763266776,-1.0166974240647883e-05,-0.029387934340754582,0.029367600392273284,-0.04493958498021439,0.0449192510317331
2023-12-11,0.0036522149328351,-9.575333963799374e-05,-0.029475208729439515,0.029283702050163524,-0.04502775295445035,0.04483624627517436
2023-12-12,0.0088856260565208,-4.5451626451426766e-05,-0.02942321899296536,0.029332315740062505,-0.044974869632425175,0.04488396637952232
2023-12-13,0.0033584648186519,-0.0011925639209340612,-0.030571019225151687,0.028185891383283562,-0.04612303403683385,0.04373790619496573
2023-12-14,0.0180287168801193,-0.0005116663496780164,-0.02988943371619195,0.028866101016835916,-0.045441084355651765,0.04441775165629573
2023-12-15,0.007532894399659,-0.002269898274592655,-0.03164787679512999,0.02710808024594468,-0.04719963921277778,0.042659842663592476
2023-12-18,0.0060336208559783,-0.0011380220274117333,-0.030515789393925664,0.0282397453391022,-0.04606744003338548,0.04379139597856201
2023-12-19,0.0132668675084338,-0.0016108683186852912,-0.030988682598250494,0.02776694596087991,-0.04654035807197952,0.04331862143460895
2023-12-20,-0.0113433603719006,-0.00210549811385635,-0.03148326548037028,0.027272269252657584,-0.0470349161198301,0.042823919892117396
2023-12-21,0.0056877640777854,0.0007286005943875752,-0.028649179718937448,0.0301063809077126,-0.044200837212025064,0.04565803840080022
2023-12-22,-0.0005973923933475,-0.0011503442833327808,-0.030528111649846715,0.02822742308318115,-0.046079762289306526,0.04377907372264097
2023-12-26,0.0058967318468747,0.0006320900907669859,-0.028745681082736948,0.03000986126427092,-0.04429733373749554,0.04556151391902951
2023-12-27,0.0059798579554923,-0.0003956014970570094,-0.029773368863570942,0.028982165869456924,-0.04532501950303076,0.04453381650891674
2023-12-28,0.0052989690488169,-0.00038864319503691206,-0.02976641156335789,0.02898912517328407,-0.04531806273314233,0.04454077634306851
2023-12-29,-0.0011751035358469,-0.000556777035615956,-0.029901529693392628,0.028787975622160716,-0.04543570340174873,0.04432214933051682
2024-01-02,0.0115730420270958,0.0004974606629574872,-0.02890900624273154,0.029903927568646512,-0.04447584950051379,0.04547077082642876
2024-01-03,-0.0043678332062006,-0.0012197650146577577,-0.03056451767243443,0.028124987643118913,-0.046098691380790535,0.04365916135147502
2024-01-04,0.0066140309373979,0.0007114007158680487,-0.028694300299765305,0.030117101731501405,-0.04426073811984273,0.04568353955157882
2024-01-05,0.0050048316516784,-0.0009184520805925781,-0.03026320473836925,0.028426300577184094,-0.04579737844672536,0.043960474285540195
2024-01-08,-0.0014522649637963,0.00011694875890213224,-0.029241810387270775,0.029475707905075036,-0.04478339868270242,0.045017296200506686
2024-01-09,-0.0079375503986316,7.313817526341022e-05,-0.02927161448251326,0.029417890833040083,-0.04480578819086937,0.044952064541396185
2024-01-10,0.0021072143361567,0.0007113261644870258,-0.028635990300234334,0.030058642629208387,-0.04417152120600484,0.045594173534978896
2024-01-11,-0.0042189719296711,0.00018397786987337184,-0.0291607747879033,0.029528730527650045,-0.04469494849625941,0.045062904236006146
2024-01-12,-0.0073670628024353,0.0012608268402046262,-0.028084916457287404,0.03060657013769666,-0.04361961457863142,0.04614126825904068
2024-01-16,-0.0062899804122237,0.0012418261027062436,-0.028102926555070427,0.030586578760482916,-0.043637100263426536,0.04612075246883902
2024-01-17,-0.005372000504399,0.001414935386942071,-0.027930147426022824,0.030760018199906966,-0.0434644959079783,0.04629436668186244
2024-01-18,0.0019730636964496,0.0016131050991427993,-0.027731647558633873,0.03095785775691947,-0.043265821266989975,0.04649203146527558
2024-01-19,0.0171146196807569,0.0009772129527220244,-0.028367629150215783,0.03032205505565983,-0.043901850207980035,0.045856276113424084
2024-01-22,-0.0011748514668459,-0.0005833495683693864,-0.02992810222614606,0.028761403089407285,-0.04546227593450216,0.04429557679776339
2024-01-23,-0.0066058350102277,0.0004900281532600834,-0.02885475128797562,0.02983480759449579,-0.0443889391746385,0.045368995481158664
2024-01-24,0.0088956818202798,0.00014530525882461824,-0.029199447398952052,0.02949005791660129,-0.04473362110730816,0.045024231624957396
2024-01-25,0.0142096139171819,-0.0006799504448057761,-0.030024711496531478,0.028664810606919923,-0.04555888964837579,0.04419898875876424
2024-01-26,-0.003823706869535,-0.0007531607411387215,-0.030097913398915394,0.02859159191663795,-0.0456320871072715,0.044125765624994054
2024-01-29,0.0026084568687248,0.00017199809942818484,-0.02917275707031834,0.029516753269174707,-0.044706932108430956,0.04505092830728733
2024-01-30,0.0202872097529398,-0.0007402538946587341,-0.030010351687293428,0.028529843897975957,-0.04550500549726041,0.04402449770794294
2024-01-31,-0.010894750469923,-0.0013911162090715873,-0.030715865888703932,0.027933633470560756,-0.046239450660059876,0.04345721824191671
2024-02-01,-0.0036196755167505,0.0011241893622793027,-0.02814590843035539,0.030394287154913994,-0.043640562240322374,0.04588894096488098
2024-02-02,0.0057395587612269,0.0007688087112470424,-0.028555932582613696,0.030093550005107782,-0.04407951291481031,0.0456171303373044
2024-02-05,-0.0013172465353729,-0.00019432282595374846,-0.029464420618588442,0.029075774966680942,-0.04495907442855542,0.04457042877664793
2024-02-06,0.0034324634534615,0.0007499197069600912,-0.028538194316467282,0.030038033730387468,-0.04404238534291611,0.04554222475683629
2024-02-07,0.0018829811292175,-6.232572435825926e-05,-0.029332423516992952,0.029207772068276433,-0.04482707732695993,0.04470242587824342
2024-02-08,-0.0035976490118104,0.00019295087059637657,-0.029081476860834038,0.029467378602026792,-0.044578422801942276,0.04496432454313503
2024-02-09,0.0012005943582132,0.0006159765751931771,-0.028654121217441514,0.02988607436782787,-0.0441487750274085,0.04538072817779485
2024-02-12,0.0044470319167644,0.00020694151696415658,-0.02906482228598182,0.029478705319910134,-0.044560358028534065,0.044974241062462374
2024-02-13,-0.0087417129409079,0.00014977325156441455,-0.02912032454107028,0.029419871044199106,-0.04461497835103726,0.04491452485416609
2024-02-14,0.0101061239779517,0.0012799876592996797,-0.027990755778085397,0.03055073109668476,-0.04348575137173764,0.046045726690337
2024-02-15,0.0215798052056577,-0.0006568005982449245,-0.029926898390879617,0.028613297194389768,-0.0454215522008466,0.04410795100435675
2024-02-16,-0.0046809312971472,-0.0012230113207724789,-0.030493330915612765,0.02804730827406781,-0.04598810214057489,0.043542079499029926
2024-02-20,0.0039022665641088,0.0005014853970951603,-0.02876861239553953,0.029771583189729854,-0.04426326620550652,0.045266236999696834
2024-02-21,0.0064887352264288,-0.0012255373966753576,-0.030495712442905665,0.02804463764955495,-0.04599040714845585,0.04353933235510513
2024-02-22,0.0119242704919075,-0.0006605991748577816,-0.029930696967492475,0.02860949861777691,-0.045425350777459454,0.044104152427743896
2024-02-23,0.0050126201262108,-0.0010651616496235813,-0.030335287160632707,0.028204963861385542,-0.045829955643820766,0.04369963234457361
2024-02-26,-0.0034298104251858,-0.0006590689710724557,-0.02992916676370715,0.028611028821562235,-0.04542382057367413,0.04410568263152922
2024-02-27,0.0004906689200981,-0.0002116952451055948,-0.029481802905696262,0.029058412415485076,-0.044976461939443595,0.04455307144923241
2024-02-28,0.0050568599505273,-0.00020295262905873832,-0.029415910549786387,0.02901000529166891,-0.04488031633871094,0.04447441108059347
2024-02-29,0.009070179325335,-5.397535439045464e-05,-0.02932782148714777,0.02921987077836686,-0.04482445954851608,0.04471650883973517
2024-03-01,-0.0041470670579074,-0.000611076934035659,-0.029824034854763308,0.028601880986691988,-0.04528844064368786,0.044066286775616546
2024-03-04,0.0074738662955265,0.0008507840782152789,-0.028422222332164446,0.030123790488595002,-0.04391841587135761,0.04561998402778818
2024-03-05,0.0099673010434959,-0.0009327325468572755,-0.030145690467584925,0.02828022537387037,-0.045610096256509476,0.04374463116279493
2024-03-06,0.0051841594874606,-0.0004137816783269725,-0.029638130593492178,0.028810567236838232,-0.04510856641062544,0.04428100305397149
2024-03-07,-0.0087972254147828,-0.0006365113190281882,-0.029849469239755837,0.02857644660169946,-0.04531387502868039,0.04404085239062402
2024-03-08,0.0018613090410604,0.0006013883786693966,-0.02861317651534132,0.02981595327268011,-0.04407843298453621,0.045281209741875
2024-03-11,0.0003719310234359,-0.00020808226997075328,-0.0294210401906984,0.029004875650756896,-0.044885445979622955,0.04446928143968145
2024-03-12,0.0081981876407805,0.0007715298731505659,-0.028442079635544428,0.02998513938184556,-0.043906830354303254,0.045449890100604386
2024-03-13,0.0080793426914019,-0.0003695127878658806,-0.029582470708593527,0.02884344513286177,-0.04504687649751808,0.044307850921786324
2024-03-14,-0.0179784931520921,-0.0004890347147748714,-0.029702190930436592,0.02872412150088685,-0.04516670169035843,0.044188632260808686
2024-03-15,0.0123193440967972,0.0018411904059067504,-0.0273717675148209,0.031054148326634397,-0.04283617330374545,0.046518554115558955
2024-03-18,0.0123251895426325,-0.0012354604479382562,-0.030448461969340576,0.027977541073464063,-0.0459128908390681,0.043441969943191584
2024-03-19,0.0058481308884011,-0.00018162411170918533,-0.029394582032436833,0.029031333809018463,-0.044858987821361385,0.04449573959794302
2024-03-20,0.0130217148027481,-0.0006698189053703431,-0.029882788765312487,0.0285431509545718,-0.04534720087447542,0.04400756306373473
2024-03-21,0.0138094329062972,-0.001963878731883204,-0.031176836652610854,0.027249079188844443,-0.046641242441535405,0.042713484977769
2024-03-22,-0.0123334461170221,-0.0018835187675948209,-0.031096480171423867,0.027329442636234224,-0.046560887804190924,0.04279385026900128
2024-03-25,-0.0091966210254017,0.0005686303188523027,-0.028644327601875345,0.02978158823957995,-0.044108733390799904,0.0452459940285045
2024-03-26,0.0046598250946875,0.0003623463249405206,-0.02885061250395087,0.029575305153831912,-0.04431501877362827,0.04503971142350931
2024-03-27,0.0191784671989658,0.0003544149310474554,-0.028815321903554618,0.02952415176564953,-0.04425684783155246,0.04496567769364738
2024-03-28,0.0039017214668334,-0.001519499674475952,-0.030749696473850882,0.02771069712489898,-0.04622322797388867,0.04318422862493676
2024-04-01,-0.0068129556464936,-0.00023071779676498398,-0.02940045463136706,0.028939019037837087,-0.044841980559364905,0.044380544965834934
2024-04-02,-0.0004021547283235,0.001184201704873581,-0.028045156879786662,0.030413560289533827,-0.04351824465575785,0.045886648065505006
2024-04-03,-0.002820102545648,-4.618483625840362e-05,-0.029215921670860477,0.02912355199834367,-0.04465744759885832,0.04456507792634152
2024-04-04,-0.0076375695113999,0.0012188794988752297,-0.02796214151775035,0.030399900515500806,-0.043409640930880414,0.04584739992863088
2024-04-05,0.0091581725428803,0.0014685249896700503,-0.027701211844932024,0.030638261824272123,-0.043142737772929866,0.04607978775226997
2024-04-08,0.0052029755190164,-0.00016142498959399108,-0.029332750623405127,0.029009900644217147,-0.04477511761089968,0.0444522676317117
2024-04-09,-0.0067236588713981,0.0003930096166154075,-0.028776727217986665,0.02956274645121748,-0.044218253145984515,0.045004272379215324
2024-04-10,-0.0085579201616021,0.0008631119148832401,-0.02830726827695005,0.030033492106716533,-0.04374913477769366,0.04547535860746014
2024-04-11,-0.0002046553177342,0.0010893458166029546,-0.02808039101799912,0.030259082651205027,-0.04352191694599696,0.04570060857920288
2024-04-12,-0.066864274861977,0.0009227244241665948,-0.028247207836940767,0.030092656685273955,-0.043688837217481416,0.04553428606581461
2024-04-15,0.0005470112373296,0.008389401281231945,-0.020780335553370128,0.037559138115834015,-0.036221861481367974,0.053000664043831865
2024-04-16,-0.0114935271037124,0.0017072354887941413,-0.027462544236604547,0.03087701521419283,-0.042904092869618625,0.0463185638472069
2024-04-17,-0.003990239453408,0.005937697611241379,-0.023232039223360694,0.03510743444584345,-0.038673565151358544,0.050548960373841295
2024-04-18,0.0064760341532893,0.0029815319332125566,-0.02618821662683847,0.03215128049326358,-0.04162974876191405,0.047592812628339164
2024-04-19,0.0247935888128028,0.0012150853294290568,-0.027954651505173015,0.03038482216403113,-0.04339617743317086,0.04582634809202898
2024-04-22,0.0192433034438654,-0.0012562583341139322,-0.030425998583433114,0.027913481915205252,-0.04586752631907301,0.04335500965084514
2024-04-23,0.0143102095603679,-0.0018408171916213685,-0.031010554026223443,0.027328919642980704,-0.046452079954221286,0.04277044557097855
2024-04-24,0.0048801589369991,-0.00275035839769835,-0.03192009612103644,0.026419379325639737,-0.04736162251950271,0.041860905724106015
2024-04-25,0.0015008779108,-0.0019663777397037644,-0.031112574345691934,0.027179818866284403,-0.04654163882940066,0.04260888334999314
2024-04-26,0.0006205413628247,0.0003249761904883964,-0.028881704773136965,0.02953165715411376,-0.04434278774168801,0.0449927401226648
2024-04-29,-0.0010859544314601,-0.0005576009391610405,-0.029703797545149208,0.02858859566682713,-0.04513286202885794,0.04401766015053586
2024-04-30,-0.0079995201632812,0.0005939284486043027,-0.02861209264306344,0.02979994954027205,-0.04407282629650067,0.04526068319370927
2024-05-01,0.0006255672425604,0.0010897859778971207,-0.02805641062809105,0.03023598258388529,-0.04348547511179978,0.04566504706759402
2024-05-02,-0.0010430499091335,0.0006104454657098226,-0.028547529867665268,0.029768420799084913,-0.043982829633007675,0.04520372056442733
2024-05-03,-0.0060183058938395,0.001071315471551935,-0.028074881134436232,0.030217512077540105,-0.04350394561814497,0.04564657656124883
2024-05-06,0.0077907037388746,0.0013536774812529613,-0.027794218543166226,0.03050157350567215,-0.04322418264465053,0.045931537607156445
2024-05-07,-0.0013028040350439,-0.00011115376835043683,-0.029257350374338607,0.02903504283763773,-0.044686414858047335,0.044464107321346466
2024-05-08,0.0201347657409794,0.0009490002190613142,-0.028197878452049917,0.030095878890172543,-0.0436273039992246,0.04552530443734723
2024-05-09,0.0094114084589882,-0.001875738553554566,-0.031021935159542734,0.027270458052433603,-0.046450999643251466,0.042699522536142336
2024-05-10,0.0064097332491086,-0.000822903490717332,-0.029969312039912273,0.02832350505847761,-0.045398488719577426,0.04375268173814276
2024-05-13,-0.0002013369272707,-0.0014898559448508488,-0.030636052550839017,0.02765634066113732,-0.04606511703454775,0.04308540514484605
2024-05-14,0.0138918471835198,-0.0006706138713035356,-0.029816858460181516,0.028475630717574443,-0.04524594834449778,0.043904720601890705
2024-05-15,0.0029732436449692,-0.0017853088037709354,-0.030931505409759103,0.027360887802217234,-0.04636056989346784,0.04278995228592596
2024-05-16,0.0017796182800394,-0.0003526122840319367,-0.029498822118294365,0.028793597550230494,-0.0449278936046285,0.04422266903656462
2024-05-17,0.0113932241025731,-0.0007208551042596559,-0.029867051710247824,0.028425341501728513,-0.045296116193956557,0.043854405985437245
2024-05-20,-0.0460155422240522,-0.001371518126971191,-0.030517718634427343,0.027774682380484958,-0.04594678518344847,0.04320374892950608
2024-05-21,0.0199450786233518,0.00492844215922816,-0.02421775444676001,0.034074638765216325,-0.039646818930468744,0.04950370324892506
2024-05-22,-0.0060831997754696,-0.0018420235893667801,-0.030988221234575775,0.027304174055842217,-0.046417286268414785,0.04273323908968122
2024-05-23,-0.0070338472273347,0.003299408539295833,-0.025809953584184843,0.03240877066277651,-0.041219519070699706,0.047818336149291374
2024-05-24,0.0190635874424433,0.0012271460030259989,-0.027942103669981906,0.030396395676033902,-0.043383371710209624,0.04583766371626163
2024-05-28,-0.0060469444806642,-0.0012624869569685488,-0.030371849080449227,0.027846875166512127,-0.045781414566964086,0.043256440653026994
2024-05-29,-0.006991823703578,0.0010059306352665357,-0.02816268790346889,0.03017454917400196,-0.04360362184139436,0.04561548311192743
2024-05-30,0.0061395312191999,0.0004934020733922441,-0.028615960050088433,0.02960276419687292,-0.0440255255366033,0.04501232968338778
2024-05-31,0.0164198620379724,0.00030773018137404603,-0.02881331906938269,0.029428779432130785,-0.044229071347361607,0.0448445317101097
2024-06-03,-0.0040054716829197,-0.0008209533836277694,-0.029930315507108445,0.02828840873985291,-0.04533988099362331,0.04369797422636777
2024-06-04,-0.0132677279026093,0.0005696413999444604,-0.02854139541916547,0.029680678219054388,-0.043951847435995194,0.04509113023588412
2024-06-05,-0.0095858371462324,0.0009164747016497691,-0.028192887421830907,0.030025836825130447,-0.043602452908345773,0.045435402311645307
2024-06-06,-0.001775999174831,0.0014923150131343397,-0.027617717166056727,0.030602347192325404,-0.04302763735863849,0.04601226738490717
2024-06-07,0.0153206775004945,0.001617436845651241,-0.027491925277829437,0.030726798969131917,-0.0429014907643443,0.04613636445564678
2024-06-10,-0.0017019466075431,-0.00019506320070548786,-0.029304633521215585,0.028914507119804606,-0.04471430922058036,0.04432418281916938
2024-06-11,-0.0266533136644761,0.0009745790372899781,-0.028134783086190697,0.030083941160770657,-0.04354434857270556,0.04549350664728552
2024-06-12,-0.0146676520199872,0.0027343253434081085,-0.0263750837693833,0.031843734456199514,-0.04178467413053669,0.047253324817352914
2024-06-13,0.0110595975619507,0.002281254843753059,-0.026828107279727616,0.031390616967233734,-0.04223767276624248,0.0468001824537486
2024-06-14,0.0006193671821986,0.0011410033988242215,-0.027968371630473575,0.03025037842812202,-0.04337794394891534,0.045659950746563774
2024-06-17,0.0061734761387851,0.0019015428655475251,-0.02720781925793315,0.031010904989028202,-0.04261738474444801,0.04642047047554307
2024-06-18,0.0103067899395236,-0.00018104636851554574,-0.02929041229122355,0.02892831955419246,-0.044699979788927875,0.04433788705189678
2024-06-20,0.0084415226012534,-0.0006997485900566789,-0.029809110713537354,0.028409613533424,-0.04521867620005222,0.04381917901993886
2024-06-21,-0.0120011394511448,-0.0008159800988399341,-0.02992534323199855,0.02829338303431868,-0.045334909253004624,0.04370294905532475
2024-06-24,0.0130576470043999,0.0009369536332258391,-0.028129714815518403,0.030003622081970084,-0.04351667963583109,0.045390586902282766
2024-06-25,-0.0040812314160843,-0.0008747643316871286,-0.030001690554254383,0.028252161890880124,-0.04542055391318356,0.0436710252498093
2024-06-26,-0.0032364829214007,0.001163006584895494,-0.02790366186384875,0.030229675033639738,-0.043290626684161435,0.04561663985395242
2024-06-27,0.0087746146871695,0.000859569644934651,-0.028266633056428923,0.029985772346298227,-0.0436851134063687,0.045404252696238004
2024-06-28,0.0153953401777009,-0.00045182078400110294,-0.029518489232745346,0.02861484766474314,-0.044905454053058035,0.04400181248505582
2024-07-01,0.0156487662756244,-0.001033974377765298,-0.03011241873333464,0.028044469977804045,-0.045505617342165766,0.04343766858663517
2024-07-02,0.0163178550712338,-0.001819800998788404,-0.030886469447532646,0.02724686744995584,-0.04627343426784533,0.042633832270268526
2024-07-03,-0.0006707004010895,-0.002577415382250457,-0.03164579672856898,0.026490965964068063,-0.04703366830208466,0.04187883753758374
2024-07-05,-0.0133390048933433,-0.0010515269678441138,-0.030118195416588358,0.02801514148090013,-0.04550516023690104,0.043402106301212814
2024-07-08,0.0018537598982343,0.00043959627776200323,-0.028627755906067823,0.029506948461591832,-0.04401508267387122,0.04489427522939522
2024-07-09,0.011918801583367,-0.00014183452091146286,-0.029208502969655707,0.02892483392783278,-0.04459546778996839,0.04431179874814547
2024-07-10,0.0008184277161052,-0.00017549487996387157,-0.02924237576079522,0.028891386000867478,-0.04462945303586194,0.044278463275934196
2024-07-11,-0.0016858048577611,0.00036084190995895913,-0.028705826538785284,0.029427510358703203,-0.04409279135909797,0.044814475179015885
2024-07-12,-0.0121729961111155,8.612419666751889e-06,-0.02905810436361544,0.029075329202948943,-0.044445094770686935,0.04446231961002044
2024-07-15,0.0246283762207812,0.0015126587377504816,-0.02755400971099376,0.030579327186494726,-0.04294097453130645,0.04596629200680741
2024-07-16,0.0168531079756782,-0.0019199166271100254,-0.030986598405085816,0.027146765150865768,-0.04637357028146746,0.042533737027247415
2024-07-17,0.015099333504554,-0.0009061407325733205,-0.029972809181317565,0.028160527716170922,-0.04535977400163025,0.04354749253648361
2024-07-18,-0.0322858254066266,-0.0024949072772410337,-0.03156157965461921,0.026571765100137142,-0.046948546554625076,0.04195873200014301
2024-07-19,-0.0009528488396713,0.0021948189284935137,-0.02687184952025073,0.03126148737723776,-0.042258814340563416,0.04664845219755044
2024-07-22,0.0023805342431964,-0.00043580474550118463,-0.029502474242876286,0.02863086475187392,-0.04488943961830062,0.04401783012729825
2024-07-23,0.0002378243991036,0.0015994098908851105,-0.02742882799459128,0.030627647776361504,-0.04279544890359297,0.045994268685363195
2024-07-24,-0.0083071836157116,0.00047689499249645997,-0.02861205302615578,0.029565843011148698,-0.044010811938350394,0.04496460192334331
2024-07-25,0.0003834533005399,0.0014395137015429252,-0.027588724183933468,0.030467751587019316,-0.04295534509293516,0.04583437249602101
2024-07-26,0.0169636980864921,0.000525512940566021,-0.02856266598508478,0.029613691866216818,-0.04396101776403749,0.04501204364516953
2024-07-29,-0.0065706432092059,-0.000710831085271554,-0.029739068970747948,0.028317406800204836,-0.04510568987974964,0.04368402770920653
2024-07-30,0.0203743409556871,0.000977882974375112,-0.028062166350581258,0.03001793229933148,-0.04343503985795267,0.0453908058067029
2024-07-31,-0.0111687287985097,-0.002486060943144612,-0.031514298828621,0.02654217694233178,-0.04688091973762269,0.041908797851333474
2024-08-01,-0.0230068886119846,0.001411118606466053,-0.02761884565463165,0.030441082867563758,-0.04298638045168346,0.04580861766461557
2024-08-02,-0.0433378153011178,0.0019967457105410655,-0.027031492174935327,0.031024983596017457,-0.04239811308393702,0.04639160450501915
2024-08-05,-0.0215215331191577,0.005687324700831655,-0.02334160456668201,0.034716253968345316,-0.03870859147122611,0.05008324087288942
2024-08-06,0.0275295086084397,0.0049918331913863506,-0.02403640469409004,0.034020071076862744,-0.03940302560309173,0.049386691985864435
2024-08-07,0.0002993669029374,0.0011646785033542226,-0.02786377391112616,0.030193130917834602,-0.043230508384922636,0.04555986539163108
2024-08-08,0.0180987452018542,0.0028445289817063046,-0.026183708903770087,0.0318727668671827,-0.04155032981277178,0.04723938777618439
2024-08-09,0.0084908166665112,-0.0018919761999785486,-0.030920262940422327,0.027136310540465232,-0.04628690971168154,0.04250295731172444
2024-08-12,0.0018932469280058,-0.0008367133826660132,-0.029864951268142405,0.02819152450281038,-0.045231572177144096,0.04355814541181207
2024-08-13,0.0084514873216392,-0.0008069936221802637,-0.029835245018933705,0.028221257774573176,-0.04520187308037342,0.04358788583601289
2024-08-14,0.0110000639571931,-0.0013905680633242087,-0.0304188059488006,0.027637669822152183,-0.04578542685780229,0.043004290731153874
2024-08-15,0.0062117800835975,-0.0012844971158153654,-0.030312738987393555,0.02774374475576282,-0.04567936200651008,0.043110367774879345
2024-08-16,0.011374346465467,-0.001021196461943684,-0.030049434347420075,0.02800704142353271,-0.04541605525642177,0.043373662332534396
2024-08-19,0.0068930336491247,-0.0017983520942273777,-0.030826591044372915,0.027229886855918158,-0.04619321251697641,0.04259650832852165
2024-08-20,-0.004325882342014,-0.0015086479682736302,-0.030537277931964278,0.02751998199541702,-0.04590410639463523,0.04288681045808797
2024-08-21,0.0003728554250794,0.000881303148227815,-0.028211912017579402,0.029974518314035033,-0.04361292982102853,0.045375536117484155
2024-08-22,0.0094149824307819,-0.0008755027672440146,-0.029904132730934663,0.028153127196446633,-0.04527096119360561,0.043519955659117586
2024-08-23,0.0077253006056532,-0.0005103023835526807,-0.029603483361018083,0.028582878593912724,-0.045004483066252286,0.04398387829914693
2024-08-26,0.0039315344372576,-0.0008947016284607959,-0.029923331592151443,0.028133928335229853,-0.04529016005482239,0.0435007567979008
2024-08-27,0.0045976298148943,-0.0004055865608776736,-0.029469231139375506,0.02865805801762016,-0.04485459521947317,0.04404342209771782
2024-08-28,0.0050287277785035,-0.0010461528769215552,-0.030074782840612203,0.027982477086769094,-0.045441611303283155,0.04334930554944004
2024-08-29,0.0041488859841502,-0.000541187679446969,-0.029585254110230136,0.028502878751336197,-0.04496025414497242,0.04387787878607848
2024-08-30,0.011588286966693,-0.0008569680286357436,-0.02988559799232639,0.028171661935054906,-0.045252426454997344,0.04353849039772585
2024-09-03,-0.0202208984906572,-0.0012582539524444757,-0.03029467106433156,0.02777816315944261,-0.04566562179425032,0.043149113889361365
2024-09-04,-0.0044128009313677,0.0016744735458198174,-0.027354156417870833,0.030703103509510464,-0.04272098488054178,0.04606993197218141
2024-09-05,-0.0077810578257568,0.00018740635470920058,-0.028845265373794997,0.029220078083213398,-0.044214233417515895,0.0445890461269343
2024-09-06,-0.0240427419974977,0.0015020559824439027,-0.027526573981246746,0.03053068594613455,-0.04289340244391769,0.045897514408805504
2024-09-09,0.020267697041451,0.003691079238364375,-0.025339609144802877,0.032721767621531624,-0.04070752726892325,0.048089685745652005
2024-09-10,-0.0532834896544325,-0.0007288811231912183,-0.029757511086881867,0.02829974884049943,-0.04512433954955282,0.043666577303170376
2024-09-11,0.0080913878359432,0.007713322423511073,-0.02131635212483763,0.03674299697185978,-0.03668373355722417,0.05211037840424632
2024-09-12,-0.0030447255340575,0.0004050947717042239,-0.028623535191986425,0.02943372473539487,-0.043990363654657375,0.04480055319806582
2024-09-13,-0.0110971448377891,0.0035516026292325303,-0.025477558927975933,0.03258076418644099,-0.04084466879925661,0.04794787405772167
2024-09-16,0.0171773536852335,0.0035315627973048665,-0.025497067166385782,0.03256019276099552,-0.040863895629056735,0.04792702122366646
2024-09-17,0.0066649216340222,0.00013038825318319527,-0.028898512380194565,0.029159288886560955,-0.04426548412674275,0.04452626063310913
2024-09-18,-0.0082537874898631,0.0008998171548325768,-0.028041466926483495,0.02984110123614865,-0.04336205727205937,0.04516169158172452
2024-09-19,0.0141147047369364,0.0012412465072701466,-0.02775516394714695,0.030237656961687245,-0.043104936431882415,0.0455874294464227
2024-09-20,0.0028940157163673,-0.0013311750439817943,-0.030272459125297867,0.02761010903733428,-0.04559304947087374,0.04293069938291015
2024-09-23,0.0016566845142473,0.0002692559301096536,-0.028727099198065528,0.029265611058284832,-0.04407684239485767,0.044615354255076976
2024-09-24,0.0007090938979856,-0.0002467185590158183,-0.029188002640331893,0.028694565522300253,-0.044508592985907765,0.044015155867876125
2024-09-25,-0.0066383950690798,0.0003086329564354355,-0.02864871377141028,0.029265979684281147,-0.04397780716842834,0.04459507308129921
2024-09-26,-0.0019525924467865,0.0008167823018334566,-0.028124501779482617,0.02975806638314953,-0.04344509212505849,0.0450786567287254
2024-09-27,0.0034262096141637,0.0006501170547637016,-0.028294471866008877,0.029594705975536283,-0.04361681168791513,0.04491704579744253
2024-09-30,0.0017088247732962,0.0004889348639746217,-0.028452349217341452,0.029430218945290694,-0.04377293956291732,0.04475080929086657
2024-10-01,-0.0182825899527956,0.0006832350569824163,-0.02825931135646125,0.029625781470426084,-0.04358056994030025,0.04494704005426508
2024-10-02,0.0012069177142323,0.002137659376753054,-0.026803624704563017,0.03107894345806913,-0.04212421505013889,0.046399533803645
2024-10-03,-0.0099875367649849,0.0003832167298198958,-0.028558537242121058,0.029324970701760846,-0.043879376332768186,0.04464580979240798
2024-10-04,0.0348784359307762,0.0024127844822231376,-0.026528499599092936,0.031354068563539214,-0.04184908994466881,0.04667465890911508
2024-10-07,-0.0013740766077266,-0.0021323162163665033,-0.031073747307474538,0.02680911487474153,-0.046394415475333385,0.04212978304260038
2024-10-08,-0.0008536490598589,0.0012812658809205557,-0.027660018200395518,0.03022254996223663,-0.04298060854597139,0.0455431403078125
2024-10-09,0.0125894378236306,-0.0008612679145334985,-0.02980259966895994,0.02808006383989294,-0.04512321525115601,0.043400679422089014
2024-10-10,-0.0027213630887128,-0.0013957365723166922,-0.030337020653632765,0.02754554750899938,-0.045657610999208634,0.042866137854575256
2024-10-11,0.0434421030881349,0.0005249682152823719,-0.028416332055145932,0.029466268485710677,-0.04373693097072015,0.04478686740128489
2024-10-14,-0.003650453020048,-0.004254827367238877,-0.03319611144855495,0.024686456714077196,-0.048516701794130826,0.040007047059653064
2024-10-15,0.0041002200079965,0.00037576114187869473,-0.028565528332749394,0.029317050616506784,-0.043886121533372194,0.04463764381712958
2024-10-16,0.0056051203370047,-0.0025295632452454466,-0.03146335145473963,0.026404224964248737,-0.04677997372546633,0.04172084723497543
2024-10-17,0.0034816373969655,-7.835488799462915e-05,-0.02907162931207753,0.02891491953608827,-0.04441974168263401,0.04426303190664475
2024-10-18,0.0042241455380671,-0.000450152625364922,-0.029383940834859106,0.028483635584129263,-0.0447005631055858,0.04380025785485596
2024-10-21,-0.0105716895741915,4.4276171077946996e-05,-0.02894844713882424,0.02903699948098013,-0.04429626776715626,0.044384820109312155
2024-10-22,0.0050098546443066,0.0011007143655715381,-0.027833073843922647,0.030034502575065722,-0.04314969611464934,0.04535112484579242
2024-10-23,-0.0031729489389263,-0.00010268157802841997,-0.029047731417420883,0.02884236826136404,-0.04437031523490584,0.044164952078849004
2024-10-24,0.0070027139658825,0.0012513768586721193,-0.027682411350822066,0.030185165068166302,-0.04299903362154876,0.045501787338893
2024-10-25,-0.0119386166934673,-0.00018252782039802955,-0.029117877176767736,0.028752821535971678,-0.04443532586872999,0.04407027022793393
2024-10-28,0.01424730777966,0.0018360079016390694,-0.027097780307855115,0.030769796111133254,-0.04241440257858181,0.04608641838185995
2024-10-29,-0.0115969173675978,-0.0011869563801655727,-0.03012138054309889,0.027747467782767744,-0.04543833946724056,0.04306442670690941
2024-10-30,0.0067515828425357,0.0021661737896249114,-0.026767614419869273,0.031099961999119095,-0.042084236690595966,0.046416584269845795
2024-10-31,-0.0111577642169366,-0.0005945646250295575,-0.029528548223792927,0.02833941897373381,-0.04484527392735082,0.04365614467729171
2024-11-01,0.0045857183765501,0.002052217571903837,-0.02688157063759035,0.03098600578139802,-0.04219819290831704,0.04630262805212472
2024-11-04,-0.0142756302143646,4.579246884716396e-05,-0.028888038598830205,0.028979623536524536,-0.04420468355730862,0.04429626849500295
2024-11-05,0.0077504235011385,0.002568213235175608,-0.026365574974318576,0.03150200144466979,-0.04168219724504527,0.04681862371539649
2024-11-06,0.109253653087786,-7.658424809388705e-05,-0.029010384167487253,0.02885721567129948,-0.04432701263706013,0.04417384414087235
2024-11-07,-0.0441904726155382,-0.010386203806887179,-0.03931999201638137,0.018547584402607006,-0.05463661428710806,0.0338642066733337
2024-11-08,0.0025350998472084,0.003771761845578548,-0.02516202979444319,0.03270555348560029,-0.04047865388118147,0.04802217757233857
2024-11-11,0.0097003806699111,-0.005825479283072253,-0.034759267492566435,0.023108308926421933,-0.050075889763293135,0.038424931197148626
2024-11-12,0.0011277610655869,-0.0007684509078790442,-0.02970224001352928,0.028165338197771193,-0.045018862758652335,0.04348196094289424
2024-11-13,0.0066567199555359,0.00042431648767422906,-0.028533811481565075,0.029382444456913532,-0.043863318442795375,0.04471195141814383
2024-11-14,0.0029397546240906,-0.00018088038115031028,-0.029196881991790127,0.028835121229489506,-0.04455702540816916,0.044195264645868544
2024-11-15,0.0141223255520622,-0.0002769243286686736,-0.029235052297907977,0.02868120364057063,-0.04456455925913828,0.04401071060180093
2024-11-18,-0.0011420655925312,-0.0009949912502519344,-0.030010287714279646,0.028020305213775777,-0.045370057848590495,0.04338007534808663
2024-11-19,-0.0079488985336578,6.602341240769948e-05,-0.028892104556831603,0.029024151381647004,-0.04422161151806191,0.0443536583428773
2024-11-20,-0.0095480818464969,0.0006145750615780387,-0.02835399307265784,0.029583143195813913,-0.04368902672339518,0.044918176846551264
2024-11-21,0.0163944730456175,0.0013366663562621632,-0.02762146161297714,0.030294794325501466,-0.04295096857420744,0.04562430128673177
2024-11-22,0.0153659424887018,-0.0005739712093185629,-0.02953348933884267,0.028385546920205545,-0.044863732206474986,0.04371578978783786
2024-11-25,0.0069761325336359,-0.0006288013964867545,-0.02958692936572606,0.02832932657275255,-0.044916436326956355,0.04365883353398285
2024-11-26,-0.0012794252780041,-0.0010626702091025802,-0.030021365533696154,0.027896025115490993,-0.045351172834708846,0.04322583241650369
2024-11-27,-0.0007202165746526,-0.00062801241485764,-0.029586140384096942,0.028330115554381665,-0.04491564734532724,0.043659622515611965
2024-11-29,-0.0002802591889399,-0.000226757898780129,-0.02918505501175415,0.028731539214193896,-0.04451465151226895,0.044061135714708696
2024-12-02,-0.0139930307024542,0.00032978359644364404,-0.02862834437279566,0.029287911565682948,-0.04395785133402596,0.04461741852691325
2024-12-03,-0.0058239300267315,0.0019790201787483774,-0.026979143322571755,0.030937183680068512,-0.04230866909334945,0.046266709450846204
2024-12-04,-0.0058171475100624,0.001346065762194288,-0.027612062207045016,0.03030419373143359,-0.042941569168275316,0.04563370069266389
2024-12-05,0.0085092569504056,0.002104009356724209,-0.026854128149519915,0.031062146862968334,-0.04218364015933561,0.04639165887278403
2024-12-06,0.007629302179053,0.0004380356839930038,-0.0285200922852463,0.029396163653232308,-0.0438495992464766,0.04472567061446261
2024-12-09,-0.0144556083280008,0.00025086878593980896,-0.028707261919734346,0.02920899949161396,-0.044036770329545755,0.04453850790142537
2024-12-10,-0.0039040378179949,0.0018014431701613258,-0.027156684799077978,0.03075957113940063,-0.04248619176030828,0.046089078100630926
2024-12-11,0.0027550060083498,0.0006503261248451495,-0.028307802535594284,0.02960845478528458,-0.04363730986272383,0.044937962112414125
2024-12-12,-0.0082464179295624,0.0010079781866870897,-0.02790270513511371,0.029918661508487886,-0.04320709641711384,0.045223052790488015
2024-12-13,-0.0066048035939957,0.0013901095225556748,-0.027578174564656686,0.03035839360976804,-0.04291305784998268,0.045693276895094025
2024-12-16,-0.001501558783127,0.0014102409901775527,-0.027500442331623246,0.03032092431197835,-0.042804833613623375,0.04562531559397848
2024-12-17,-0.0051051971512012,0.0007329280335822729,-0.028234606193562897,0.029700462260727443,-0.04356909252694738,0.04503494859411192
2024-12-18,-0.0340955561631672,0.00179393174233118,-0.027116751579469616,0.03070461506413198,-0.042421142861469745,0.04600900634613211
2024-12-19,0.0111801794522472,0.0043356787764789175,-0.024585126897176287,0.03325648445013412,-0.03989487662856862,0.04856623418152645
2024-12-20,0.0197218826551656,0.00030176306794215866,-0.02860892025385864,0.029212446389742956,-0.04391331153585877,0.04451683767174308
2024-12-23,0.0033193673676826,0.0004442848047947624,-0.028467724453038724,0.029356294062628248,-0.043772817643175484,0.04466138725276501
2024-12-24,0.0163099205517604,0.00023414234701132062,-0.028676540974789475,0.02914482566881212,-0.043980932256789604,0.04444921695081225
2024-12-26,0.0034194418989358,-0.0024406104737593887,-0.031351839846891105,0.02647061889937233,-0.0466565201910049,0.04177529924348612
2024-12-27,-0.0081352779194174,-0.0006003793883949345,-0.029511062710195733,0.02831030393340586,-0.04481545399219586,0.043614695215405994
2024-12-30,-0.0077005692443867,0.00013358467842770156,-0.028777259246623933,0.029044428603479337,-0.044081735546849486,0.04434890490370489
2024-12-31,0.0016283689746844,0.0007845268271208462,-0.028126156494679953,0.029695210148921642,-0.04343054777668008,0.04499960143092177
2025-01-02,0.0012090064908141,0.0007046026041989964,-0.028206113792669067,0.029615319001067057,-0.043510522583552175,0.044919727791950165
2025-01-03,0.0135742028512426,0.00094847765760278,-0.027962205664198016,0.029859160979403578,-0.043266596946198145,0.04516355226140371
2025-01-06,-0.0048873736267577,-0.0008116538666662072,-0.02972234603857443,0.028099038305242015,-0.04502674200553843,0.04340343427220602
2025-01-07,0.0095863536188493,0.0008673133657675629,-0.028043369956033234,0.02977799668756836,-0.04334776123803336,0.04508238796956849
2025-01-08,-0.0001644583062195,-0.001191118182474158,-0.030101804026929694,0.027719567661981376,-0.045406196644342575,0.04302396027939426
2025-01-10,-0.0134992595389709,0.00041171429516104706,-0.028498969026639752,0.029322397616961843,-0.04380336030863988,0.044626788898961975
2025-01-13,0.0179314432349824,0.0014861460465173716,-0.02742453790340277,0.030396829996437513,-0.042728929517909194,0.04570122161094394
2025-01-14,0.0132609392767463,-0.001438099306417252,-0.03030969377660929,0.027433495163774788,-0.045593392670500645,0.04271719405766614
2025-01-15,0.0195276041631681,-0.0008723976139324901,-0.02980146148067687,0.028056666252811894,-0.04511558283542076,0.04337078760755578
2025-01-16,0.0075797504755933,-0.002497409032566052,-0.03136900350275809,0.026374185437625985,-0.04665270239664945,0.04165788433151734
2025-01-17,0.0190488801726293,-0.0004196361227221798,-0.029347926856313256,0.028508654610868895,-0.04466163893908804,0.04382236669364368
2025-01-21,0.0148224426533875,-0.003180850881990288,-0.032052445352182324,0.02569074358820175,-0.04733614424607368,0.04097444248209311
2025-01-22,-0.0007226328596455,-0.0017038386414816164,-0.030585618197438436,0.0271779409144752,-0.04587470875004812,0.04246703146708489
2025-01-23,0.0117630892059627,-0.0011627778273064398,-0.030034372297498477,0.0277088166428856,-0.045318071191389836,0.04299251553677695
2025-01-24,-0.0041827253561495,-0.002038405915678317,-0.030911347670887934,0.0268345358395313,-0.04619575977438585,0.042118947943029214
2025-01-27,0.0038064052667044,0.0002385609486217819,-0.028633033521570258,0.02911015541881382,-0.04391673241546161,0.04439385431270518
2025-01-28,0.0048405803564951,-0.000568500886181779,-0.02944064673431576,0.028303644961952198,-0.04472463751005833,0.043587635737694766
2025-01-29,-0.0020984353350394,-0.00021991645037114046,-0.02909151092056318,0.028651678019820898,-0.04437520981445454,0.04393537691371225
2025-01-30,0.0061704532186424,0.0005243464133871672,-0.028347410766475803,0.029396103593250136,-0.043631195793664035,0.04467988862043837
2025-01-31,-0.0034732062585075,-0.0005166682121988501,-0.02938826268239089,0.02835492625799319,-0.04467196157628224,0.04363862515188455
2025-02-03,-0.0018348629001103,0.000823922552694058,-0.02804770572411851,0.029695550829506628,-0.043331422514153756,0.044979267619541866
2025-02-04,0.0042262976105663,0.00043799877318466537,-0.028433595697007374,0.029309593243376703,-0.04371729459089873,0.04459329213726806
2025-02-05,0.009250220136485,0.00018134262782554462,-0.028690260894184732,0.029052946149835824,-0.04397396457981922,0.0443366498354703
2025-02-06,0.0236432429448472,-0.00034313799534954723,-0.029214732465541585,0.028528456474842492,-0.04449843135943294,0.04381215536873385
2025-02-07,-0.0039806266329837,-0.00231981840349097,-0.0311914154563872,0.026551778649405257,-0.046475115717479566,0.041835478910497624
2025-02-10,-0.0174093583853021,2.238357467489638e-05,-0.028849210895517143,0.028893978044866934,-0.044132909789408495,0.04417767693875829
2025-02-11,0.0144681011329882,0.0008419535981291036,-0.028029641518572866,0.029713548714831076,-0.043313340754705915,0.04499724795096412
2025-02-12,0.0016714565606005,-0.001033353686991409,-0.029867797466117865,0.027801090092135047,-0.04513182997211601,0.04306512259813319
2025-02-13,0.0031533378570458,0.00037110158447444696,-0.02849353640780912,0.029235739576758013,-0.043773552764741014,0.04451575593368991
2025-02-14,0.000976922097419,-0.00014646476363416557,-0.02898090854276062,0.02868797901549229,-0.04424494104875877,0.04395201152149043
2025-02-18,0.012074719682705,0.00042302620328691417,-0.028440877199033723,0.029286929605607553,-0.04372050468752901,0.04456655709410284
2025-02-19,-0.0025036086598495,-0.0008904049805183802,-0.029724848759644835,0.027944038798608076,-0.04498888126564298,0.04320807130460622
2025-02-20,-0.0456081736927612,0.0006505734402566478,-0.02818876595601629,0.02948991283652959,-0.04345539004518605,0.04475653692569934
2025-02-21,-0.0096414642573244,0.004801831110685307,-0.024032612668441148,0.03363627488981176,-0.039296645174439294,0.04890030739580991
2025-02-24,-0.0110355568934162,0.0020115548217461907,-0.02682341869059284,0.030846528334085223,-0.0420877316204146,0.04611084126390698
2025-02-25,-0.0151910261173712,0.0037942901707325176,-0.02504015360839394,0.032628733949858976,-0.040304186114392085,0.04789276645585712
2025-02-26,0.0053857054873044,0.003544235697387374,-0.025290376999221948,0.0323788483939967,-0.04055449892473409,0.04764297031950884
2025-02-27,0.0010040513817189,0.001084441884645894,-0.027750001894480562,0.02991888566377235,-0.043014034400478705,0.0451829181697705
2025-02-28,0.0213872506579439,0.0014555956824730376,-0.027378891313314058,0.03029008267826013,-0.042642946696830414,0.045554138061776495
2025-03-03,-0.0153448253955875,-0.0014579541305004056,-0.030292397909626862,0.02737648964862605,-0.04555643041562501,0.042640522154624196
2025-03-04,-0.0406030400850528,0.0019234190373093895,-0.026911032505741034,0.030757870580359815,-0.04217506912171227,0.04602190719633104
2025-03-05,0.0051018743938129,0.00412272029534531,-0.024711723483781145,0.032957164074471766,-0.039975755989779295,0.04822119658046991
2025-03-06,-0.0200380246888178,0.0008219983194827032,-0.02801244714037533,0.029656443779340732,-0.043276480536099025,0.04492047717506443
2025-03-07,-0.0174301817887569,0.00454320979011497,-0.024291233989011486,0.033377653569241425,-0.03955526649500963,0.048641686075239575
2025-03-10,-0.0424088703134438,0.0031697660320966106,-0.025664678144949268,0.032004210209142486,-0.040928710861593234,0.04726824292578645
2025-03-11,-0.0133519492940041,0.006229707449939976,-0.02260473632918648,0.035064151229066434,-0.03786876883518463,0.05032818373506458
2025-03-12,-0.0054263147305011,0.003708722865623061,-0.025125720998317565,0.032543166729563686,-0.04038975354921361,0.04780719928045974
2025-03-13,-0.0119624426472343,0.003464161600023185,-0.025364919402306767,0.03229324260235314,-0.0406261130257528,0.04755443622579917
2025-03-14,0.0316876205862022,0.0017108323654115795,-0.02714656722825507,0.030568231959078228,-0.042422751808419354,0.04584441653924251
2025-03-17,0.0063898237008832,-0.0018531777976376845,-0.030682258799967638,0.026975903204692266,-0.04594345242341367,0.0422370968281383
2025-03-18,0.0044359227806044,-0.00034477074368479614,-0.029201607309497515,0.028512065822127924,-0.0444774938407197,0.04378795235335011
2025-03-19,0.0174658170854121,-0.0009830359751153697,-0.029812116977445322,0.02784604502721458,-0.045073310600891356,0.043107238650660615
2025-03-20,-0.000418310216536,-0.0015624567546620217,-0.030395756345471116,0.027270842836147075,-0.04565918315476143,0.042534269645437384
2025-03-21,0.0109022181738419,1.3614065984708591e-05,-0.028815466936345242,0.02884269506831466,-0.04407666055979128,0.04410388869176069
2025-03-24,0.0262631175965374,-0.0013892410451556583,-0.03021872995035469,0.02744024786004337,-0.04548013950453622,0.04270165741422491
2025-03-25,0.0123000206937563,-0.002626831359180519,-0.03145591236151047,0.026202249643149433,-0.04671710598495651,0.041463443266595464
2025-03-26,-0.0003982843683926,-0.0015386333806981587,-0.030367848304612876,0.02729058154321656,-0.045629112821863514,0.0425518460604672
2025-03-27,-0.0116599609396691,-0.0009085650279253581,-0.029737646030255308,0.027920515974404595,-0.04499883965370134,0.04318170959785063
2025-03-28,-0.0214684539018371,0.0007312624499605975,-0.02809785143984681,0.029560376339768,-0.04335906247287177,0.04482158737279297
2025-03-31,0.0100379784733268,0.0025141972121839563,-0.026314883790145994,0.03134327821451391,-0.04157607741359203,0.04660447183795994
2025-04-01,-0.0067081721016725,8.963020272957059e-05,-0.028739456188553142,0.02891871659401228,-0.044000652664738446,0.044179913070197585
2025-04-02,0.0088257823368007,0.0021418875636307674,-0.026687193438699186,0.030970968565960717,-0.041948387062145216,0.046232162189406754
2025-04-03,-0.0722321824954585,-0.00033732480603297665,-0.029166406935807892,0.02849175732374194,-0.044427601156087244,0.04375295154402129
2025-04-04,-0.0777868157268591,0.008100542869261772,-0.02072853813306818,0.036929623871591724,-0.03598973175651421,0.05219081749503776
2025-04-07,0.0195900443859174,0.009078684602800048,-0.019750396659159883,0.03790776586475998,-0.03501159042004573,0.05316895962564583
2025-04-08,0.0112679819932148,0.002300037095116272,-0.02652904390721368,0.031129118097446222,-0.04179023753065971,0.04639031172089226
2025-04-09,0.0774750320391548,0.003644865106898755,-0.025184215947474962,0.03247394616127247,-0.0404454095984713,0.04773513981226882
2025-04-10,-0.0313385876672244,-0.006401843577807657,-0.035292841112928554,0.02248915395731324,-0.05058681136894705,0.03778312421333174
2025-04-11,0.0392444088759131,0.003666960427578049,-0.025282245622864907,0.03261616647802101,-0.04060702960557804,0.047940950460734134
2025-04-14,-0.0062855333821875,-0.007579323857784025,-0.036470321392904924,0.02131167367733687,-0.05176429164892342,0.03660564393335537
2025-04-15,-0.0067970447213797,0.0008711722756067076,-0.02807733562755875,0.029819680178772165,-0.043401750033427625,0.04514409458464104
2025-04-16,-0.0152140213683393,-0.0008047631975832452,-0.029695760732704142,0.028086234337537652,-0.044989730988722644,0.04338020459355615
2025-04-17,0.0101827451183942,0.0025372364759363086,-0.026362992245580703,0.03143746519745332,-0.04166184919649432,0.04673632214836694
2025-04-21,-0.0128866175679185,-6.261473335608919e-05,-0.028953612268476987,0.028828382801764807,-0.04424758252449548,0.04412235305778331
2025-04-22,0.0284146402581062,0.002821986733392211,-0.026070155732003056,0.03171412919878748,-0.0413647320774977,0.047008705544282124
2025-04-23,0.0222058705125362,-0.0024994400893029465,-0.031390437624423846,0.02639155744581795,-0.04668440788044234,0.04168552770183645
2025-04-24,0.0154888249372329,-0.0015065305600633688,-0.03039802960448603,0.02738496848435929,-0.04569226534349226,0.04267920422336552
2025-04-25,-0.0044654124507406,-0.0027517363947546854,-0.031642733929875586,0.026139261140366212,-0.04693670418589408,0.04143323139638471
2025-04-28,-0.0013559483620037,-0.0011920078949323614,-0.030083146240943198,0.027699130451078472,-0.04537719103774415,0.042993175247879434
2025-04-29,0.0057395601064859,-0.0008793949015848678,-0.029770392436705765,0.02801160263353603,-0.045064362692724264,0.04330557288955453
2025-04-30,0.0,-0.00040750547543674895,-0.029298530007699542,0.028483519056826046,-0.044592514555141675,0.04377750360426818
2025-05-01,0.0092370007080343,0.0003673193029857161,-0.02852367823213518,0.029258316838106615,-0.04381764848815368,0.04455228709412511
2025-05-02,0.0225079589234555,-0.000865621196652395,-0.029756626017032013,0.02802538362372722,-0.045050600129633515,0.04331935773632873
2025-05-05,0.0001979471113844,-0.002100584068636888,-0.030991581603757784,0.02679041346648401,-0.046285551859776286,0.042084383722502505
2025-05-06,-0.0131924433855894,-0.0003872938436255362,-0.029278293428120335,0.02850370574086926,-0.04457226476901184,0.04379767708176077
2025-05-07,0.0005615232112926,0.00028630078357286227,-0.028604696751548035,0.02917729831869376,-0.04389866700756653,0.04447126857471226
2025-05-08,0.0162275221376803,2.6028645447936406e-05,-0.028864969375943673,0.028917026666839544,-0.044158939889378336,0.04421099718027421
2025-05-09,-0.0015397210732193,-0.0005643242208449701,-0.029426439320105083,0.028297790878415146,-0.044705120138144185,0.04357647169645424
2025-05-12,0.0271681005479587,0.0006738897108904867,-0.028246195649021925,0.029593975070802896,-0.043555564069352085,0.04490334349113306
2025-05-13,0.0113183879134465,-0.0032216254537258977,-0.03208374055298601,0.02564048964553422,-0.04736242137102511,0.040919170463573316
2025-05-14,0.0099499043859024,-0.0007987500928897319,-0.029718331236206888,0.028120831050427425,-0.04502743274039471,0.04342993255461525
2025-05-15,0.0069399812391618,-0.0023155782020643735,-0.03117769330132449,0.02654653689719574,-0.04645637411936358,0.04182521771523484
2025-05-16,0.0002617137149221,-0.0009306024497026312,-0.029802350472734232,0.027941145573328968,-0.045086130652588735,0.04322492575318347
2025-05-19,-0.0100668555742994,-0.0006705763410221526,-0.02953269144028227,0.02819153875823796,-0.044811372258321366,0.04347021957627706
2025-05-20,0.0030155780930671,0.0009515048056515929,-0.027911810723346142,0.029814820334649328,-0.04319112701050254,0.045094136621805725
2025-05-21,-0.017618895362962,-3.160359348082709e-05,-0.028893718692740943,0.028830511505779286,-0.04417239951078004,0.04410919232381839
2025-05-22,-0.0014183259240484,0.002916975189074517,-0.025945659193336745,0.03177960957148578,-0.0412246149032711,0.047058565281420134
2025-05-23,0.0001534038804216,0.0009099193565677585,-0.027952195742692355,0.029772034455827875,-0.043230876560731456,0.04505071527386697
2025-05-27,0.0174149101059561,0.00163350004268648,-0.027228764955276076,0.030495765040649034,-0.042507525124894974,0.04577452521026794
2025-05-28,-0.0068082338440963,-0.0007104143690106319,-0.029572529468270745,0.028151700730249484,-0.044851210286309846,0.04343038154828858
2025-05-29,0.0033342795175779,0.0012322337086015057,-0.027629910814752443,0.030094378231955456,-0.042908607208965936,0.04537307462616894
2025-05-30,-0.0014004481308594,-0.0006416812900653121,-0.02950379638932543,0.0282204338091948,-0.04478247720736452,0.0434991146272339
2025-06-02,0.0024967778650604,0.0007059348368748731,-0.02815618818188337,0.029568057855633118,-0.04343487319225154,0.044846742866001287
2025-06-03,0.0060647451509794,0.00019558635107483612,-0.028666528748185278,0.02905770145033495,-0.04394520956622438,0.044336382268374046
2025-06-04,-0.0077286099292473,-0.00012116248787807888,-0.028983279842272308,0.02874095486651615,-0.044261961854107294,0.044019636878351136
2025-06-05,-0.0086283535944301,0.0011529322042809955,-0.027709182894979117,0.030015047303541112,-0.042987863713018215,0.04529372812158021
2025-06-06,0.0143268858974315,0.0011325652561366612,-0.027729550389437214,0.02999468090171054,-0.04300823149667735,0.04527336200895068
2025-06-09,0.0037937089260006,-0.0005156728036669739,-0.02933523108059284,0.02830388547325889,-0.04459138367771539,0.04356003807038144
2025-06-10,0.0069489140089849,0.00013935810788713923,-0.028738144595761794,0.029016860811536073,-0.044024971119519356,0.04430368733529363
2025-06-11,-0.0016767214654671,-0.0008159324404211378,-0.029635490717347005,0.028003625836504727,-0.04489164331446955,0.04325977843362728
2025-06-12,0.0003355000450699,0.0006610901961305294,-0.02821597221985751,0.029538152612118566,-0.04350256566940634,0.044824746061667406
2025-06-13,-0.0123408231032557,2.5450569881696732e-06,-0.028817013219937695,0.028822103333914037,-0.04407316581706024,0.044078255931036585
2025-06-16,0.0202130509128907,0.001916490543621176,-0.02691295100532186,0.03074593209256421,-0.042174335490615764,0.046007316577858115
2025-06-17,-0.0031116675048993,-0.0014550888944652454,-0.03027464717139111,0.02736446938246062,-0.04553079976851366,0.04262062197958317
2025-06-18,0.0163394227972187,0.0013908256923318711,-0.02742998017105027,0.030211631555714012,-0.042686793200549064,0.045468444585212806
2025-06-20,0.0037891363751231,-0.0020144739000138015,-0.03083403217693967,0.026805084376912064,-0.046090184774062216,0.04206123697403461
2025-06-23,0.0118206397477732,-0.0002521512122549734,-0.02907224427616678,0.028567941851656835,-0.04432867997241897,0.043824377547909014
2025-06-24,0.0106876353420482,-0.0016979472852574815,-0.03051750556218335,0.027121610991668384,-0.0457736581593059,0.04237776358879093
2025-06-25,0.0099059023311947,-0.0014002540951061034,-0.030219969044221685,0.027419460854009477,-0.045476204578591604,0.042675696388379404
2025-06-26,0.0163759277909379,-0.0015481355009343601,-0.030367693777860225,0.027271422775991507,-0.04562384637498278,0.04252757537311405
2025-06-27,-0.005695832492883,-0.0023012960532116213,-0.031120885678487288,0.026518293572064047,-0.04637705487042381,0.04177446276400056
2025-06-30,0.0097051470951005,-6.391829601390246e-05,-0.02888347657293977,0.028755639980911962,-0.04413962917006232,0.04401179257803451
2025-07-01,0.0017232204049371,-0.0017800688923373805,-0.030599635615887903,0.027039497831213143,-0.04585579268438345,0.04229565489970869
2025-07-02,0.0054601117945434,2.0581404637698875e-05,-0.028798976872288166,0.028840139681563567,-0.04405512946941072,0.04409629227868611
2025-07-03,0.0184115605144931,-0.0006807289926962297,-0.02950028969101554,0.02813883170562308,-0.04475644356994635,0.04339498558455389
2025-07-07,-0.0137083971739525,-0.0018590150925176902,-0.030678573369443556,0.026960543184408176,-0.04593472596656611,0.04221669578153072
2025-07-08,-0.0319818233154126,0.0012920424785951466,-0.02752751639354316,0.03011160135073345,-0.042783669305752135,0.045367754262942435
2025-07-09,0.0013429041205014,0.0029632103303110003,-0.02581755959163817,0.03174398025226017,-0.04105317887396007,0.04697959953458207
2025-07-10,0.0176079795395514,0.0004065621238173286,-0.028405984975473617,0.02921910922310827,-0.04365842607935064,0.0444715503269853
2025-07-11,-0.0046259258153823,0.0003504544227227849,-0.028430315499226387,0.029131224344671955,-0.04366593478154828,0.044366843626993856
2025-07-14,0.0063940120710801,0.0009203895919357702,-0.027891833123926787,0.02973261230779833,-0.04314410250958954,0.044984881693461085
2025-07-15,-0.0074750976713041,-0.000655387295639707,-0.02943615721758888,0.028125382626309463,-0.044671776499910776,0.04336100190863136
2025-07-16,-0.0025507977292539,0.0014529116043606933,-0.02733300338869758,0.03023882659741897,-0.04257134630714219,0.04547716951586358
2025-07-17,0.0141737769734607,0.0006692460576854865,-0.028111523864263684,0.029450015979634658,-0.04334714314658558,0.044685635261956555
2025-07-18,0.0047145991891661,-0.0006102377403236994,-0.029391542431469013,0.028171066950821617,-0.04462744480350319,0.043406969322855794
2025-07-21,-0.0010304068245982,0.0001858553493674491,-0.02859491457258172,0.02896662527131662,-0.04383053385490362,0.04420224455363852
2025-07-22,0.0015795655861946,9.061013519871456e-05,-0.028690341642919066,0.028871561913316496,-0.04392605719408147,0.04410727746447889
2025-07-23,0.0181240021732728,-1.4190225871908279e-05,-0.02879496014782108,0.028766579696077262,-0.04403057943014298,0.04400219897839916
2025-07-24,-0.00070807622581,-0.0013695811098569399,-0.030150398664534128,0.027411236444820245,-0.0453860431620991,0.042646880942385224
2025-07-25,0.0069560793830984,0.00036703443249090585,-0.028413735489458265,0.029147804354440077,-0.04364935477178016,0.044383423636761975
2025-07-28,-0.0011391751146441,-0.0009863452847492017,-0.02976712363714493,0.027794433067646524,-0.04500274738227566,0.04303005681277725
2025-07-29,-0.0041657130540299,0.00030558179278659345,-0.02847518812916258,0.029086351714735764,-0.043710807411484476,0.04432197099705766
2025-07-30,0.0086814414895096,0.0006118581717712324,-0.028168913609938204,0.02939262995348067,-0.043404533876757724,0.04462825022030018
2025-07-31,-0.0113784784727446,-0.00039236044418337055,-0.029173130366132543,0.0283884094777658,-0.04440874964845444,0.043624028760087696
2025-08-01,-0.0234636848515497,0.0017879584564861415,-0.02699281191801514,0.030568728830987428,-0.04222843143990366,0.04580434835287594
2025-08-04,0.0167575614955534,0.0027151625559621623,-0.02606560736598701,0.03149593247791133,-0.0413012266483089,0.046731551760233234
2025-08-05,-0.0098698824495591,-0.0005295678672114357,-0.02931033788629256,0.028251202151869687,-0.04454595722003301,0.04348682148561014
2025-08-06,-6.85103275357564e-05,0.0030639900208980844,-0.025673962903483057,0.03180194294527923,-0.04088691623643919,0.04701489627823536
2025-08-07,-0.0152521626256704,0.0005491395589950767,-0.028245970749714147,0.0293442498677043,-0.04348918137422842,0.044587460492218574
2025-08-08,0.0063226822525371,0.0025738764165039634,-0.02616407650787718,0.031311829340885104,-0.04137702984083331,0.04652478267384124
2025-08-11,0.0027665912075495,-1.593905835352077e-05,-0.028810606117515677,0.028778728000808638,-0.0440535820998934,0.044021703983186354
2025-08-12,0.0112980706714391,0.0012198493953500208,-0.02751810352903112,0.029957802319731164,-0.042731056861987256,0.04517075565268729
2025-08-13,-0.0079536672898895,-0.0009736861780379128,-0.02972137132264571,0.027773998966569884,-0.044939476581785445,0.04299210422570962
2025-08-14,0.0124169122874925,0.0011079294458165854,-0.027630023478564556,0.029845882370197727,-0.04284297681152069,0.04505883570315386
2025-08-15,-0.0125546519543326,-0.001346896457476725,-0.03008607430287073,0.027392281387917283,-0.04529967606984213,0.04260588315488868
2025-08-18,0.0035738117987512,0.0019439662301853984,-0.026793986694195745,0.03068191915456654,-0.04200694002715188,0.04589487248752267
2025-08-19,-0.0029887346621862,-0.0002463537550299956,-0.02898482955604132,0.02849212204598133,-0.0441980596831656,0.04370535217310561
2025-08-20,0.0054212269518959,0.0013021216323543653,-0.027435831292026775,0.03004007455673551,-0.04264878462498291,0.04525302788969164
2025-08-21,-0.0026383472580032,0.00011785967175489682,-0.028620246056844285,0.028855965400354077,-0.04383328027946727,0.04406899962297707
2025-08-22,0.0162327847535077,0.0009349014441198212,-0.02780305148026132,0.029672854368500964,-0.043016004813217455,0.044885807701457094
2025-08-25,-0.0045335731890605,-0.0013033635655300719,-0.03004134699978547,0.027434619868725325,-0.04525431648369343,0.04264758935263329
2025-08-26,0.0123681662313218,0.0009216998243385948,-0.027816253100042546,0.029659652748719737,-0.04302920643299868,0.04487260608167587
2025-08-27,0.0023751014745021,-0.0015602762068799311,-0.03029823732270639,0.027177684908946526,-0.04551119499195174,0.04239064257819188
2025-08-28,0.0059633265437863,6.293066543659222e-05,-0.028675022258944548,0.028800883589817736,-0.043887975591900684,0.044013836922773865
2025-08-29,0.0011617366941885,-0.0008020047551362583,-0.02953996002032284,0.027935950510050326,-0.04475291459242653,0.04314890508215401
2025-09-02,-0.0057226246579281,-9.976925469447134e-05,-0.02883772217907561,0.028638183669686672,-0.04405067551203175,0.0438511370026428
2025-09-03,-0.0006341708480386,0.0006445583588446549,-0.02809339513949826,0.02938251185718757,-0.04330634877629141,0.04459546549398071
2025-09-04,0.014287649511531,0.0004210530792459421,-0.028267953194663336,0.029110059353155218,-0.04345499573601256,0.04429710189450444
2025-09-05,-0.0315640745885662,-0.0009072535009632626,-0.029653824208475465,0.027839317206548937,-0.04487133952025282,0.0430568325183263
2025-09-08,-0.0050060919505289,0.003837100259936838,-0.024851906013972438,0.03252610653384611,-0.04003894855532166,0.04771314907519534
2025-09-09,0.0167246767695677,0.0012266469656594516,-0.027519523433674347,0.029972817364993253,-0.0427368268351026,0.0451901207664215
2025-09-10,0.0089908990239435,0.00047431544295037007,-0.028214690830958906,0.029163321716859647,-0.043401733372308134,0.04435036425820887
2025-09-11,0.0165652607429164,-0.0002415609725307155,-0.028940615443259432,0.028457493498198004,-0.04413297717869658,0.04364985523363515
2025-09-12,0.0044083774399679,-0.0019337042120163423,-0.03062271048592562,0.026755302061892933,-0.045809753027274844,0.04194234460324216
2025-09-15,0.0064630124228058,-0.0010035703617976856,-0.029693861739451627,0.027686721015856258,-0.04488158457362988,0.04287444385003451
2025-09-16,0.0009384466920174,-0.0013726913239177668,-0.030061697597827043,0.02731631494999151,-0.04524874013917627,0.04250335749134073
2025-09-17,0.0082455748417098,-0.000325910981672716,-0.029015462402154198,0.028363640438808763,-0.04420279352666675,0.04355097156332132
2025-09-18,0.0047362310662004,-0.000976991265106686,-0.029665997539015963,0.02771201500880259,-0.044853040080365184,0.04289905755015182
2025-09-19,0.0049361689392847,-0.0003315212313828571,-0.0290206891264897,0.028357646663723982,-0.0442078172249328,0.04354477476216708
2025-09-22,-0.0074614834788464,-0.0006322795152734803,-0.029321285789182756,0.028056726758635797,-0.044508328330531984,0.04324376929998502
2025-09-23,0.000959634147374,0.0007681928345266214,-0.027920846352705506,0.02945723202175875,-0.043107906317315384,0.04464429198636863
2025-09-24,0.0021720818986952,6.180173188355311e-05,-0.028627204542025723,0.02875080800579283,-0.043814247083374946,0.043937850547142054
2025-09-25,9.572434540793456e-05,0.0005949970778823773,-0.028094018068454605,0.02928401222421936,-0.04328106530658334,0.04447105946234809
2025-09-26,0.0082921615203043,0.0005998351778698784,-0.028089171096039398,0.029288841451779155,-0.04327621363738862,0.04447588399312838
2025-09-29,-0.0011713182578657,-0.00041152657299655423,-0.029100535402304194,0.028277482256311083,-0.04428757929639959,0.04346452615040648
2025-09-30,-0.0008239918853831,0.0005683568933819963,-0.02812064938052728,0.029257363167291273,-0.0433076919218765,0.0444444057086405
2025-10-01,-0.0150768362804213,0.00019059556365379757,-0.028498411346343903,0.0288796024736515,-0.043685454224418,0.044066645351725595
2025-10-02,-0.0102223091774259,0.0020346227949957964,-0.02661164784350878,0.030680893433500375,-0.04177606750601981,0.045845313096011406
2025-10-03,0.0080313607998245,0.0015904353667800183,-0.027113282542199035,0.03029415327575907,-0.04230811295272449,0.045488983686284526
2025-10-06,0.0021045923476982,0.0007879634165666039,-0.027858307221937974,0.02943423405507118,-0.043022726884449004,0.04459865371758221
2025-10-07,-0.004830841563629,0.0002971522515324338,-0.028406158712780082,0.029000463215844947,-0.04360077369981182,0.04419507820287669
2025-10-08,-0.0119663685114022,0.0009848867527393777,-0.0276613838857652,0.029631157391243956,-0.04282580354827623,0.04479557705375498
2025-10-09,0.0049215641458215,0.00174599930647647,-0.02691035418156902,0.030402352794521963,-0.04208011138221065,0.04557210999516358
2025-10-10,-0.0153031455820703,0.0005202306576339462,-0.02812603998087063,0.029166501296138524,-0.043290459643381664,0.04433092095864955
2025-10-13,0.0232575589422612,0.0029682581809350843,-0.025679310109997508,0.031615826471867677,-0.04084441670820928,0.04678093307007944
2025-10-14,-0.0193105087685732,-0.0015865053756281228,-0.0302327760141327,0.027059765262876453,-0.04539719567664373,0.04222418492538749
2025-10-15,0.0118796047140828,0.0032143156473108305,-0.025432503349287372,0.031861134643909036,-0.04059721329503848,0.047025844589660144
2025-10-16,-0.0236675781149113,-0.0013560744465744223,-0.030002345085079,0.027290196191930155,-0.04516676474759003,0.042454615854441186
2025-10-17,-0.0032879967860902,0.003588415796467772,-0.02505801778808454,0.032234849381020086,-0.04022252370902276,0.0473993553019583
2025-10-20,0.0160023625384629,0.0009273488719711724,-0.027718921766533403,0.02957361951047575,-0.04288334142904444,0.04473803917298678
2025-10-21,-0.0175831450434486,0.00017171661562467356,-0.028474587400865784,0.028818020632115134,-0.043639024732615224,0.04398245796386457
2025-10-22,-0.0100813647975207,0.0030210229757814903,-0.02562524766272309,0.031667293614286066,-0.04078966732523412,0.046831713276797096
2025-10-23,0.0014610778223279,0.0011452660431854882,-0.027501013597218897,0.029791545683589875,-0.04266543802504783,0.04495597011141881
2025-10-24,0.0198332442265015,0.0013637418053222563,-0.027282528833182322,0.030010012443826832,-0.04244694849569335,0.04517443210633786
2025-10-27,0.0122728960470322,-0.0004470543413292998,-0.029093327574409467,0.028199218891750866,-0.04425774861040585,0.04336363992774725
2025-10-28,0.0039703841429435,-0.0006425671575298693,-0.029288837796034445,0.02800370348097471,-0.044453257458545475,0.04316812314348574
2025-10-29,0.0004911903495446,-0.001037097085962988,-0.029683368372647657,0.027609174200721683,-0.0448477883782845,0.042773594206358526
2025-10-30,0.0127817041620497,-0.0006548376220223059,-0.029265341276506072,0.027955666032461458,-0.04441082704138699,0.04310115179734238
2025-10-31,0.0054143751277585,-0.0007553144664075743,-0.029423327039287635,0.027912698106472483,-0.04459925618662149,0.04308862725380635
2025-11-03,-0.0057052775912847,-0.0004317036044879664,-0.02904220725897173,0.0281788000499958,-0.04418769302385265,0.04332428581487672
2025-11-04,-0.000323302212778,0.0011043504541108128,-0.027563259854943796,0.02977196076316542,-0.042738976056671533,0.044947676964893164
2025-11-05,0.0078269420744745,-3.289176472179528e-05,-0.02864339541920556,0.028577611889761968,-0.04378888118408648,0.04372309765464289
2025-11-06,0.0055671933572871,0.00010768495235820416,-0.028512766562690372,0.028728136467406778,-0.04366351840685444,0.04387888831157084
2025-11-07,0.0025173615416658,-3.817229892233854e-05,-0.028648675953406103,0.028572331355561427,-0.043794161718287025,0.04371781712044234
2025-11-10,0.0084931687078374,-0.00019147376831184237,-0.02880323986006304,0.028420292323439355,-0.043949393918864745,0.04356644638224106
2025-11-11,-0.0040158020202236,-0.000853647903813716,-0.029464151558297482,0.027756855750670047,-0.0446096373231784,0.04290234151555097
2025-11-12,0.0150624777466641,0.0005690638089120029,-0.02804197836289588,0.02918010598071988,-0.04318774920162817,0.04432587681945217
2025-11-13,-0.0347078628999741,-0.001582432028511591,-0.030192935682995355,0.027028071625972174,-0.045338421447876275,0.04217355739085309
2025-11-14,-0.0191496447513918,0.004019071128634233,-0.024591591515938014,0.03262973377320648,-0.03973716144508779,0.04777530370235626
2025-11-17,-0.0107288776597324,0.0021061888818945575,-0.02650431477258921,0.03071669253637832,-0.041649800537470125,0.04586217830125924
2025-11-18,-0.0032011744385683,0.003638279716577489,-0.024972256044099243,0.03224881547725422,-0.04011775880497207,0.047394318238127044
2025-11-19,0.0128095759560635,0.002982321947547116,-0.025628181706936648,0.03159282560203088,-0.04077366747181757,0.0467383113669118
2025-11-20,-0.016255556250375,0.0006341683879042961,-0.02797634391905143,0.029244680694860022,-0.04312183426427432,0.044390171040082915
2025-11-21,-0.0012072942011812,0.0029057089555451134,-0.025704794698938653,0.031516212610028876,-0.04085028046381957,0.0466616983749098
2025-11-24,-6.70689362963855e-05,0.0005154246006420892,-0.028095081542519662,0.02912593074380384,-0.04324056862482713,0.04427141782611131
2025-11-25,0.0166392908250763,0.0014599039204993705,-0.027150599733984395,0.030070407574983134,-0.042296085498865314,0.045215893339864054
2025-11-26,0.0151974859763648,-0.0006433718297106636,-0.029253876100295048,0.027967132440873718,-0.04439936219131993,0.0431126185318986
2025-11-28,0.017528436277991,-0.00100613338307,-0.029577940014388012,0.027565673248248015,-0.0447029408126085,0.0426906740464685
2025-12-01,-0.0133763305092831,-0.0011973915871524112,-0.029801349648339522,0.027406566474034697,-0.04494337038543573,0.04254858721113091
2025-12-02,-0.0033722778222359,0.0008072073350648373,-0.027764599296253176,0.02937901396638285,-0.042889600094473665,0.044504014764603333
2025-12-03,0.0137097067786626,0.0009459094932896835,-0.027657752035507747,0.029549571022087117,-0.042799615797838995,0.04469143478441836
2025-12-04,0.0126388708183862,-0.0006186218179074559,-0.02919042844922547,0.027953184813410557,-0.044315429247445956,0.04307818561163104
2025-12-05,-0.0033589937474761,-0.0006692491037498514,-0.029246270916117225,0.02790777270861752,-0.044374032464420905,0.0430355342569212
2025-12-08,0.0005394153967295,0.00023009875592797254,-0.028341707875390042,0.028801905387245984,-0.04346670867361053,0.04392690618546647
2025-12-09,-0.0477579926783785,-0.0002581509623373686,-0.028830498824649005,0.02831419689997427,-0.04395578613325073,0.04343948420857599
2025-12-10,0.0314459198142795,0.0052624962370202075,-0.023309310394297806,0.03383430286833822,-0.03843431119251829,0.04895930366655871
2025-12-11,0.0231727587696888,-0.0021729503192994743,-0.03074494301417428,0.02639904237557533,-0.04587004230849204,0.041524141669893086
2025-12-12,0.0035854949241731,5.763052338032164e-05,-0.028514176107937692,0.028629437154698335,-0.04363917690615818,0.04375443795291882
2025-12-15,0.0046981992706263,-0.0005137587210772311,-0.02908561434050312,0.028058096898348657,-0.044210641071461436,0.04318312362930698
2025-12-16,-0.0140663242812708,-0.0013079042187639101,-0.029879710850081925,0.0272639024125541,-0.04500471164830241,0.04238890321077459
2025-12-17,-0.0018080142114102,0.0013573699539982534,-0.02721444535026528,0.029929185258261784,-0.042339450739665795,0.0450541906476623
2025-12-18,-0.0063059254629388,0.00047710992283749227,-0.02809469670848052,0.029048916554155507,-0.04321969750670101,0.04417391735237599
2025-12-19,0.0133607468056968,0.0016722630137748645,-0.02689954554105703,0.030244071568606756,-0.042024547357524256,0.04536907338507398
2025-12-22,0.0183669431482161,-0.0004419432519007448,-0.029013749883218757,0.02812986337941727,-0.04413875068143924,0.043254864177637756
2025-12-23,0.0087516907739925,-0.0010452471261483522,-0.029617054228469008,0.027526559976172305,-0.044742055276023235,0.042651561023726525
2025-12-24,0.0098917405312216,-0.000916379505571251,-0.029488186136889263,0.027655427125746763,-0.04461318693510975,0.042780427923967246
2025-12-26,-0.0038351281688196,-0.0015155539182774382,-0.030087360651009268,0.02705625281445439,-0.04521236150291498,0.04218125366636011
2025-12-29,-0.0127675899778345,9.919107426314923e-05,-0.028447635036652798,0.028646017185179097,-0.04355941194616731,0.04375779409469361
2025-12-30,-0.0010197412309997,0.0018251722215007074,-0.02675477016872347,0.030405114611724883,-0.041884077777554075,0.04553442222055549
2025-12-31,-0.0037173383711836,0.0006880210167062078,-0.02785880509420974,0.029234847127622154,-0.04297058200372425,0.04434662403713667
2026-01-02,0.0100664748646615,0.0009358515230718465,-0.02764375175528915,0.029515454801432844,-0.04277287984914307,0.04464458289528676
2026-01-05,0.0259597743402569,-0.00013353007834824486,-0.02868035618926419,0.028413296032567703,-0.043792133098778704,0.043525072942082216
2026-01-06,0.006205451451893,-0.0019421628501257344,-0.030494399825670895,0.026610074125419426,-0.04560904107389846,0.041724715373647
2026-01-07,-0.0230360712353699,-0.0006256072465334769,-0.029172433357449425,0.02792121886438247,-0.044284210266963935,0.043032995773896986
2026-01-08,0.0085265546443945,0.0014903421669115926,-0.027057059496863017,0.0300377438306862,-0.042169141085656614,0.0451498254194798
2026-01-09,-0.0018210150818506,-0.0008470255465861948,-0.02939385165750214,0.027699800564329753,-0.044505628567016654,0.042811577473844266
2026-01-12,-0.0143804101542097,0.0015003637298611023,-0.0270466612718339,0.030047388731556105,-0.04215854346776697,0.04515927092748917
2026-01-13,-0.0427833915000689,0.0019833050572229324,-0.026563521053693015,0.03053013116813888,-0.04167529796320753,0.04564190807765339
2026-01-14,-0.0097936973413868,0.005085282046822634,-0.02346159674832584,0.033632160841971105,-0.038573401547188385,0.04874396564083365
2026-01-15,0.0045047785331218,0.0026977231016226165,-0.025849103009293332,0.031244549212538563,-0.04096087991880784,0.04635632612205308
2026-01-16,0.0103260898501078,0.0024968636360924675,-0.026049971952062587,0.031043699224247524,-0.041161753878524436,0.04615548115070937
2026-01-20,-0.0316341493978327,0.0008597028194030912,-0.027687123291512857,0.02940652893031904,-0.04279890020102737,0.04451830583983355
2026-01-21,-0.0023148318510328,0.003955851930080753,-0.024590976308793734,0.03250268016895524,-0.03970275434478145,0.04761445820494296
2026-01-22,0.0052503837244548,0.0008106380317699621,-0.027736188079145987,0.029357464142685908,-0.042847964988660496,0.044469241052200424
2026-01-23,-0.0196564193584937,0.0014448174932233451,-0.027102009143041943,0.029991644129488633,-0.0422137863306596,0.04510342131710629
2026-01-26,0.0110897230779725,0.003226817667842035,-0.025320008443073912,0.03177364377875798,-0.04043178535258843,0.04688542068827249
2026-01-27,-0.0024279083313235,-0.00036687414017856905,-0.02891370036555084,0.0281799520851937,-0.044025477335654865,0.04329172905529773
2026-01-28,0.0015305501934897,0.0016219234431402271,-0.026902708732144436,0.03014655561842489,-0.042002736881824806,0.04524658376810527
2026-01-29,0.0186109371769242,0.0003868686032407074,-0.028170517916891163,0.028944255123372575,-0.043287885169357436,0.04406162237583885
2026-01-30,-0.0017311456202123,-0.0012872147478993933,-0.029811846923184056,0.02723741742738527,-0.04491187507286443,0.04233744557706565
2026-02-02,0.0073286646031493,0.0006178060698836249,-0.02793920773586078,0.02917481987562803,-0.043056377685248504,0.044291989825015754
2026-02-03,0.0215420816283413,-0.0010030732237715626,-0.029527705399056227,0.0275215589515131,-0.0446277335487366,0.04262158710119347
2026-02-04,0.0076567574247016,-0.0015741927625145368,-0.030104042930896233,0.02695565740586716,-0.04520683331926792,0.04205844779423884
2026-02-05,-0.0226648065750887,-0.0008054452922973394,-0.029330077467582004,0.027719186882987322,-0.04443010561726238,0.042819215032667696
2026-02-06,0.0387046865311373,0.0016649571595948834,-0.026860221319843905,0.030190135639033673,-0.041960538665474466,0.04529045298466423
2026-02-09,-0.0009309164146874,-0.0039029168204206795,-0.032427548995705345,0.024621715354863984,-0.04752757714538572,0.039721743504544355
2026-02-10,-0.0119305806122636,0.0010704144868512759,-0.027454407429684063,0.029595236403386616,-0.04255453602231525,0.0446953649960178
2026-02-11,-0.0237175046223753,0.00031603595632883805,-0.028208596218955825,0.0288406681316135,-0.0433086243686362,0.04394069628129387
2026-02-12,-0.0266699613246882,0.002498182946106085,-0.026026498802865637,0.031022864695077805,-0.04112655319527073,0.0461229190874829
2026-02-13,-0.0002975160057821,0.0038923161616163373,-0.024632316013668325,0.032416948336901,-0.0397323441633487,0.047516976486581375
2026-02-17,0.0150246139021232,0.0020952674298671215,-0.02642937349822088,0.030619908357955125,-0.04152940628135546,0.045719941141089696
2026-02-18,0.0053579186371706,0.0007435173662985208,-0.02778111480898614,0.029268149541583185,-0.04288114295866652,0.044368177691263555
2026-02-19,-0.0023669774266768,0.0005480006820457108,-0.027976633447451278,0.0290726348115427,-0.04307666263162917,0.04417266399572059
2026-02-20,0.0088554026040943,0.00031892908628607423,-0.02820570308899859,0.028843561261570737,-0.043305731238678966,0.04394358941125111
2026-02-23,-0.0431319349744474,-0.000670017765955217,-0.029194650419880265,0.02785461488796983,-0.044294678822937555,0.04295464329102712
2026-02-24,-0.0012438465190301,0.00482122358581782,-0.023703408589466842,0.03334585576110248,-0.03880343673914722,0.048445883910782854
2026-02-25,0.0199806855027414,0.0007246351105274441,-0.027799997167575027,0.029249267388629912,-0.04290002537168386,0.044349295592738744
2026-02-26,0.0092874898391456,0.0009093955227166552,-0.027601008168997073,0.029419799214430383,-0.0426935042144551,0.04451229525988841
2026-02-27,-0.0192279299464681,-0.00039890253771050527,-0.028967764375454206,0.028169959300033198,-0.04409120629412127,0.043293401218700255
2026-03-02,-0.0091660572214412,0.001577670190350429,-0.0269327335013633,0.030088073882064158,-0.04202522954682133,0.04518056992752218
2026-03-03,0.0090329213896665,0.0015891096732976535,-0.02697920318912842,0.030157422535723725,-0.042102354497816755,0.04528057384441206
2026-03-04,-0.0029016782863138,0.0006809761786966647,-0.027829427513017063,0.029191379870410393,-0.04292192355847509,0.044283875915868416
2026-03-05,-0.0196991792957101,0.0012875399043073593,-0.027233061156211155,0.029808140964825872,-0.04233095536263612,0.044906035171250844
2026-03-06,-0.0139616929761623,0.002428421494347464,-0.026081982197366266,0.03093882518606119,-0.04117447824282429,0.04603132123151922
2026-03-09,0.0015188212200543,0.0022201879389698344,-0.026291563910993434,0.030731939788933103,-0.04138477362831909,0.04582514950625877
2026-03-10,-0.0041130357515251,0.0019159457198528527,-0.026594457971860875,0.03042634941156658,-0.0416869540173189,0.04551884545702461
2026-03-11,-0.0041996485938061,0.002366361785147109,-0.02614461242489724,0.030877335995191456,-0.04123741048451619,0.045970134054810416
2026-03-12,-0.0162342035400109,0.001522854868291117,-0.02698754882342261,0.030033258560004845,-0.04208004486888064,0.04512575460546287
2026-03-13,0.0019422878861217,0.002752681583448313,-0.025757891065611976,0.0312632542325086,-0.040850476551686575,0.046355839718583196
2026-03-16,0.0095506385774794,0.0011034691445364969,-0.02740693454717723,0.029613872836250225,-0.04249943059263526,0.04470636888170825
