date,actual,predicted,lower_80,upper_80,lower_95,upper_95
2022-01-03,0.0057735555654881,0.0007950778957941497,-0.014640819161068734,0.016230974952657035,-0.022812089473754966,0.024402245265343264
2022-01-04,-0.0003351668472609,-0.00024027516773712516,-0.015677779184888708,0.015197228849414459,-0.02384990017096647,0.02336934983549222
2022-01-05,-0.0193888455728941,0.0004145411843560823,-0.015021355872506803,0.015850438241218966,-0.023192626185193032,0.0240217085539052
2022-01-06,-0.0009398364805836,0.0027939960631030683,-0.01264192434625659,0.018229916472462727,-0.020813207021007876,0.026401199147214012
2022-01-07,-0.0039615141935245,0.0008476281786073905,-0.014588268878255494,0.016283525235470275,-0.022759539190941726,0.024454795548156504
2022-01-10,-0.001245057954625,0.0009777013366588036,-0.014458196059617222,0.01641359873293483,-0.022629466551977916,0.02458486922529552
2022-01-11,0.0090669519271144,0.0006664932994775071,-0.014769403757385377,0.016102390356340392,-0.02294067407007161,0.02427366066902662
2022-01-12,0.0026999331456116,-0.0006148018099603906,-0.016050698871756433,0.014821095251835652,-0.02422196918705412,0.022992365567133338
2022-01-13,-0.0138743935845728,-1.1025405922037096e-06,-0.015436999597455089,0.01543479451627068,-0.023608269910141318,0.023606064828956913
2022-01-14,0.0004089167800243,0.002070987060352769,-0.013364909996581817,0.017506884117287354,-0.021536180309306003,0.02567815443001154
2022-01-18,-0.0178682698515827,0.0005988341608764081,-0.014837062895986476,0.016034731217739292,-0.023008333208672706,0.024206001530425524
2022-01-19,-0.0104379002517116,0.002624821947108293,-0.012811075109755633,0.01806071900397222,-0.020982345422442417,0.026231989316659005
2022-01-20,-0.0111297447801096,0.001973279320778893,-0.013462617736083992,0.017409176377641777,-0.02163388804877022,0.02558044669032801
2022-01-21,-0.0198258391230818,0.001978137791248211,-0.01345775926561469,0.01741403484811111,-0.02162902957830093,0.02558530516079735
2022-01-24,0.0042377513958728,0.003027112451545765,-0.01240878460531712,0.01846300950840865,-0.02058005491800335,0.02663427982109488
2022-01-25,-0.0122842076212494,0.0002525028563145697,-0.015183394200548315,0.015688399913177456,-0.023354664513234546,0.023859670225863685
2022-01-26,-0.0025118434249607,0.0019098638661259352,-0.01352603319073695,0.01734576092298882,-0.02169730350342318,0.02551703123567505
2022-01-27,-0.0049502214246948,0.0009315305316181789,-0.014504366525244707,0.016367427588481063,-0.022675636837930935,0.024538697901167295
2022-01-28,0.0245320510646229,0.0011075514564824241,-0.01432834560038046,0.01654344851334531,-0.022499615913066692,0.02471471882603154
2022-01-31,0.0178508613254989,-0.002425568907698276,-0.01786146596456116,0.01301032814916461,-0.026032736277247392,0.021181598461850838
2022-02-01,0.0067342165056911,-0.0020194788217008696,-0.017457337679573907,0.01341838003617217,-0.02562964650698297,0.02159068886358123
2022-02-02,0.0096671529427499,-0.0003593309735074863,-0.01579869986239133,0.015080037915376359,-0.02397180805193169,0.023253146104916713
2022-02-03,-0.0237856363750653,-0.0008411801346125531,-0.016279038992485593,0.014596678723260486,-0.024451347819894654,0.022768987550669546
2022-02-04,0.0046911472043689,0.0031228505493320602,-0.012315029574456555,0.018560730673120675,-0.02048734965936131,0.02673305075802543
2022-02-07,-0.0032145705590668,0.0001958510928593142,-0.015242007765013724,0.015633709950732353,-0.023414316592422785,0.023806018778141414
2022-02-08,0.0081942225140955,0.0007901084828423523,-0.014647750674564197,0.016227967640248902,-0.02282005966053672,0.024400276626221427
2022-02-09,0.0145300312349111,-0.0004950375991716531,-0.015932896457044692,0.014942821258701385,-0.024105205284453753,0.023115130086110446
2022-02-10,-0.0181288279526869,-0.0013998522010326244,-0.016837711063124646,0.014038006661059397,-0.0250100198927671,0.022210315490701852
2022-02-11,-0.0199156509696613,0.002369340677366992,-0.013068518180506047,0.017807199535240032,-0.021240827007915106,0.025979508362649093
2022-02-14,-0.0032747326475612,0.003028674889484357,-0.012409183968448107,0.01846653374741682,-0.020581492795888626,0.026638842574857338
2022-02-15,0.0159980352459712,0.0011319608319838453,-0.014305898025889193,0.016569819689856883,-0.022478206853298256,0.024742128517265944
2022-02-16,0.0011203459296294,-0.0013804543364161074,-0.016818313194289985,0.014057404521457768,-0.02499062202169949,0.022229713348867277
2022-02-17,-0.0215927225352276,8.70693556228568e-05,-0.015350789502250183,0.015524928213495895,-0.023523098329659244,0.023697237040904956
2022-02-18,-0.0064963326669896,0.002956845940939397,-0.012481012916933654,0.018394704798812448,-0.02065332174434272,0.026567013626221513
2022-02-22,-0.0107895767041087,0.0015057791294355556,-0.013932079728437484,0.016943637987308593,-0.022104388555846545,0.025115946814717655
2022-02-23,-0.0178979097134552,0.0018430916024210814,-0.013594767255451957,0.01728095046029412,-0.02176707608286102,0.02545325928770318
2022-02-24,0.014936994000944,0.002726748026076487,-0.012711110831796551,0.018164606883949524,-0.020883419659205614,0.026336915711358586
2022-02-25,0.0218240774589934,-0.0010652572607959042,-0.016503116118668944,0.014372601597077135,-0.024675424946078005,0.022544910424486194
2022-02-28,-0.0025617137706586,-0.0023326619474503354,-0.017770520805323375,0.013105196910422704,-0.025942829632732436,0.021277505737831763
2022-03-01,-0.0153474089138259,0.0004110507791540203,-0.015026808078719018,0.015848909637027057,-0.02319911690612808,0.02402121846443612
2022-03-02,0.0182290785919554,0.0022199552162613014,-0.013232253304112079,0.01767216373663468,-0.02141215838399381,0.025852068816516416
2022-03-03,-0.0049909976963634,-0.0016948708286887862,-0.017148524085942144,0.01375878242856457,-0.0253291939633302,0.02193945230595263
2022-03-04,-0.0081577475346958,0.0007808940368423877,-0.014671314483530993,0.01623310255721577,-0.022851219563412725,0.0244130076370975
2022-03-07,-0.029922563828472,0.0014455445935103728,-0.01400668381624404,0.016897773003264786,-0.022186599424928094,0.02507768861194884
2022-03-08,-0.0076104570280483,0.0040498680317108795,-0.0114023404886625,0.01950207655208426,-0.019582245568544234,0.02768198163196599
2022-03-09,0.0264574625885462,0.0017393146065444952,-0.01371289418767975,0.01719152340076874,-0.021892799412529376,0.025371428625618364
2022-03-10,-0.0045255650483702,-0.0025283017745368853,-0.017980510294910265,0.012923906745836496,-0.026160415374792,0.021103811825718227
2022-03-11,-0.0127966744559539,0.0006061013029823178,-0.01484610722116164,0.016058309827126277,-0.023026012303039398,0.024238214909004033
2022-03-14,-0.007335113535344,0.0019447387229637307,-0.01350746979740965,0.01739694724333711,-0.02168737487729138,0.025576852323218845
2022-03-15,0.0217520085115718,0.00146083789079645,-0.013991370629628845,0.016913046411221745,-0.02217127570953806,0.02509295149113096
2022-03-16,0.0219321162324856,-0.0020089388966211827,-0.017461147416994564,0.013443269623752196,-0.025641052496876295,0.02162317470363393
2022-03-17,0.0124332459489614,-0.0024372295383072885,-0.017889438058681383,0.013014978982066806,-0.026069343138563496,0.021194884061948915
2022-03-18,0.0108932070618712,-0.001372882880828054,-0.016825091401201434,0.014079325639545327,-0.025004996481083168,0.022259230719427057
2022-03-21,-0.0002924219005256,-0.0010672831958948208,-0.016519491716268212,0.014384925324478572,-0.02469939679614995,0.02256483040436031
2022-03-22,0.0116336200064775,0.00028109897904972944,-0.015171109541323651,0.01573330749942311,-0.023351014621205382,0.023913212579304843
2022-03-23,-0.0129622092399867,-0.0009600857072673469,-0.016412294227640727,0.014492122813106034,-0.02459219930752246,0.022672027892987764
2022-03-24,0.0149617490238254,0.0017803531138219676,-0.013671855406551412,0.01723256163419535,-0.021851760486433145,0.02541246671407708
2022-03-25,0.0048718426107355,-0.0011746862544564775,-0.016626894774829856,0.014277522265916902,-0.02480679985471159,0.022457427345798635
2022-03-28,0.0070878698082641,-0.00033747947780574995,-0.01578968799817913,0.01511472904256763,-0.023969593078060864,0.02329463412244936
2022-03-29,0.0122947668884226,-0.0004992705512345851,-0.015951479071607964,0.014952937969138795,-0.024131384151489698,0.023132843049020527
2022-03-30,-0.0061937997669104,-0.0010913425924218543,-0.01656171679410079,0.01437903160925708,-0.024751238204786943,0.022568553019943236
2022-03-31,-0.0155108717261449,0.0011390385834331566,-0.014332708781442162,0.016610785948308476,-0.022522957100815238,0.024801034267681554
2022-04-01,0.0028298234028618,0.0022966211142353816,-0.013173753087443552,0.017766995315914316,-0.02136327449812971,0.02595651672660047
2022-04-04,0.0085303854779394,0.0003144860817660813,-0.015155906535799483,0.015784878699331647,-0.02334543769526714,0.023974409858799305
2022-04-05,-0.0127119524197219,-0.000563305226112533,-0.016033679427791468,0.014907068975566401,-0.02422320083847762,0.023096590386252558
2022-04-06,-0.0100497560190895,0.0017910689001720459,-0.013679305548520228,0.01726144334886432,-0.02186882708996735,0.02545096489031144
2022-04-07,0.00502643001775,0.0017586538950722507,-0.013711720306606683,0.017229028096751184,-0.021901241717292838,0.02541854950743734
2022-04-08,-0.002677440984547,8.544381462209237e-06,-0.015461829823529935,0.015478918586454355,-0.02365135123597,0.023668439998894418
2022-04-11,-0.0172401167862401,0.0006980485396963752,-0.014772325661982558,0.01616842274137531,-0.022961847072668715,0.024357944152061464
2022-04-12,-0.0037121551975935,0.0024644965097006676,-0.013005877692022709,0.017934870711424043,-0.02119539910273239,0.026124392122133723
2022-04-13,0.0113885269198564,0.0011023208349654468,-0.014368053366713488,0.01657269503664438,-0.02255757477739964,0.024762216447330537
2022-04-14,-0.0125298952839973,-0.0008043245836824781,-0.01627469878536201,0.014666049617997053,-0.02446422019604848,0.022855571028683522
2022-04-18,0.0004111014487987,0.0017449703609446479,-0.013725403840734287,0.017215344562623584,-0.021914925251420442,0.025404865973309737
2022-04-19,0.0160136983088422,0.0005414560983054513,-0.014928918103373493,0.016011830299984396,-0.023118439514059654,0.024201351710670553
2022-04-20,-0.0007418957344242,-0.00140494085899868,-0.016875315060677614,0.014065433342680254,-0.02506483647136377,0.022254954753366408
2022-04-21,-0.0150664253395163,0.0003101841615199695,-0.015160190040158965,0.015780558363198905,-0.02334971145084512,0.02397007977388506
2022-04-22,-0.0278226492173993,0.0021678144683491274,-0.013302559733329807,0.01763818867002806,-0.021492081144015962,0.025827710080714217
2022-04-25,0.005780860246013,0.00386031591027429,-0.011610058291404645,0.019330690111953226,-0.0197995797020908,0.02752021152263938
2022-04-26,-0.0293885399814347,0.0001645470595465455,-0.015305827142132388,0.01563492126122548,-0.023495348552818544,0.023824442671911635
2022-04-27,0.0028079671299302,0.003809661197550227,-0.011660713004128707,0.01928003539922916,-0.019850234414814864,0.027469556809915315
2022-04-28,0.0249454836474786,0.00047259236906478164,-0.015005231631717054,0.015950416369846617,-0.023198696727828212,0.02414388146595778
2022-04-29,-0.0376555669730411,-0.0024333866035910045,-0.017912557352018757,0.01304578414483675,-0.02610673537326911,0.021239962166087097
2022-05-02,0.0060013257097984,0.004418405153139967,-0.011059418847641868,0.019896229153921804,-0.01925288394375303,0.02808969425003296
2022-05-03,0.0045734168039271,0.00021080270315885837,-0.015267039179228016,0.01568864458554573,-0.023460513741289088,0.023882119147606802
2022-05-04,0.0299986305313119,-0.00014393460336610428,-0.01562175860414794,0.015333889397415732,-0.0238152237002591,0.02352735449352689
2022-05-05,-0.0361897794132057,-0.0031172342558656945,-0.01859505849410342,0.012360589982372031,-0.026788523715916134,0.020554055204184747
2022-05-06,-0.0059867541695677,0.0041742038413146035,-0.011303620159467231,0.01965202784209644,-0.019497085255578393,0.027845492938207598
2022-05-09,-0.032541148932607,0.0015333104545978383,-0.013944513549337262,0.017011134458532938,-0.022137978647117657,0.025204599556313333
2022-05-10,0.0023076793675349,0.004288954911936334,-0.011188869088845501,0.01976677891271817,-0.019382334184956662,0.02796024400882933
2022-05-11,-0.0160134827083167,0.0005906838858316321,-0.014887140114992077,0.016068507886655342,-0.023080605211125402,0.024261972982788666
2022-05-12,-0.0010445651877335,0.002275749931159507,-0.01320207406962233,0.01775357393194134,-0.021395539165733488,0.025947039028052503
2022-05-13,0.0236264675368108,0.0007449794502889459,-0.014732844550493446,0.016222803451071337,-0.0229263096466049,0.02441626854718279
2022-05-16,-0.0040656260850199,-0.00227442227597653,-0.017752246276758366,0.013203401724805306,-0.025945711372869527,0.021396866820916464
2022-05-17,0.0203615284874315,0.0005687625802058102,-0.014909061420576032,0.016046586580987652,-0.023102526516687195,0.024240051677098817
2022-05-18,-0.0411465274647273,-0.0019184890120589762,-0.017396313012840812,0.01355933498872286,-0.025589778108951973,0.021752800084834018
2022-05-19,-0.0061434500413268,0.0048828389142006046,-0.010594985086581231,0.02036066291498244,-0.01878845018269239,0.0285541280110936
2022-05-20,0.0004364337897424,0.0016329789693102057,-0.01384484503147163,0.017110802970092043,-0.02203831012758279,0.0253042680662032
2022-05-23,0.0185371789624141,0.0005002374818885819,-0.014977586518893254,0.01597806148267042,-0.023171051615004414,0.024171526578781577
2022-05-24,-0.0076630416619711,-0.0017161547505685517,-0.017193978751350387,0.013761669250213285,-0.025387443847461548,0.021955134346324442
2022-05-25,0.0087961712093999,0.0010476484138523064,-0.01443017558692953,0.016525472414634142,-0.02262364068304069,0.0247189375107453
2022-05-26,0.019784455703576,-0.0005639748132857349,-0.016107703262580483,0.014979753636009013,-0.024336056066326887,0.023208106439755415
2022-05-27,0.0242525285277232,-0.0019090572985917477,-0.01745426313313179,0.013636148535948297,-0.02568339801738513,0.021865283420201637
2022-05-31,-0.0056266042714317,-0.002749373415384547,-0.018293101864679296,0.012794355033910201,-0.026521454668425697,0.021022707837656605
2022-06-01,-0.0081215927392447,0.0007263146507797849,-0.014817434306363855,0.016270063607923425,-0.023045797966309685,0.024498427267869258
2022-06-02,0.0188644539140539,0.0013876131298808337,-0.014156115319413916,0.01693134157917558,-0.022384468123160316,0.025159694382921986
2022-06-03,-0.0165477133800479,-0.0017047835041952755,-0.01724851223820335,0.013838945229812799,-0.025476865192667883,0.02206729818427733
2022-06-06,0.0030402048069892,0.0020978574240672187,-0.01344587102522753,0.017641585873361967,-0.02167422382897393,0.02586993867710837
2022-06-07,0.009546390001554,0.00023842441100470406,-0.015305304042242767,0.015782152864252174,-0.023533656848081615,0.024010505670091022
2022-06-08,-0.0109316634339097,-0.0007471775069796721,-0.016290905956274422,0.014796550942315077,-0.024519258760020823,0.02302490374606148
2022-06-09,-0.0240702272737695,0.0015495285960787234,-0.0139941998532709,0.01709325704542835,-0.02222255265704635,0.025321609849203796
2022-06-10,-0.0294245444972123,0.0033682383798687623,-0.012175490069425986,0.01891196682916351,-0.020403842873172387,0.027140319632909915
2022-06-13,-0.0387074043954674,0.004213416310131289,-0.01133031213916422,0.019757144759426797,-0.019558664942911023,0.027985497563173603
2022-06-14,-0.0030182982465097,0.005406765652664987,-0.010136962796629762,0.020950494101959736,-0.018365315600376166,0.029178846905706136
2022-06-15,0.0141559431841476,0.0013422392501592933,-0.014201489199135464,0.016885967699454052,-0.022429842002881867,0.025114320503200456
2022-06-16,-0.0336561549305472,-0.0011602573127837644,-0.016703985762078512,0.014383471136510985,-0.024932338565824917,0.022611823940257385
2022-06-17,0.0021533915637979,0.004178430364315285,-0.011365298084979464,0.019722158813610034,-0.019593650888725868,0.027950511617356434
2022-06-21,0.0248619344741804,0.0005881449724567464,-0.014955583476838003,0.016131873421751496,-0.023183936280584405,0.024360226225497897
2022-06-22,-0.0018144684182567,-0.0025105631821264853,-0.018054291631421235,0.013033165267168263,-0.026282644435167635,0.021261518070914667
2022-06-23,0.0097546900933022,0.0002675223702112029,-0.015276206079083546,0.01581125081950595,-0.02350455888282995,0.024039603623252352
2022-06-24,0.0312990683831244,-0.00076830208574451,-0.016312030535039258,0.014775426363550238,-0.02454038333878566,0.02300377916729664
2022-06-27,-0.0038270868212271,-0.003288806172920745,-0.018898425443397485,0.012320813097555996,-0.0271616587409059,0.02058404639506441
2022-06-28,-0.0206444589323814,0.0008117230602631563,-0.014799172060272276,0.016422618180798588,-0.02306308075200427,0.024686526872530583
2022-06-29,-0.0008147104151064,0.0027323614251901153,-0.012877257845286627,0.018341980695666858,-0.02114049114279504,0.02660521399317527
2022-06-30,-0.0081575044038511,0.0007426076332329148,-0.01486702805259138,0.01635224331905721,-0.023130270039859877,0.024615485306325704
2022-07-01,0.0105208583465237,0.001354604302988766,-0.014255014967487975,0.016964223573465508,-0.02251824826499639,0.02522745687097392
2022-07-05,0.0018867872331344,-0.0006987856293729337,-0.016308405111078565,0.014910833852332696,-0.024571638520404792,0.023174067261658927
2022-07-06,0.0033718635656012,5.1624882912925665e-05,-0.015557994387563816,0.015661244153389667,-0.02382122768507223,0.023924477450898082
2022-07-07,0.0148660310662407,-3.219472614354762e-05,-0.015641813999338342,0.015577424547051246,-0.0239050472982856,0.023840657845998505
2022-07-08,-0.0008229425501721,-0.0013454669036909238,-0.016955086174167664,0.014264152366785817,-0.02521831947167608,0.02252738566429423
2022-07-11,-0.011489438176798,0.00028523333835836593,-0.015324385932153352,0.015894852608870084,-0.023587619229680282,0.024158085906397012
2022-07-12,-0.0088881615823159,0.0016801997563153904,-0.01392941951416135,0.017289819026792132,-0.022192652811669766,0.025553052324300544
2022-07-13,-0.0052656119928418,0.0015433608285332565,-0.014066258441943938,0.01715298009901045,-0.02232949173945259,0.025416213396519102
2022-07-14,-0.0024314524360669,0.00111690726801046,-0.014492712002466282,0.0167265265384872,-0.022755945299974694,0.024989759835995617
2022-07-15,0.0189249306409093,0.0007470358038929438,-0.014862583466583805,0.016356655074369692,-0.02312581676409222,0.02461988837187811
2022-07-18,-0.0082913774236502,-0.001717509681450596,-0.017327128951927336,0.013892109589026145,-0.025590362249435752,0.02215534288653456
2022-07-19,0.0266606415480027,0.0010902380966206712,-0.01451938117385607,0.016699857367097413,-0.022782614471364485,0.024963090664605826
2022-07-20,0.0063530026492671,-0.0025560883155509844,-0.018165707586027726,0.013053530954925757,-0.026428940883536138,0.021316764252434173
2022-07-21,0.01013176818297,-0.0006660910792722597,-0.016275710349749003,0.014943528191204482,-0.024538943647257415,0.023206761488712896
2022-07-22,-0.0093214554603522,-0.0008803459254923894,-0.016489965195969132,0.014729273344984353,-0.024753198493477544,0.022992506642492767
2022-07-25,0.0012141178396585,0.0013020510352048159,-0.014307568235271927,0.016911670305681557,-0.02257080153278034,0.025174903603189972
2022-07-26,-0.0119014940837908,0.00035636104852296887,-0.015247357616858605,0.01596007971390454,-0.023507467322711577,0.024220189419757517
2022-07-27,0.0256349939770808,0.001714622046585806,-0.01389035879743335,0.01731960289060496,-0.022151136660296736,0.02558038075346835
2022-07-28,0.012464287960288,-0.0023578325372792083,-0.017961551202660783,0.013245886128102366,-0.026221660908513755,0.02150599583395534
2022-07-29,0.0144736123698739,-0.0013439533891909607,-0.01694768820931473,0.01425978143093281,-0.025207806466971645,0.022519899688589726
2022-08-01,-0.0029656833872618,-0.0014416755199885597,-0.017045394185370134,0.014162043145393014,-0.025305503891223106,0.022422152851245988
2022-08-02,-0.0066191635726911,0.0005230048733921366,-0.015080713998780365,0.016126723745564637,-0.02334082381410184,0.024386833560886115
2022-08-03,0.0155380972907039,0.0011540016475237891,-0.014449717017857784,0.01675772031290536,-0.022709826723710757,0.025017830018758336
2022-08-04,-0.0006757129387758,-0.0012807039631303424,-0.01688442263115898,0.014323014704898293,-0.025144532338413222,0.022583124412152534
2022-08-05,-0.001691747335136,0.0002779257049643331,-0.01532579296041724,0.015881644370345907,-0.023585902666270215,0.02414175407619888
2022-08-08,-0.0011613704700398,0.0005692896797703204,-0.01503442898564514,0.01617300834518578,-0.02329453869151605,0.02443311805105669
2022-08-09,-0.0039790668688444,0.0005422119012833208,-0.015061506764098252,0.016145930566664895,-0.023321616469951227,0.024406040272517866
2022-08-10,0.0207865548022497,0.0008579455526599236,-0.014745773112722084,0.016461664218041933,-0.023005882818575286,0.024721773923895133
2022-08-11,0.0,-0.0019083135004378117,-0.017512032165819386,0.013695405164943763,-0.025772141871672358,0.021955514870796736
2022-08-12,0.016787324981733,0.00013050202890058836,-0.015473216636480993,0.01573422069428217,-0.02373332634233397,0.023994330400135145
2022-08-15,0.0041121513272827,-0.001538143735240504,-0.017141862400622078,0.01406557493014107,-0.02540197210647505,0.022325684635994044
2022-08-16,0.0019568959613937,-0.00029286546601560876,-0.015896584131397183,0.015310853199365964,-0.024156693837250155,0.02357096290521894
2022-08-17,-0.0071234512102754,9.187076150884115e-05,-0.015511847903872732,0.015695589426890415,-0.023771957609725707,0.023955699132743386
2022-08-18,0.0029023097365299,0.0011627500245189304,-0.014440968640862643,0.016766468689900504,-0.022701078346715618,0.025026578395753476
2022-08-19,-0.0135293439312772,0.00014959497349546397,-0.01545412369188611,0.015753313638877036,-0.023714233397739082,0.02401342334473001
2022-08-22,-0.0210421817852244,0.001894043454411785,-0.013709675210969788,0.01749776211979336,-0.021969784916822763,0.02575787182564633
2022-08-23,-0.0024220728228673,0.0029311265610711826,-0.012672578987292505,0.018534832109434872,-0.02093268174941565,0.026794934871558013
2022-08-24,0.0031959761877015,0.0006629384708422669,-0.014941993665458805,0.01626787060714334,-0.02320274574401375,0.024528622685698283
2022-08-25,0.0140186792362619,0.00010330226353349477,-0.015500403284830194,0.015707007811897183,-0.023760506046953338,0.023967110574020324
2022-08-26,-0.0344348334518878,-0.0012150981849768875,-0.016818819208282876,0.0143886228383291,-0.025078930162345636,0.022648733792391858
2022-08-29,-0.0066344977940203,0.004087197680309416,-0.011516507868054273,0.019690903228673104,-0.019776610630177414,0.027951005990796248
2022-08-30,-0.0110383554874317,0.0015597763735403385,-0.014043929370081946,0.017163482117162624,-0.022304032235568743,0.025423584982649423
2022-08-31,-0.0076382063467501,0.0017699651169692308,-0.013833740431394457,0.017373670665332918,-0.0220938431935176,0.025633773427456062
2022-09-01,0.0031329103562021,0.0014118774471775703,-0.01419182810364984,0.017015582998004982,-0.0224519308670772,0.025275685761432343
2022-09-02,-0.0106004619046139,0.00016155097549810143,-0.015442154572865588,0.01576525652386179,-0.02370225733498873,0.024025359285984933
2022-09-06,-0.0037802382325917,0.0015637070304154368,-0.014039998517979338,0.01716741257881021,-0.022300101280118938,0.025427515340949808
2022-09-07,0.0178056119299072,0.0009551786692756066,-0.014648526879088082,0.016558884217639295,-0.022908629641211223,0.02481898697976244
2022-09-08,0.0065149371799237,-0.0015378983346566355,-0.017141603883020714,0.014065807213707444,-0.025401706645144063,0.022325909975830793
2022-09-09,0.0154157446592241,-0.0005496722319912959,-0.016153377780354986,0.015054033316372393,-0.024413480542478126,0.023314136078495536
2022-09-12,0.0106904151590841,-0.0014384831726033925,-0.017042188720967084,0.0141652223757603,-0.025302291483090232,0.022425325137883444
2022-09-13,-0.0444562360800537,-0.0010075314987436274,-0.016611237047107315,0.014596174049620061,-0.02487133980923046,0.022856276811743202
2022-09-14,0.0038086638906468,0.0052354305169126595,-0.010368275031451029,0.020839136065276348,-0.018628377793574173,0.02909923882739949
2022-09-15,-0.0114182351719806,0.0005151592238175846,-0.015088546324546103,0.016118864772181274,-0.023348649086669247,0.024378967534304415
2022-09-16,-0.0076583257235248,0.001695355474887218,-0.013908350073476471,0.017299061023250906,-0.022168452835599612,0.02555916378537405
2022-09-19,0.0077250608737782,0.0014055795429566368,-0.014198126005407052,0.017009285091320325,-0.022458228767530196,0.025269387853443466
2022-09-20,-0.0115448594267694,-0.0003549670485002565,-0.015958672596863944,0.015248738499863431,-0.024218775358987088,0.023508841261986574
2022-09-21,-0.0175976874299656,0.0015891547571127377,-0.014036918157987575,0.01721522767221305,-0.02230886148882627,0.02548717100305175
2022-09-22,-0.0084354796733566,0.002321803463432657,-0.013305483956912782,0.017949090883778097,-0.02157807020799236,0.026221677134857676
2022-09-23,-0.0168965975338886,0.0015611640987241342,-0.01406490881637618,0.017187237013824446,-0.022336852147214876,0.025459180344663143
2022-09-26,-0.0099419630180953,0.0023765553253320315,-0.013249532825178312,0.018002643475842375,-0.0215214842211559,0.026274594871819962
2022-09-27,-0.0025561287496888,0.0017207566926618423,-0.013905316222438471,0.017346829607762154,-0.02217725955327717,0.02561877293860085
2022-09-28,0.0194851618788082,0.0008147693946580582,-0.014811303711585568,0.016440842500901685,-0.023083247143609417,0.024712785932925536
2022-09-29,-0.0211100989317636,-0.0017532586050487066,-0.01737933152014902,0.013872814310051607,-0.025651274850987716,0.022144757640890304
2022-09-30,-0.0155842790367061,0.0025055576191021288,-0.013120515298396269,0.018131630536600527,-0.021392458630504433,0.02640357386870869
2022-10-03,0.0260588077814493,0.0023640265377313672,-0.013262046377368945,0.01799009945283168,-0.021533989708207642,0.026262042783670378
2022-10-04,0.0305160359443124,-0.002316288762304065,-0.017942361677434467,0.013309784152826338,-0.026214305008289092,0.02158172748368096
2022-10-05,-0.0023310103771122,-0.0033397482089047147,-0.01896582112400503,0.012286324706195598,-0.027237764454843723,0.020558268037034297
2022-10-06,-0.0103691602746493,0.00022477563068796266,-0.015401297284412729,0.015850848545788655,-0.023673240615251622,0.02412279187662755
2022-10-07,-0.028290394037294,0.0015243797397938483,-0.014101693175306464,0.01715045265489416,-0.022373636506145163,0.025422395985732857
2022-10-10,-0.0076645964708266,0.003677286297588532,-0.011948786617511788,0.019303359212688852,-0.020220729948350485,0.02757530254352755
2022-10-11,-0.0063530436969125,0.001608156391590932,-0.01401791652350938,0.017234229306691246,-0.022289859854348077,0.025506172637529943
2022-10-12,-0.0033040603078123,0.0012294895997206315,-0.014396583315379682,0.016855562514820944,-0.02266852664621838,0.02512750584565964
2022-10-13,0.0260488092973281,0.0008455621035845429,-0.01478051081151577,0.016471635018684854,-0.02305245414235447,0.02474357834952355
2022-10-14,-0.0230521908412465,-0.0024852258694766467,-0.01811129878457696,0.013140847045623665,-0.026383242115415657,0.021412790376462362
2022-10-17,0.025372219057527,0.0026414483763065482,-0.012984624538793765,0.018267521291406862,-0.02125656786963246,0.02653946462224556
2022-10-18,0.0116811387334843,-0.002208286320765838,-0.01783435923586615,0.013417786594334475,-0.026106302566704848,0.021689729925173172
2022-10-19,-0.0071116917213564,-0.001199627210966181,-0.01686870590859198,0.01446945148665962,-0.025163415125516196,0.022764160703583836
2022-10-20,-0.0084206819140455,0.0011386872122131882,-0.014531534093607489,0.016808908518033863,-0.02282684817077322,0.025104222595199593
2022-10-21,0.0240108618954395,0.0013646480808829546,-0.014304430616742846,0.017033726778508756,-0.02259913983366706,0.025328435995432972
2022-10-24,0.0121624245317002,-0.002176609281541398,-0.017845701860204052,0.013492483297121258,-0.026140418425305307,0.021787199862222512
2022-10-25,0.0158421876844972,-0.0012511361845797759,-0.016920214882205575,0.014417942513046025,-0.02521492409912979,0.02271265172997024
2022-10-26,-0.0075627400739976,-0.001556683276402416,-0.017225762142681032,0.014112395589876202,-0.02552047144888465,0.022407104896079822
2022-10-27,-0.0053541166413056,0.0009905672420368072,-0.014678511455588994,0.01665964593966261,-0.022973220672513207,0.024954355156586824
2022-10-28,0.0235120494205142,0.0010281777107396628,-0.014640900988935251,0.016697256410414578,-0.0229356102069442,0.024991965628423526
2022-10-31,-0.00724950331479,-0.002149929792427229,-0.01781900849005303,0.01351914890519857,-0.026113717706977246,0.021813858122122786
2022-11-01,-0.004385165748474,0.0008905695092674443,-0.014778509188383252,0.016559648206918142,-0.023073218405320648,0.024854357423855538
2022-11-02,-0.0254167144385083,0.0009099554651690964,-0.014759123232456704,0.016579034162794895,-0.023053832449380918,0.024873743379719114
2022-11-03,-0.0103502496728574,0.0032303332833174174,-0.012438745414308686,0.01889941198094352,-0.02073345463123306,0.027194121197867894
2022-11-04,0.0142904230384806,0.0018253728030296068,-0.013843705894596194,0.017494451500655407,-0.02213841511152041,0.025789160717579623
2022-11-07,0.0095201761001774,-0.0010455467364021442,-0.016714625434027953,0.014623531961223664,-0.02500933465095217,0.022918241178147877
2022-11-08,0.0053808380381436,-0.0008361903150340723,-0.016505269012659873,0.014832888382591728,-0.024799978229584088,0.023127597599515944
2022-11-09,-0.020817196629359,-0.0003568488392200593,-0.01602592753684586,0.01531222985840574,-0.024320636753770074,0.023606939075329958
2022-11-10,0.0534972432566201,0.0025837057576658757,-0.013085372939959924,0.018252784455291677,-0.02138008215688414,0.026547493672215892
2022-11-11,0.0096320909422656,-0.005283589904825699,-0.0209526686024515,0.010385488792800102,-0.029247377819375715,0.018680198009724317
2022-11-14,-0.0085431040413981,-0.0013156711056009499,-0.01698474980322675,0.014353407592024851,-0.025279459020150965,0.022648116808949067
2022-11-15,0.0084927633916531,0.0011250874778592278,-0.014543991219766572,0.01679416617548503,-0.022838700436690788,0.025088875392409244
2022-11-16,-0.0076580897516015,-0.00046756071262722156,-0.016174819839268766,0.015239698414014324,-0.024489740554429373,0.023554619129174934
2022-11-17,-0.0030643134724522,0.0012139947659206458,-0.014494409460375422,0.016922398992216713,-0.022809936354676614,0.025237925886517906
2022-11-18,0.0045301028944856,0.0008056085613846483,-0.014901650565256898,0.016512867688026196,-0.023216571280417504,0.024827788403186803
2022-11-21,-0.0036428878213624,-7.784222616938412e-05,-0.015785115262327384,0.015629430809988618,-0.02410004334074123,0.02394435888840246
2022-11-22,0.0133672834036777,0.0007367794441669645,-0.01497047968247458,0.01644403857080851,-0.02328540039763519,0.024758959285969117
2022-11-23,0.0062819626354906,-0.0010499504799094,-0.016757209775528057,0.014657308815709256,-0.025072130580139747,0.022972229620320944
2022-11-25,-0.0002238361401986,-0.00046532516076248443,-0.01617258428740403,0.015241933965879062,-0.02448750500256464,0.023556854681039668
2022-11-28,-0.0160855292936236,0.0003161722683194135,-0.01539108686037492,0.016023431397013746,-0.023706007576622213,0.024338352113261037
2022-11-29,-0.001719100086647,0.002150513151393467,-0.013556745975248079,0.017857772278035013,-0.021871666690408686,0.02617269299319562
2022-11-30,0.031014616438176,0.0007692358206617968,-0.014938023306004683,0.016476494947328276,-0.023252944021178498,0.02479141566250209
2022-12-01,-0.0007361086248296,-0.0029908957096415507,-0.018698154836283096,0.012716363416999995,-0.027013075551443704,0.021031284132160603
2022-12-02,-0.0011544789152855,9.421415472464446e-05,-0.015613044971917203,0.015801473281366493,-0.023927965687077973,0.024116393996527263
2022-12-05,-0.0181528627804725,0.0004803628808200885,-0.015226896245821457,0.016187622007461634,-0.023541816960982065,0.024502542722622242
2022-12-06,-0.0145198037815671,0.00239647683844377,-0.013310782288197778,0.01810373596508532,-0.02162570300335839,0.02641865668024593
2022-12-07,-0.0017025533978157,0.0022072359397802984,-0.013500023186861247,0.017914495066421843,-0.021814943902021856,0.02622941578158245
2022-12-08,0.0078032999222665,0.0007736677166310912,-0.014933591410010454,0.016480926843272636,-0.023248512125171063,0.024795847558433243
2022-12-09,-0.0074981736031193,-0.00043206923844342905,-0.016139328365084974,0.015275189888198117,-0.024454249080245582,0.023590110603358725
2022-12-12,0.0143143090734794,0.0011215550031544773,-0.01458570412348707,0.016828814129796022,-0.022900624838647677,0.02514373484495663
2022-12-13,0.0075413325455282,-0.0011113651030687337,-0.01681862422971028,0.014595894023572812,-0.025133544944870887,0.02291081473873342
2022-12-14,-0.0064140587183222,-0.0006109626094253693,-0.016318221736066917,0.015096296517216177,-0.024633142451227524,0.023411217232376783
2022-12-15,-0.0247659298396268,0.000979212267843017,-0.014722796109623916,0.016681220645309948,-0.023034937246073174,0.02499336178175921
2022-12-16,-0.0118763262776633,0.0030650423459097184,-0.012638092206031081,0.018768176897850517,-0.020950829503235447,0.027080914195054883
2022-12-19,-0.0085158260181361,0.0019931941786544972,-0.013708814198812435,0.01769520255612143,-0.022020955335261695,0.02600734369257069
2022-12-20,0.0013675516919786,0.0014594211781243606,-0.014242600767083741,0.017161443123332464,-0.02255474908586132,0.025473591442110043
2022-12-21,0.0148417611995651,0.0003558656483333015,-0.01534614272913363,0.016057874025800233,-0.023658283865582892,0.024370015162249493
2022-12-22,-0.014368925572029,-0.0012505697022452901,-0.016952578243188885,0.014451438838698306,-0.025264719466177463,0.022763580061686883
2022-12-23,0.0057357570463694,0.0017820596712928632,-0.013919948706174069,0.017484068048759797,-0.02223208984262333,0.025796209185209057
2022-12-27,-0.0039512728665221,-9.231751561019518e-05,-0.015794325895046847,0.015609690863826457,-0.02410646703253881,0.02392183200131842
2022-12-28,-0.0125057654351209,0.0007654401605961781,-0.014936568216870755,0.01646744853806311,-0.023248709353320015,0.02477958967451237
2022-12-29,0.0178403564503843,0.0017985851542812836,-0.01390342322320938,0.017500593531771948,-0.022215564359671203,0.02581273466823377
2022-12-30,-0.0026377128422057,-0.0014190341127997912,-0.017121042490266723,0.014282974264667141,-0.025433183626715983,0.022595115401116403
2023-01-03,-0.0042186427870198,0.000475607754900695,-0.015226400622566525,0.016177616132367914,-0.023538541759015937,0.024489757268817323
2023-01-04,0.0076904256568609,0.0008571103703123656,-0.014844898007154567,0.016559118747779298,-0.023157039143603828,0.024871259884228558
2023-01-05,-0.0114788904768265,-0.0004082435004905729,-0.016110251877957508,0.015293764876976363,-0.024422393014406768,0.023605906013425625
2023-01-06,0.0226729902543951,0.0015570327608742675,-0.014144975616592665,0.0172590411383412,-0.022457116753041927,0.02557118227479046
2023-01-09,-0.000567158665336,-0.0019760153806932896,-0.017678023758160223,0.013725992996773642,-0.025990164894609483,0.022038134133222902
2023-01-10,0.0069884802618128,0.000187186865347942,-0.015514821512118991,0.015889195242814874,-0.02382696264856825,0.024201336379264134
2023-01-11,0.0125683973041157,-0.0004047282685152835,-0.016106736645982216,0.01529728010895165,-0.024418877782431476,0.02360942124540091
2023-01-12,0.0036343903866132,-0.0010821958169349058,-0.01678420419440184,0.014619812560532026,-0.0250963453308511,0.022931953696981287
2023-01-13,0.003871813534078,-0.0001758948459925076,-0.01587790322345944,0.015526113531474425,-0.0241900443599087,0.023838254667923685
2023-01-17,-0.0018333833920198,-0.0001028042512218529,-0.015801782566165656,0.01559617406372195,-0.024112319684406604,0.023906711181962897
2023-01-18,-0.015914047692293,0.0005761820473182354,-0.015123914700384001,0.01627627879502047,-0.023435043881163468,0.024587407975799936
2023-01-19,-0.0073064728964957,0.002142787784743262,-0.01355619053020054,0.017841766099687066,-0.02186672764844149,0.02615230321792801
2023-01-20,0.0184575968767701,0.0013714957484629025,-0.014327495995593468,0.017070487492519274,-0.022638040222777187,0.025381031719702993
2023-01-23,0.0119270918666732,-0.00153106120898272,-0.017230039523926523,0.014167917105961082,-0.02554057664216747,0.02247845422420203
2023-01-24,-0.0010736909586738,-0.0011364789110925098,-0.016835457387297845,0.014562499565112824,-0.02514599459090549,0.02287303676872047
2023-01-25,0.0003745986918416,0.0003341494546599648,-0.015364828860283838,0.016033127769603767,-0.023675365978524786,0.024343664887844715
2023-01-26,0.0109303918917495,0.000336212194860016,-0.015362766122020276,0.016035190511740308,-0.023673303241286338,0.02434572763100637
2023-01-27,0.0022951706332702,-0.000820165668853672,-0.016519143983797474,0.014878812646090131,-0.024829681102038422,0.02318934976433108
2023-01-30,-0.0126261634836716,-5.947196420666694e-07,-0.015699573034609126,0.01569838359532499,-0.02401011015286238,0.024008920713578245
2023-01-31,0.0145961416260574,0.0017243009995787596,-0.013974677315365043,0.01742327931452256,-0.022285214433605992,0.02573381643276351
2023-02-01,0.0105718621664394,-0.001069768073456833,-0.016768746388400913,0.014629210241487247,-0.025079283506642007,0.02293974735972834
2023-02-02,0.0144520655427287,-0.0009349610961701517,-0.016633939411113956,0.014764017218773651,-0.024944476529354904,0.023074554337014597
2023-02-03,-0.0106859674123308,-0.0013453914821727542,-0.01704436979711656,0.014353586832771052,-0.02535490691535751,0.022664123951012
2023-02-06,-0.0061303084649158,0.0013643260793443671,-0.014334652235599436,0.01706330439428817,-0.022645189353840384,0.025373841512529118
2023-02-07,0.0129939419181095,0.001162042833075965,-0.014536935481867838,0.016861021148019767,-0.022847472600108786,0.025171558266260715
2023-02-08,-0.0109950313278396,-0.0009558109941844018,-0.016654789309128205,0.014743167320759401,-0.024965326427369153,0.023053704439000348
2023-02-09,-0.0087070945408193,0.0014408854256841223,-0.01425809288925968,0.017139863740627925,-0.022568630007500628,0.025450400858868873
2023-02-10,0.0023310109217896,0.0014528035974377472,-0.014246174717506055,0.01715178191238155,-0.022556711835747003,0.025462319030622498
2023-02-13,0.0116708335388352,0.0002445241738439533,-0.01545445414109985,0.015943502488787755,-0.023764991259340798,0.024254039607028703
2023-02-14,-0.0004602852172719,-0.0009004530499723449,-0.016591124986424247,0.014790218886479557,-0.024897264973502246,0.023096358873557557
2023-02-15,0.0032420967218548,0.00043403596173952286,-0.015257739591160733,0.01612581151463978,-0.023564463797496462,0.02443253572097551
2023-02-16,-0.0138646168141873,2.5411393316776153e-05,-0.015665260543135127,0.015716083329768676,-0.023971400530213127,0.024022223316846676
2023-02-17,-0.0025014335609501,0.0018648854870806884,-0.013825799615515708,0.017555570589677084,-0.02213194657232959,0.025861717546490966
2023-02-21,-0.0202649494755162,0.0008237564242561145,-0.014866915512195787,0.016514428360708017,-0.023173055499273787,0.024820568347786016
2023-02-22,-0.0013789021120258,0.0026506213913062605,-0.013040050702234188,0.01834129348484671,-0.02134619077246984,0.02664743355508236
2023-02-23,0.0053052119691608,0.0007870312725832564,-0.014903640663868645,0.016477703209035157,-0.023209780650946647,0.024783843196113157
2023-02-24,-0.0107397917688574,-0.00014684121738285893,-0.015837513155709027,0.015543830720943308,-0.0241436531437792,0.02384997070901348
2023-02-27,0.0034001716731134,0.0015040017708046482,-0.014186670165647253,0.01719467370725655,-0.022492810152725255,0.02550081369433455
2023-02-28,-0.0037027290542829,0.00013977527748473432,-0.015550896658989531,0.015830447213959,-0.023857036646079365,0.024136587201048835
2023-03-01,-0.0038433941574849,0.0007666250255885055,-0.014924046910863397,0.01645729696204041,-0.023230186897941395,0.02476343694911841
2023-03-02,0.007747252473433,0.0008504557526917476,-0.014840216183760422,0.016541127689143918,-0.02314635617083856,0.024847267676222057
2023-03-03,0.0159104817511305,-0.00040643311988762396,-0.016097105056339527,0.015284238816564278,-0.024403245043417527,0.023590378803642276
2023-03-06,0.0006923743155574,-0.0014353961914032908,-0.017126068127855196,0.014255275745048614,-0.025432208114933196,0.022561415732126614
2023-03-07,-0.0154471471954775,0.00011448874155086107,-0.01557618319490104,0.015805160678002764,-0.02388232318197904,0.024111300665080763
2023-03-08,0.0016306339392822,0.0020467083574872893,-0.013643963578964613,0.01773738029393919,-0.021950103566042614,0.02604352028101719
2023-03-09,-0.0186222359506036,0.0003923537408965071,-0.015298318195555395,0.016083025677348407,-0.023604458182633396,0.024389165664426407
2023-03-10,-0.0145345058259279,0.0024238756087324523,-0.01326679632771945,0.018114547545184354,-0.02157293631479745,0.026420687532262354
2023-03-13,-0.0014262762803271,0.0021992753151475982,-0.013491396621304304,0.0178899472515995,-0.021797536608382302,0.0261960872386775
2023-03-14,0.0163950281128297,0.0007429259771880286,-0.014947745959263873,0.01643359791363993,-0.023253885946341875,0.02473973790071793
2023-03-15,-0.0062741168173213,-0.0013651787877251523,-0.017048161851985544,0.01431780427653524,-0.025350231595990202,0.022619874020539894
2023-03-16,0.0173930391367437,0.0010421430819485442,-0.014641911101398945,0.016726197265296033,-0.022944547861597445,0.025028834025494533
2023-03-17,-0.0117616442135481,-0.0014579506427144485,-0.01714093370697484,0.014225032421545944,-0.025443003450979496,0.0225271021655506
2023-03-20,0.0095699298681577,0.0014470871148029463,-0.014235908540392224,0.01713008276999812,-0.02253798494963513,0.025432159179241028
2023-03-21,0.0130449527050141,-0.0005463026218011948,-0.01622928568606159,0.015136680442459199,-0.024531355430066244,0.023438750186463853
2023-03-22,-0.0171934211316269,-0.0011375415555674772,-0.016820524767848528,0.014545441656713575,-0.025122594590210587,0.022847511479075634
2023-03-23,0.0026995069985299,0.0020746213694523554,-0.013608361694808037,0.01775760443371275,-0.021910431438812692,0.026059674177717405
2023-03-24,0.0065407782415993,0.0002660892533360939,-0.015416893812664452,0.01594907231933664,-0.02371896355759029,0.024251142064262474
2023-03-27,0.0018681189525204,-0.0003463425266750357,-0.01602932559093543,0.015336640537585357,-0.024331395334940085,0.023638710281590012
2023-03-28,-0.0022471505034813,9.389088651406754e-05,-0.015589092177766785,0.01577687395079492,-0.02389116192178227,0.024078943694810402
2023-03-29,0.0144301839668541,0.0005878079684171984,-0.015095175095843195,0.016270791032677593,-0.02339724483984785,0.024572860776682248
2023-03-30,0.0058382766802907,-0.0011668875179771919,-0.016849870582237823,0.01451609554628344,-0.025151940326242607,0.022818165290288225
2023-03-31,0.0139959954834032,-0.00042555998129111173,-0.016108543045551506,0.015257423082969282,-0.02441061278955616,0.023559492826973935
2023-04-03,0.0038034926787155,-0.0012296878529675765,-0.016912670917227972,0.01445329521129282,-0.02521474066123263,0.02275536495529748
2023-04-04,-0.0055637050978187,-0.00021174591403900518,-0.015894728978299397,0.015471237150221388,-0.024196798722304052,0.023773306894226045
2023-04-05,-0.0026215834573425,0.0009142706326249882,-0.014768712431635404,0.016597253696885382,-0.02307078217564006,0.024899323440890037
2023-04-06,0.0038932832162082,0.0007173580702834457,-0.014965624993976948,0.01640034113454384,-0.0232676947379816,0.024702410878548495
2023-04-10,0.0010259717106526,-1.0371634511346256e-05,-0.015693354698771738,0.01567261142974905,-0.023995424442776393,0.023974681173753704
2023-04-11,0.000268505454559,0.00022161412820641388,-0.015461368936053979,0.015904597192466806,-0.023763438680058636,0.02420666693647146
2023-04-12,-0.0040844645467379,0.00032889620697676826,-0.015354086857283625,0.01601187927123716,-0.02365615660128828,0.024313949015241816
2023-04-13,0.0131952642929874,0.0008237758594177374,-0.01484238371232554,0.016489935431161014,-0.02313554763735159,0.024783099356187065
2023-04-14,-0.0024457178548504,-0.001040412355335633,-0.016707658933221386,0.014626834222550119,-0.025001398284540382,0.022920573573869115
2023-04-17,0.0035817237013872,0.0004992365244361403,-0.015166923047307136,0.016165396096179417,-0.023460086972333188,0.02445856002120547
2023-04-18,0.0006521231773853,2.2402184585529296e-05,-0.015643770266744492,0.01568857463591555,-0.02393694100981192,0.023981745378982976
2023-04-19,-0.0001688329815535,0.00027208773335261264,-0.015394071838390665,0.01593824730509589,-0.023687235763416716,0.02423141123012194
2023-04-20,-0.005472124078402,0.000390182398557791,-0.015275977325807332,0.016056342122922913,-0.02356914133162651,0.02434950612874209
2023-04-21,0.0007766952527216,0.0009805089917401763,-0.0146856505800031,0.016646668563483454,-0.02297881450502915,0.024939832488509506
2023-04-24,0.0010424741243903,0.00036457144675499,-0.015301588126796844,0.016030731020306825,-0.023594752052780284,0.024323894946290267
2023-04-25,-0.0160010324003632,0.00026853756687392856,-0.015397622004869348,0.015934697138617206,-0.0236907859298954,0.024227861063643257
2023-04-26,-0.0042447229554104,0.0021134001166029804,-0.013552759455161727,0.01777955968836769,-0.021845923380199125,0.026072723613405083
2023-04-27,0.0197126143106289,0.0010344655695586037,-0.014631694002184673,0.01670062514130188,-0.022924857927210725,0.02499378906632793
2023-04-28,0.0084988440160015,-0.001690916080833879,-0.01735707565257741,0.013975243490909652,-0.025650239577603595,0.02226840741593584
2023-05-01,-0.0010103744726095,-0.0007668925935327055,-0.016433052165275984,0.014899266978210571,-0.024726216090302032,0.023192430903236624
2023-05-02,-0.0113027970718707,0.00036884207194048436,-0.015297317499802796,0.016035001643683766,-0.023590481424828846,0.024328165568709818
2023-05-03,-0.0068877711101007,0.0016128808167550045,-0.014053278754988272,0.01727904038849828,-0.022346442680014324,0.025572204313524333
2023-05-04,-0.0071079731010856,0.001267695620869095,-0.014398463950874182,0.01693385519261237,-0.022691627875900233,0.025227019117638423
2023-05-05,0.0183432127848097,0.0012540902844183346,-0.014412069287324941,0.016920249856161612,-0.022705233212350993,0.025213413781187664
2023-05-08,0.000266540596638,-0.0015179387430278505,-0.017184098314771128,0.014148220828715426,-0.02547726223979718,0.022441384753741477
2023-05-09,-0.0043948701931313,0.00014808375556859093,-0.015518075816174686,0.015814243327311867,-0.023811239741200738,0.02410740725233792
2023-05-10,0.0046613397648102,0.0008368712102876627,-0.014829288361455613,0.01650303078203094,-0.023122452286481666,0.02479619470705699
2023-05-11,-0.001745447549976,-7.227135158689903e-05,-0.015722378497981533,0.015577835794807733,-0.024007044782331774,0.023862502079157973
2023-05-12,-0.0013111071079175,0.0005676506424369788,-0.015083535093384035,0.01621883637825799,-0.02336877234848686,0.024504073633360816
2023-05-15,0.0034441801647369,0.0005428589134223653,-0.015107248232972267,0.016192966059816998,-0.023391914517322508,0.02447763234416724
2023-05-16,-0.0067052043754042,2.568293809615378e-05,-0.015624436944866598,0.015675802821058907,-0.023909109971548728,0.02396047584774104
2023-05-17,0.0120659751275148,0.0010750265619216466,-0.014575080584472986,0.01672513370831628,-0.022859746868823225,0.02500979999266652
2023-05-18,0.0095870482117656,-0.000851326147421582,-0.016501433444231932,0.01479878114938877,-0.024786099808207448,0.023083447513364285
2023-05-19,-0.0014561410372982,-0.0007910339893695171,-0.01644114113576415,0.014859073157025116,-0.02472580742011439,0.023143739441375356
2023-05-22,0.0004059969620726,0.0004156227785337975,-0.01523448436963721,0.016065729926704804,-0.023519150654927806,0.0243503962119954
2023-05-23,-0.0112863283624266,0.00034435142551687793,-0.015305755720877754,0.01599445857191151,-0.023590422005227995,0.02427912485626175
2023-05-24,-0.0072711063722207,0.0016072382977226163,-0.014042868848692993,0.017257345444138227,-0.022327535133054337,0.025542011728499573
2023-05-25,0.0086226614270231,0.0013081442385592913,-0.014341962907835341,0.016958251384953923,-0.022626629192185582,0.025242917669304164
2023-05-26,0.0128675529541297,-0.00045157744855637145,-0.01610168459495125,0.015198529697838508,-0.024386350879301622,0.02348319598218888
2023-05-30,0.000380783922601,-0.001104117671326589,-0.016754224817721222,0.014545989475068043,-0.025038891102071463,0.022830655759418284
2023-05-31,-0.0055605103654143,0.00018194098111570412,-0.015468166165278931,0.01583204812751034,-0.023752832449629172,0.02411671441186058
2023-06-01,0.0094560705981093,0.0009673570992477095,-0.014682750047146923,0.01661746424564234,-0.022967416331497164,0.024902130529992583
2023-06-02,0.0143575317379034,-0.0005791827385584051,-0.01622928988495304,0.015070924407836228,-0.02451395616930328,0.023355590692186467
2023-06-05,-0.0019180440490517,-0.0012799047522542098,-0.01693001189864884,0.014370202394140422,-0.025214678182999082,0.022654868678490665
2023-06-06,0.0021749882216403,0.0004126574795268675,-0.015237449666867764,0.0160627646259215,-0.023522115951218007,0.02434743091027174
2023-06-07,-0.0034634669130617,0.00015179179299388502,-0.015498315353400748,0.015801898939388517,-0.02378298163775099,0.024086565223738757
2023-06-08,0.0060302421315765,0.0007361892408183854,-0.014913917905576246,0.016386296387213017,-0.02319858418992649,0.024670962671563258
2023-06-09,0.0017926025669542,-0.00022297739277135463,-0.015852019228062935,0.015406064442520224,-0.024125534210314582,0.02367957942477187
2023-06-12,0.0090310531385046,0.00019557461369485305,-0.015434533124254569,0.015825682351644273,-0.023708612361289218,0.024099761588678922
2023-06-13,0.0065713183356977,-0.0006144700760549418,-0.01624351191134652,0.015014571759236636,-0.02451702689359817,0.023288086741488283
2023-06-14,0.0011900148744678,-0.00042488038797281374,-0.0160539347438328,0.015204173967887173,-0.024327456354072997,0.023477695578127372
2023-06-15,0.012321436648215,0.00017465550496669526,-0.015454386330324884,0.015803697340258275,-0.02372790131257653,0.024077212322509922
2023-06-16,-0.0034119973696985,-0.0009651170377611487,-0.016594159020139842,0.014663924944617544,-0.0248676740802547,0.022937440004732402
2023-06-20,-0.0052016900767504,0.0006151718964354886,-0.01501386993885609,0.016244213731727068,-0.023287384921107736,0.024517728713978715
2023-06-21,-0.0051368788759823,0.0009806871589778815,-0.014648354678041627,0.01660972899599739,-0.022921869661207985,0.024883243979163746
2023-06-22,0.0036032543953994,0.0010131565615451577,-0.014615885273746422,0.016642198396836737,-0.022889400255998067,0.024915713379088385
2023-06-23,-0.0075888923462079,6.937923383495471e-05,-0.015559662601476924,0.015698421069146835,-0.023833177583739314,0.023971936051409227
2023-06-26,-0.004093896855277,0.0011801598941344525,-0.014448881941157126,0.016809201729426033,-0.022722396923408772,0.02508271671167768
2023-06-27,0.0109036077343977,0.0009217455338168881,-0.014707296301474927,0.016550787369108703,-0.022980811283726702,0.02482430235136048
2023-06-28,0.0005043347580937,-0.0007317937613432626,-0.016360835596634843,0.014897248073948316,-0.02463435057888649,0.023170763056199962
2023-06-29,0.0039335639937252,0.00021612664693606816,-0.015412915188355511,0.015845168482227646,-0.02368643017060716,0.024118683464479297
2023-06-30,0.0117315156916141,-5.281388841829013e-05,-0.015681855723709868,0.015576227946873288,-0.023955370705961515,0.023849742929124937
2023-07-03,0.0011498836748838,-0.0009271568440266486,-0.016556198679318228,0.01470188499126493,-0.024829713661569875,0.022975399973516577
2023-07-05,-0.0014882236106376,0.00012498312398697342,-0.015504058711304605,0.01575402495927855,-0.023777573693556254,0.024027539941530198
2023-07-06,-0.0078614548707062,0.0005249564350059338,-0.015104085400285645,0.016153998270297513,-0.023377600382537292,0.02442751325254916
2023-07-07,-0.0025280560804135,0.0012590809790552324,-0.014369960856236347,0.01688812281434681,-0.022643475838487994,0.025161637796598458
2023-07-10,0.0025280560804134,0.00076058132980611,-0.01486846050548547,0.016389623165097688,-0.023141975487737117,0.024663138147349335
2023-07-11,0.0063482247799105,0.00016397207270447134,-0.015440732419739351,0.015768676565148295,-0.02370136399091557,0.024029308136324517
2023-07-12,0.0080138272525017,-0.00028564954243792717,-0.015891405933790705,0.015320106848914852,-0.02415259434661306,0.023581295261737207
2023-07-13,0.0079054698790056,-0.0005453525062807264,-0.01615005699872455,0.015059351986163096,-0.024410688569900772,0.023319983557339316
2023-07-14,-0.0006229414781957,-0.0005497139982530148,-0.016154430774499146,0.015055002777993117,-0.024415068848327514,0.023315640851821483
2023-07-17,0.0034660820275117,0.00036154403231062243,-0.0152431604601332,0.015966248524754444,-0.023503792031309423,0.024226880095930665
2023-07-18,0.0074031750952063,2.034026417137389e-05,-0.015584364371733894,0.015625044900076643,-0.023844996018854016,0.02388567654719676
2023-07-19,0.0022212857617629,-0.0004433921310399892,-0.01604809662348381,0.015161312361403834,-0.024308728194660033,0.023421943932580055
2023-07-20,-0.0066565549990586,6.675309063116324e-05,-0.015537951403488136,0.015671457584750463,-0.0237985829755513,0.023932089156813625
2023-07-21,0.0,0.0010811670369332655,-0.014523537455510556,0.01668587152937709,-0.022784169026686778,0.02494650310055331
2023-07-24,0.0044573303272293,0.0004714399856262073,-0.015133264506837182,0.016076144478089596,-0.023393896078023762,0.024336776049276174
2023-07-25,0.0027263445951639,-7.615286357281884e-05,-0.015680857356016643,0.015528551628871004,-0.023941488927192865,0.023789183200047224
2023-07-26,0.000153647752557,5.17360437705038e-05,-0.015552968448673548,0.015656440536214556,-0.023813600019849886,0.023917072107390896
2023-07-27,-0.0066520795092497,0.00034358511705083033,-0.015261119375392993,0.015948289609494654,-0.023521750946569213,0.024208921180670875
2023-07-28,0.009742775689699,0.0011106138625741604,-0.014494090629869665,0.016715318355017984,-0.022754722201045886,0.02497594992619421
2023-07-31,0.001902196166123,-0.0005782710950840475,-0.01618297558752787,0.015026433397359774,-0.02444360715870409,0.023287064968535998
2023-08-01,-0.0028656971496735,8.653688647092419e-05,-0.015518167605972898,0.015691241378914745,-0.02377879917714912,0.023951872950090967
2023-08-02,-0.014008373711436,0.0006736439049063065,-0.014931060587537516,0.01627834839735013,-0.023191692158713736,0.024538979968526352
2023-08-03,-0.0028700955696442,0.0019412708057666996,-0.013663433686677122,0.01754597529821052,-0.021924065257853346,0.025806606869386742
2023-08-04,-0.0045329645402291,0.000874558624095505,-0.014730145868348317,0.016479263116539328,-0.02299077743952454,0.02473989468771555
2023-08-07,0.0086907390308767,0.0009389847387118699,-0.014665719753731953,0.016543689231155692,-0.022926351324908174,0.024804320802331914
2023-08-08,-0.0043582920597408,-0.00047670282963008616,-0.01605702633069339,0.015103620671433218,-0.024304751384656674,0.023351345725396502
2023-08-09,-0.0067075258897932,0.0008606984330996616,-0.014720663068841094,0.01644205993504042,-0.02296893760727705,0.02469033447347637
2023-08-10,0.0003588228204719,0.0011647285869980446,-0.01441559491406526,0.01674505208806135,-0.022663319968028544,0.024992777142024632
2023-08-11,-0.0005833557596762,0.00043934267051658237,-0.015140992880728774,0.016019678221761938,-0.02338872431367311,0.024267409654706276
2023-08-14,0.005505018814616,0.0004691362554346669,-0.015111187245628637,0.01604945975649797,-0.02335891229959192,0.024297184810461257
2023-08-15,-0.0117173004035118,-0.0001853148014884236,-0.015765638442456507,0.015395008839479661,-0.02401336357048091,0.023642733967504062
2023-08-16,-0.0073652691307511,0.0016010012618960959,-0.013979322239167207,0.0171813247629594,-0.022227047293130492,0.025429049816922684
2023-08-17,-0.0076491240890091,0.0013244225765709893,-0.014255900926116637,0.016904746079258615,-0.022503625980939787,0.025152471134081762
2023-08-18,0.0004812409799273,0.0013252204966561188,-0.014255103004407185,0.016905543997719423,-0.02250282805837047,0.025153269051682706
2023-08-21,0.0064851247662052,0.0004492523682653589,-0.015131071132816804,0.016029575869347522,-0.02337879618679007,0.02427730092332079
2023-08-22,-0.0027121880550132,-0.0002920547714247259,-0.015872378272488028,0.015288268729638578,-0.024120103326451314,0.023535993783601862
2023-08-23,0.0110761219531135,0.0006190854850440953,-0.014961238016019429,0.016199408986107618,-0.02320896306998283,0.024447134040071018
2023-08-24,-0.0139560012008845,-0.0007684380570752846,-0.016348761558138587,0.014811885443988019,-0.024596486612101873,0.023059610497951303
2023-08-25,0.0070250138458173,0.0017792817538879757,-0.013801041747175334,0.017359605254951286,-0.022048766801138618,0.025607330308914572
2023-08-28,0.0063214922826102,-0.00020691675446170884,-0.015787240255525012,0.015373406746601596,-0.024034965309488298,0.02362113180056488
2023-08-29,0.0143513063793068,-0.0003451260180879588,-0.01592544951915126,0.015235197482975344,-0.024173174573114548,0.02348292253693863
2023-08-30,0.0041101754142569,-0.0012252354755890181,-0.016805558976652323,0.014355088025474286,-0.025053284030615606,0.02260281307943757
2023-08-31,-0.0014643819987735,-0.00021657972567833898,-0.015796903226741644,0.015363743775384965,-0.024044628280704926,0.02361146882934825
2023-09-01,0.0018635076437101,0.000492765493726601,-0.015087558007336703,0.016073088994789906,-0.023335283061299988,0.02432081404875319
2023-09-05,-0.00433141098511,0.00021061574127941273,-0.015369707759783892,0.015790939242342716,-0.023617432813747175,0.024038664296306002
2023-09-06,-0.0067450953568096,0.0008449105872920626,-0.014714243334545352,0.016404064509129478,-0.022950761890199966,0.024640583064784092
2023-09-07,-0.003074965821139,0.0011118991792659326,-0.014448287489295582,0.016672085847827447,-0.022685352748042092,0.024909151106573955
2023-09-08,0.0015051769566373,0.0008135241022862369,-0.014745629819551178,0.016372678024123653,-0.02298214837520579,0.024609196579778267
2023-09-11,0.0065550046651471,0.0002718326318828187,-0.01528733325676737,0.015830998520533008,-0.023523858147270003,0.024067523411035643
2023-09-12,-0.0055008337377734,-0.00031911441993606667,-0.015878268341773482,0.015240039501901347,-0.024114786897428096,0.02347655805755596
2023-09-13,0.0011654122124008,0.0009134687981999612,-0.014645685262314974,0.016472622858714897,-0.022882203891381032,0.024709141487780955
2023-09-14,0.0085853836541443,0.00032913891903004486,-0.01523001500280737,0.01588829284086746,-0.023466533558461983,0.024124811396522075
2023-09-15,-0.01212146548023,-0.0005325641235318951,-0.01609171804697638,0.015026589799912587,-0.024328236603481723,0.02326310835641793
2023-09-18,0.0005863468438499,0.0016037451630127122,-0.013955408758824702,0.017162899084850126,-0.022191927314479318,0.02539941764050474
2023-09-19,-0.0020759188415365,0.000465733673843709,-0.015093420248012327,0.016024887595699745,-0.0233299388036768,0.02426140615136422
2023-09-20,-0.0092360530243575,0.0006298098814608458,-0.014929344040376569,0.016188963803298262,-0.02316586259603118,0.024425482358952876
2023-09-21,-0.0166665093031163,0.0014182612446489622,-0.014140892677188668,0.01697741516648659,-0.022377411232843397,0.02521393372214132
2023-09-22,-0.0022509383946971,0.0023030275901290698,-0.013256126331708345,0.017862181511966484,-0.02149264488736296,0.0260987000676211
2023-09-25,0.0041964121693065,0.0008464363944706592,-0.014712717527366758,0.016405590316308075,-0.022949236083021372,0.024642108871962692
2023-09-26,-0.0148003056091623,-4.422962743051695e-06,-0.015563576884580467,0.015554730959094362,-0.02380009544023508,0.023791249514748977
2023-09-27,0.0003990038740387,0.0019489787276289045,-0.01361017519420851,0.01750813264946632,-0.021846693749863123,0.025744651205120934
2023-09-28,0.0057808159316943,0.0005230567272043788,-0.015036097194633035,0.016082210649041792,-0.02327261575028765,0.024318729204696406
2023-09-29,-0.002429886332478,-0.00020979585112424333,-0.015768949772961657,0.015349358070713172,-0.02400546832861627,0.023585876626367786
2023-10-02,-0.0003978157726137,0.000595194676828771,-0.014963959245008644,0.016154348598666185,-0.02320047780066326,0.0243908671543208
2023-10-03,-0.0134764229470789,0.00046309951002004466,-0.01509605441181737,0.01602225343185746,-0.023332572967471984,0.024258771987512074
2023-10-04,0.0072555371647846,0.0018369209734539912,-0.013703446143239416,0.017377288090147398,-0.021930019564991028,0.025603861511899008
2023-10-05,-0.0003768624544729,-0.0003916171428467299,-0.015933004668515403,0.015149770382821944,-0.0241601182621492,0.023376883976455737
2023-10-06,0.0118028838792993,0.0003568700754696754,-0.015183497041223732,0.015897237192163082,-0.023410070462975344,0.024123810613914692
2023-10-09,0.0063817921348414,-0.0008799142064512233,-0.016420293082903496,0.01466046467000105,-0.02464687272989541,0.022887044316992965
2023-10-10,0.0051912830374774,-0.00043819405034819733,-0.015978561167041605,0.01510217306634521,-0.024205134588793215,0.02332874648809682
2023-10-11,0.0040879136696217,-0.0002620793753886646,-0.0158024466276213,0.01527828787684397,-0.024029020121123044,0.023504861370345718
2023-10-12,-0.0061150570712196,-0.0001248887173605467,-0.015665255834053954,0.015415478399332862,-0.023891829255805564,0.023642051821084472
2023-10-13,-0.0049933465327254,0.0009853981093693107,-0.01455496900888628,0.016525765227624903,-0.022781542431464862,0.024752338650203484
2023-10-16,0.010466577605726,0.0009839797393288055,-0.014556387377364602,0.016524346856022214,-0.022782960799116212,0.024750920277773824
2023-10-17,-4.587076851497754e-05,-0.0006758851558273112,-0.016216252272538725,0.014864481960884102,-0.024442825694299865,0.023091055382645245
2023-10-18,-0.0134146552653026,0.0002744953321478834,-0.015265871784545524,0.01581486244884129,-0.023492445206297136,0.0240414358705929
2023-10-19,-0.0088253972654863,0.0018117714305960842,-0.01372859568609753,0.0173521385472897,-0.02195516910784925,0.025578711969041417
2023-10-20,-0.0123640866078506,0.001484116330797071,-0.014056250785896337,0.01702448344749048,-0.022282824207647947,0.02525105686924209
2023-10-23,-0.001734740541866,0.0018288460229485995,-0.01371152109374481,0.017369213139642008,-0.02193809451549642,0.02559578656139362
2023-10-24,0.0075111358728738,0.000724712320218141,-0.014815654796475267,0.01626507943691155,-0.023042228218226875,0.02449165285866316
2023-10-25,-0.0144560596718829,-0.0003864418448572912,-0.015926808961550697,0.015153925271836116,-0.024153382383302308,0.02338049869358773
2023-10-26,-0.012046979034131,0.0018526165725513584,-0.01368775054414205,0.017392983689244766,-0.02191432396589366,0.025619557110996376
2023-10-27,-0.0045432085749628,0.001834363361283791,-0.013706003755409616,0.017374730477977197,-0.02193257717716123,0.025601303899728808
2023-10-30,0.011885070894697,0.0010268155633208448,-0.014513551553372563,0.016567182680014253,-0.022740124975124173,0.024793756101765863
2023-10-31,0.0062604985277295,-0.0008235846726033041,-0.016363951789296713,0.014716782444090104,-0.024590525211048323,0.022943355865841713
2023-11-01,0.0106082371122089,-0.0004157781943732437,-0.01594099570265736,0.015109439313910872,-0.024159549406151743,0.023327993017405253
2023-11-02,0.0189831875750377,-0.0007434200303154529,-0.01626962805782512,0.014782787997194216,-0.024488706110523964,0.023001866049893058
2023-11-03,0.0090818948398843,-0.0017735894989959016,-0.017298807007280016,0.013751628009288214,-0.0255173607107744,0.021970181712782595
2023-11-06,0.0022977503500622,-0.0008023099629717934,-0.01632753872271024,0.014722918796766656,-0.024546098382364764,0.022941478456421176
2023-11-07,0.0028420929992464,6.7327393400526295e-06,-0.015518484768944062,0.015531950247624169,-0.023737038472438445,0.02375050395111855
2023-11-08,0.0007322243499545,3.931874949500869e-05,-0.015485898886608177,0.015564536385598196,-0.023704452657765888,0.023783090156755903
2023-11-09,-0.0078293188491185,0.00026470395038745973,-0.015260513557896656,0.015789921458671575,-0.023479067261391037,0.02400847516216596
2023-11-10,0.0154841587422704,0.0012016919977742384,-0.014323525511961933,0.01672690950751041,-0.022542079216224985,0.024945463211773464
2023-11-13,-0.0009535139534137,-0.001183462049217264,-0.01670867955750138,0.014341755459066852,-0.024927233260995763,0.022560309162561232
2023-11-14,0.0192149212248122,0.0003143387482719597,-0.015210878760028652,0.01583955625657257,-0.023429432463531765,0.024058109960075683
2023-11-15,0.0021147825887088,-0.0016756655122046645,-0.01720088302048878,0.013849551996079451,-0.02541943672398316,0.022068105699573834
2023-11-16,0.0012223728594844,-6.515960393688343e-05,-0.015590377112221188,0.015460057904347421,-0.023808930815715668,0.023678611607841904
2023-11-17,0.0012430999837976,0.0002016117284942272,-0.015323605779789888,0.01572682923677834,-0.02354215948328427,0.023945382940272725
2023-11-20,0.0076680669181506,0.0002278362549081865,-0.015297381253375932,0.015753053763192304,-0.023515934956870314,0.023971607466686688
2023-11-21,-0.0021818250611162,-0.00045417000759288075,-0.015979387515876995,0.015071047500691234,-0.02419794121937138,0.023289601204185616
2023-11-22,0.0038535639873952,0.0005229837830938065,-0.015002233725190309,0.016048201291377923,-0.02322078742868469,0.024266754994872304
2023-11-24,0.0006150620864372,-1.61452866448865e-05,-0.015541362794929002,0.015509072221639228,-0.023759916498423385,0.02372762592513361
2023-11-27,-0.0018027272876474,0.000271565808442764,-0.015253651699841352,0.01579678331672688,-0.023472205403335732,0.024015337020221263
2023-11-28,0.0009898074267643,0.0005599300097814241,-0.014965287498502691,0.01608514751806554,-0.023183841201997075,0.02430370122155992
2023-11-29,-0.0007037578076736,0.0002930244428192102,-0.015232193065464906,0.015818241951103325,-0.023450746768959287,0.02403679565459771
2023-11-30,0.0039297402152126,0.0004623608711700992,-0.01504554874862445,0.01597027049096465,-0.0232549402094018,0.024179661951742
2023-12-01,0.0058985319442314,-1.9319471938426174e-05,-0.01552819205989497,0.015489553116018118,-0.023738093285224728,0.023699454341347875
2023-12-04,-0.0052632590080886,-0.0002707887017673525,-0.015778698321561903,0.015237120918027197,-0.023988089782339253,0.023446512378804546
2023-12-05,-0.0001971341974911,0.0008881632256002015,-0.01461975718471332,0.016396083635913723,-0.022829154357646368,0.024605480808846773
2023-12-06,-0.0040379286554177,0.00046930940973110674,-0.015038600210063443,0.015977219029525657,-0.023247991670840792,0.024186610490303007
2023-12-07,0.0076014484284083,0.0008327265709513797,-0.014675183169767275,0.016340636311670036,-0.022884574694557982,0.02455002783646074
2023-12-08,0.0042899183531904,-0.00036169318270509303,-0.015869602802499643,0.015146216437089455,-0.024078994263276993,0.023355607897866806
2023-12-11,0.0038819625019338,-0.00013757118076122718,-0.015645480801910916,0.015370338440388463,-0.023854872263405637,0.02357972990188318
2023-12-12,0.0045569342380544,-7.058401360452235e-05,-0.015578493633399072,0.015437325606190027,-0.023787885094176422,0.023646717066967377
2023-12-13,0.0136958808703403,-0.00013495501426151192,-0.015642864634071246,0.015372954605548224,-0.023852256094856635,0.023582346066333613
2023-12-14,0.0032043447574894,-0.00110922405279896,-0.016617133672593508,0.014398685566995589,-0.024826525133370858,0.02260807702777294
2023-12-15,-0.0016479627147589,-0.00010171854616294423,-0.015609628165957665,0.015406191073631777,-0.023819019626735105,0.023615582534409214
2023-12-18,0.0056093083773091,0.0005186070244344826,-0.014989302595360066,0.016026516644229032,-0.023198694056137417,0.024235908105006383
2023-12-19,0.0060624564262715,-0.00018398581751656427,-0.015691895437311115,0.015323923802277987,-0.02390128689808847,0.023533315263055337
2023-12-20,-0.0139541529532187,-0.00030633369218440793,-0.01581424331197896,0.015201575927610142,-0.02402363477275631,0.02341096738838749
2023-12-21,0.0094372390866163,0.001799690371381329,-0.013708219248413221,0.017307599991175877,-0.02191761070919057,0.025516991451953228
2023-12-22,0.0020076743523856,-0.0004535974371689152,-0.015961507056963465,0.015054312182625634,-0.024170898517740815,0.023263703643402984
2023-12-26,0.0042136397947431,9.4367798442788e-05,-0.015413541821351762,0.015602277418237337,-0.02362293328212911,0.02381166887901469
2023-12-27,0.0018063779758647,-8.114956448141943e-05,-0.015589059184275968,0.01542676005531313,-0.02379845064505332,0.02363615151609048
2023-12-28,0.0003776787199776,0.00015510486923554274,-0.015352804750559007,0.015663014489030094,-0.023562196211336355,0.023872405949807444
2023-12-29,-0.0028991009959804,0.0003416801788413711,-0.015142169610585676,0.015825529968268418,-0.02333882456652071,0.024022184924203455
2024-01-02,-0.0056121252660533,0.0007056426440082154,-0.014779167330669467,0.0161904526186859,-0.02297633057797262,0.02438761586598905
2024-01-03,-0.00820017828737,0.0010328668905458076,-0.01445098289888124,0.016516716679972857,-0.022647637854816275,0.02471337163590789
2024-01-04,-0.0032262573451488,0.001336520800868903,-0.014147339740640058,0.016820381342377864,-0.02234400038838344,0.025017041990121246
2024-01-05,0.0013687188860821,0.0008474891588766891,-0.014636360630550358,0.016331338948303735,-0.022833015586485393,0.024527993904238772
2024-01-08,0.0141749640801424,0.00030806432969924163,-0.015175785580139923,0.015791914239538407,-0.02337244059981728,0.02398856925921576
2024-01-09,-0.0015182329643491,-0.001103236165685297,-0.016587085955112345,0.01438061362374175,-0.02478374091104738,0.022577268579676787
2024-01-10,0.0056395311486321,0.0004079245519567665,-0.015075925238818774,0.01589177434273231,-0.023272580195467657,0.024088429299381188
2024-01-11,-0.0004407373571108,-0.00018948761595550455,-0.015673337405382553,0.015294362173471543,-0.023869992361317587,0.02349101712940658
2024-01-12,0.0006924907169152,0.0003907171611628781,-0.015093132628279271,0.01587456695060503,-0.023289787584222302,0.024071221906548056
2024-01-16,-0.0036780082639579,0.00033220005915591584,-0.015151649730271131,0.015816049848582963,-0.023348304686206165,0.024012704804518
2024-01-17,-0.0055742508847422,0.0007885159953711137,-0.014695333794056105,0.016272365784798334,-0.02289198874999123,0.024469020740733455
2024-01-18,0.0088535055355148,0.0010374756186349466,-0.0144463741707921,0.016521325408061994,-0.022643029126727138,0.024717980363997027
2024-01-19,0.0123890813918131,-0.0004629979418408979,-0.01594684773126795,0.015020851847586152,-0.024143502687202983,0.02321750680352119
2024-01-22,0.002112191943523,-0.0009959390464567978,-0.016479788835883843,0.01448791074297025,-0.02467644379181888,0.022684565698905285
2024-01-23,0.0029122118856069,3.5216121779245945e-05,-0.015448633667647801,0.015519065911206293,-0.023645288623582835,0.02371572086714133
2024-01-24,0.0010925623153185,5.967604981509572e-05,-0.015424173739611951,0.015543525839242144,-0.023620828695546988,0.023740180795177177
2024-01-25,0.0054241524528557,0.00025482928128137735,-0.01522902050814567,0.015738679070708424,-0.023425675464080704,0.02393533402664346
2024-01-26,-0.0012712189157745,-0.00018290992439564253,-0.01566675971382269,0.015300939865031405,-0.023863414669757724,0.02349759482096644
2024-01-29,0.0078880846296197,0.00047930516282469185,-0.015004544626602355,0.01596315495225174,-0.023201199582537392,0.024159809908186773
2024-01-30,-0.0007736492004419,-0.00041222753241180023,-0.01587233778693999,0.01504788272211639,-0.02405642579221181,0.02323197072738821
2024-01-31,-0.0164520481078237,0.000488003359500316,-0.014973053669722968,0.0159490603887236,-0.023157642867243634,0.024133649586244265
2024-02-01,0.0130034421634149,0.0021473029975493164,-0.013312807256978873,0.017607413252077507,-0.021496895262250692,0.025791501257349327
2024-02-02,0.0104723619503745,-0.0007787743678369159,-0.016238895157703267,0.014681346422029435,-0.02442298874004623,0.022865440004372396
2024-02-05,-0.0036478236647667,-0.0008178522466083233,-0.016277962501136514,0.014642258007919866,-0.024462050506408334,0.022826346013191685
2024-02-06,0.002899001594297,0.0006654400179712345,-0.014794670353800762,0.016125550389743233,-0.022978758421137706,0.024309638457080177
2024-02-07,0.0083058784369905,0.00013338700660748428,-0.015326723247920705,0.015593497261135673,-0.023510811253192525,0.023777585266407494
2024-02-08,0.000441640726302,-0.0004931708327450097,-0.015953281088577964,0.014966939423087943,-0.024137369094540485,0.023151027429050466
2024-02-09,0.005762710015608,0.0002701773753238549,-0.015189932879204334,0.015730287629852045,-0.023374020884476154,0.023914375635123865
2024-02-12,-0.0004389775974119,-0.00021059595521014422,-0.015670706209752853,0.015249514299332564,-0.02385479421503236,0.02343360230461207
2024-02-13,-0.0138689453659086,0.0003929001477165403,-0.015067210106811649,0.01585301040224473,-0.023251298112083468,0.02403709840751655
2024-02-14,0.009046686810137,0.0018733243561209765,-0.013586785898407373,0.017333434610649325,-0.02177087390367928,0.02551752261592123
2024-02-15,0.0068760678654413,-0.00038792556437147816,-0.015848035818899667,0.015072184690156712,-0.024032123824171487,0.023256272695428532
2024-02-16,-0.0049924402909705,-0.00039748642915535097,-0.015857596683683542,0.01506262382537284,-0.024041684688955366,0.02324671183064466
2024-02-20,-0.0055206640391899,0.0008535416578407562,-0.014606568596687432,0.016313651912368946,-0.022790656601959253,0.024497739917640766
2024-02-21,0.0009055313060869,0.0010412391216067347,-0.014418871132921455,0.016501349376134924,-0.022602959138193275,0.024685437381406744
2024-02-22,0.0204841591521432,0.0003831253465294588,-0.01507698490799873,0.01584323560105765,-0.02326107291327055,0.02402732360632947
2024-02-23,0.00068947178495,-0.001751695946667792,-0.01721180620119598,0.013708414307860397,-0.025395894206467803,0.021892502313132216
2024-02-26,-0.0036692149907253,0.00011128470798701907,-0.01534882554654117,0.015571394962515209,-0.02353291355181299,0.02375548296778703
2024-02-27,0.0018559693731306,0.0007676229847165493,-0.01469248726981164,0.01622773323924474,-0.02287657527508346,0.02441182124451656
2024-02-28,-0.0013224993705138,0.00025950211064825043,-0.015184438131928935,0.015703442353225436,-0.02335996624993769,0.02387897047123419
2024-02-29,0.003588543129787,0.0005509406959826587,-0.014893948908852083,0.0159958303008174,-0.023069979588882506,0.024171860980847826
2024-03-01,0.0093443923890907,5.1985380297391774e-05,-0.015391954862279794,0.015495925622874577,-0.02356748298028855,0.023671453740883332
2024-03-04,-0.0010729763687025,-0.0006087558869845916,-0.016052706713763597,0.014835194939794415,-0.02422824043471035,0.023010728660741164
2024-03-05,-0.0100443777656932,0.0004229597155026778,-0.015020980527074507,0.015866899958079862,-0.023196508645083262,0.02404242807608862
2024-03-06,0.0050544928352094,0.0014795650342780266,-0.013964375326310572,0.016923505394866624,-0.022139903506790796,0.02509903357534685
2024-03-07,0.0098773656976406,-3.7383974993941693e-06,-0.01544767864007658,0.015440201845077791,-0.023623206758085335,0.023615729963086547
2024-03-08,-0.0060201528051141,-0.0006694528603355592,-0.016113393104228546,0.014774487383557428,-0.024288921222933847,0.022950015502262725
2024-03-11,-0.0008602705910508,0.0009387807188594518,-0.014505159523717734,0.01638272096143664,-0.02268068764172649,0.024558249079445392
2024-03-12,0.0106998575476405,0.0005637636082154655,-0.01488017663437639,0.016007703850807322,-0.02305570475239291,0.024183231968823844
2024-03-13,-0.001568702915381,-0.0006964962005791913,-0.016140436443156377,0.014747444041997994,-0.02431596456116513,0.02292297216000675
2024-03-14,-0.0019787532015938,0.0004658963861335057,-0.014978043856443843,0.015909836628710854,-0.023153571974452686,0.024085364746719694
2024-03-15,-0.006890225098366,0.0006319361959720206,-0.014812004046605164,0.016075876438549207,-0.02298753216461392,0.02425140455655796
2024-03-18,0.0059254561599223,0.0011680833902092433,-0.014275856852367944,0.01661202363278643,-0.0224513849703767,0.024787551750795188
2024-03-19,0.005541871323452,-0.00012854368325570771,-0.015572483925832893,0.015315396559321478,-0.023748012043841648,0.023490924677330233
2024-03-20,0.0092068392702229,-0.00022495409528283823,-0.015668894337860024,0.015218986147294347,-0.023844422455868777,0.023394514265303104
2024-03-21,0.0032993032355108,-0.0006221275468444999,-0.016066067789421684,0.014821812695732685,-0.02424159590743044,0.02299734081374144
2024-03-22,-0.0018976801054559,-4.027445238879811e-05,-0.015484214694965984,0.015403665790188387,-0.023659742812974737,0.023579193908197144
2024-03-25,-0.0027666465025679,0.0005699274741417281,-0.014874012768435457,0.016013867716718914,-0.023049540886444213,0.024189395834727668
2024-03-26,-0.0018486925801912,0.0007261165908750747,-0.01471782365170211,0.01617005683345226,-0.022893351769710867,0.024345584951461014
2024-03-27,0.0083684920323091,0.0006497528694050555,-0.014770057126188132,0.016069562864998242,-0.02293281146304949,0.024232317201859598
2024-03-28,-0.0001910604114874,-0.0004560830474840113,-0.01587683768570865,0.014964671590740629,-0.024040092086172537,0.02312792599120451
2024-04-01,-0.0017411890837543,0.0003517702291085576,-0.01506803976648463,0.015771580224701744,-0.023230794103345987,0.0239343345615631
2024-04-02,-0.0063785580812397,0.0006074585570216446,-0.014812361952064474,0.016027279066107764,-0.0229751218544328,0.02419003896847609
2024-04-03,0.0010979537865985,0.0011137725557332783,-0.01430603743985991,0.016533582551326465,-0.022468791776721266,0.02469633688818782
2024-04-04,-0.0122812564310588,0.0003793437806622317,-0.01504046633195258,0.015799153893277042,-0.023203220730761448,0.023961908292085908
2024-04-05,0.0103927961107995,0.0017133978426986437,-0.013706412152894544,0.01713320783829183,-0.021869166489755898,0.02529596217515319
2024-04-08,0.0005591477414152,-0.0005380473261751776,-0.01595785732307089,0.014881762670720533,-0.02412061166062176,0.023044517008271405
2024-04-09,0.0011561390021537,0.00026192920064209446,-0.015157880794951093,0.01568173919623528,-0.02332063513181245,0.023844493533096638
2024-04-10,-0.0100635893860724,0.0002833309353959798,-0.015136479060211707,0.015703140931003667,-0.02329923339708074,0.0238658952678727
2024-04-11,0.0075184131722997,0.0014693008444467818,-0.013950509151146406,0.01688911084003997,-0.02211326348800776,0.025051865176901326
2024-04-12,-0.0138991548899255,-0.0002605109219228356,-0.015680320917516186,0.015159299073670513,-0.02384307525437763,0.023322053410531958
2024-04-15,-0.0126071705270657,0.0018165825313743442,-0.013603227464218843,0.017236392526967532,-0.0217659818010802,0.025399146863828888
2024-04-16,-0.0018255145900239,0.0018994127376283064,-0.013520397257964882,0.017319222733221496,-0.02168315159482624,0.025481977070082852
2024-04-17,-0.0059357390298255,0.000770667819197721,-0.014649142176395466,0.01619047781479091,-0.022811896513256824,0.024353232151652263
2024-04-18,-0.0020599100487366,0.001085219198988497,-0.01433459079660469,0.016505029194581685,-0.022497345133466046,0.02466778353144304
2024-04-19,-0.0087666944164183,0.0007094980717926899,-0.014710311923800498,0.016129308067385877,-0.022873066260661854,0.024292062404247233
2024-04-22,0.00916697574809,0.0013774364890571538,-0.014042373506536034,0.016797246484650342,-0.022205127843397388,0.0249600008215117
2024-04-23,0.0117968114907251,-0.00044412887375480697,-0.015863938869347994,0.01497568112183838,-0.02402669320620935,0.023138435458699737
2024-04-24,-0.0004747221056255,-0.0009137595958800446,-0.01633356959147323,0.014506050399713142,-0.024496323928334587,0.0226688047365745
2024-04-25,-0.0038060974889715,0.00032386381090397106,-0.015078078104458784,0.015725805726266726,-0.023231373651008587,0.023879101272816526
2024-04-26,0.0094293063887997,0.0008060369132827257,-0.014596843832834631,0.016208917659400083,-0.022750636366365196,0.02436271019293065
2024-04-29,0.003535158146832,-0.0005378773599896598,-0.015939819275352415,0.014864064555373094,-0.024093114821902215,0.023017360101922898
2024-04-30,-0.0159680357176625,-6.208701641602008e-05,-0.015464039354295456,0.015339865321463416,-0.02361734041819231,0.02349316638536027
2024-05-01,-0.0032524094286228,0.00204713873245508,-0.013354803182907675,0.017449080647817836,-0.021508098729457477,0.025602376194367636
2024-05-02,0.0093098809729712,0.0009302476960541249,-0.014471694335025667,0.016332189727133916,-0.02262498994283237,0.02448548533494062
2024-05-03,0.0123192331722553,-0.0005123081630356561,-0.01591425007839841,0.0148896337523271,-0.024067545624948214,0.0230429292988769
2024-05-06,0.0102738202247528,-0.0009812568542615972,-0.016383198770909116,0.01442068506238592,-0.02453649431813903,0.022573980609615834
2024-05-07,0.0011028361326547,-0.0008151798548771451,-0.0162171217702399,0.01458676206048561,-0.0243704173167897,0.022740057607035413
2024-05-08,9.663019532340108e-05,0.00016863732761709235,-0.015233304587759927,0.015570579242994112,-0.02338660013431728,0.023723874789551465
2024-05-09,0.0057451912521391,0.0003783484082910869,-0.015023593507071668,0.015780290323653842,-0.02317688905362147,0.023933585870203642
2024-05-10,0.0012875422455684,-0.00019474033817824154,-0.015596682253541154,0.015207201577184672,-0.02374997780009104,0.023360497123734558
2024-05-13,0.0001341271837144,0.00021457229415035024,-0.015187369621212405,0.015616514209513105,-0.023340665167762207,0.023769809756062906
2024-05-14,0.0045777128546398,0.0003792353243481182,-0.015022706591014637,0.015781177239710873,-0.023176002137564437,0.023934472786260676
2024-05-15,0.0123070365915425,-7.163034248193462e-05,-0.01547357225784469,0.01533031157288082,-0.02362686780439449,0.02348360711943062
2024-05-16,-0.0020595917339462,-0.0009335681147642444,-0.016335510030127,0.01446837380059851,-0.024488805576676802,0.02262166934714831
2024-05-17,0.0014364597191102,0.0004894066632409005,-0.014912535252121854,0.015891348578603654,-0.023065830798671656,0.024044644125153457
2024-05-20,0.0011514245632907,0.00027096879505525396,-0.0151309731203075,0.015672910710418007,-0.023284268666857302,0.02382620625696781
2024-05-21,0.002449556539504,0.00027798607792466784,-0.015123955837438087,0.015679927993287424,-0.02327725138398789,0.023833223539837224
2024-05-22,-0.0028834654442681,0.0001419427035551332,-0.015259999211807622,0.015543884618917888,-0.023413294758357423,0.02369718016546769
2024-05-23,-0.0073309549658703,0.0006974629002798145,-0.014683661867427578,0.01607858766798721,-0.022825937481672543,0.024220863282232174
2024-05-24,0.0065945968490194,0.0011792455783838718,-0.01420280215768946,0.016561293314457205,-0.02234556636187386,0.024704057518641603
2024-05-28,0.0006985821915141,-0.00018504731499605168,-0.015566172082703446,0.015196077452711341,-0.02370844769694841,0.023338353066956308
2024-05-29,-0.0070271979492254,0.00027761777576513753,-0.01510351715787751,0.015658752709407784,-0.023245798153643527,0.0238010337051738
2024-05-30,-0.0066559304118015,0.0011464477930409288,-0.014234676974666466,0.016527572560748324,-0.02237695258891143,0.02466984817499329
2024-05-31,0.009066917569745,0.0011984196465987206,-0.014182705233090273,0.016579544526287713,-0.022324980906614715,0.02472182019981216
2024-06-03,0.0008150913718143,-0.00044701770580973284,-0.015828142473517128,0.014934107061897661,-0.023970418087762093,0.023076382676142624
2024-06-04,0.0011172626847902,0.00024641884719107086,-0.015134705921749845,0.015627543616131986,-0.023276981536647794,0.02376981923102994
2024-06-05,0.0118150553992689,0.0002874832348116923,-0.015093641532895701,0.015668608002519086,-0.023235917147140666,0.02381088361676405
2024-06-06,-1.8658498287686272e-05,-0.0008309958848990438,-0.016212120652620024,0.014550128882821938,-0.024354396266872184,0.022692404497074097
2024-06-07,-0.0012163519603582,0.0002936249013617275,-0.015087499866345666,0.01567474966906912,-0.02322977548059063,0.023817025283314086
2024-06-10,0.0030846710020289,0.0005373594849435451,-0.014843765282763998,0.015918484252651088,-0.022986040897009043,0.024060759866896132
2024-06-11,0.0024057489595,0.00011153104162602045,-0.015269593726081374,0.015492655809333414,-0.02341186934032634,0.02363493142357838
2024-06-12,0.0081794614813967,0.00013809429674424054,-0.015243030470963155,0.015519219064451636,-0.02338530608520812,0.023661494678696604
2024-06-13,0.0020113224602561,-0.00046509336288581333,-0.01584621813059321,0.01491603140482158,-0.023988493744838173,0.023058307019066544
2024-06-14,0.000608432758656,0.00011897174433392018,-0.015262153023373474,0.015500096512041314,-0.02340442863761844,0.02364237212628628
2024-06-17,0.0079271795310443,0.00032751102083076143,-0.015053613746876632,0.015708635788538153,-0.0231958893611216,0.02385091140278312
2024-06-18,0.0025376288456781,-0.0004187352133569507,-0.015799859981064344,0.014962389554350444,-0.02394213559530931,0.02310466516859541
2024-06-20,-0.0027204455362114,6.859915246967103e-05,-0.015312525615237722,0.015449723920177065,-0.023454801229482687,0.02359199953442203
2024-06-21,-0.0013414877010538,0.0006716040084119969,-0.014709520759295398,0.01605272877611939,-0.022851796373540362,0.024195004390364355
2024-06-24,-0.0032560860251642,0.0005951185505629012,-0.014760943839677392,0.015951180940803195,-0.022889952232703674,0.024080189333829473
2024-06-25,0.003843614721743,0.000760989590978275,-0.014595990570932983,0.01611796975288953,-0.022725484802934556,0.024247463984891103
2024-06-26,0.0012473962423772,6.308427925461816e-05,-0.015292978110985676,0.01541914666949491,-0.023421986504011956,0.02354815506252119
2024-06-27,0.0015752037078931,0.0002553481222184145,-0.015100724356335164,0.015611420600771994,-0.023229738089791906,0.023740434334228736
2024-06-28,-0.003942956938103,0.00024556707796092876,-0.015110495312279365,0.015601629468201221,-0.023239503705305645,0.0237306378612275
2024-07-01,0.0020559930314397,0.0008230722887812299,-0.014532990212361508,0.016179134789923968,-0.022661998664095996,0.024308143241658454
2024-07-02,0.0067071023761926,0.0002542216283092386,-0.015101840761931055,0.015610284018549532,-0.023230849154957336,0.02373929241157581
2024-07-03,0.0044527755632536,-0.0002930264332891771,-0.01564908882474864,0.015063035958170285,-0.023778097218420308,0.023192044351841953
2024-07-05,0.0057498683753342,-0.0001140597873131929,-0.015470122177553487,0.0152420026029271,-0.023599130570579767,0.02337101099595338
2024-07-08,0.0011532697502337,-0.00023129058210995154,-0.015587352972363645,0.015124771808143743,-0.02371636136539702,0.023253780201177115
2024-07-09,0.0009718212343194,0.00023836232477775695,-0.015117700065462536,0.01559442471501805,-0.023246708458488818,0.02372343310804433
2024-07-10,0.0098469994005347,0.00030662879309034766,-0.01504943359715009,0.015662691183330787,-0.023178441990176452,0.023791699576357146
2024-07-11,-0.0086601019327363,-0.0006167605346814803,-0.015972822924921772,0.014739301855558813,-0.024101831317948054,0.022868310248585093
2024-07-12,0.0062877551803927,0.0012268621751632268,-0.014129200215077067,0.01658292456540352,-0.022258208608103347,0.0247119329584298
2024-07-15,0.0027464022292753,-0.00014709487480574055,-0.015503157265046034,0.015208967515434553,-0.023632165658072316,0.02333797590846083
2024-07-16,0.0059124651456216,8.015296715387202e-05,-0.01527590942308642,0.015436215357394166,-0.023404917816112702,0.023565223750420444
2024-07-17,-0.0141203923522261,-0.0002279768805924257,-0.015584039270832718,0.015128085509647868,-0.023713047663859,0.023257093902674147
2024-07-18,-0.0077144310817849,0.0018401277629551357,-0.013515934627285158,0.01719619015319543,-0.021644943020311436,0.02532519854622171
2024-07-19,-0.0066628836670146,0.0013853107635859096,-0.013970751626654385,0.016741373153826202,-0.022099760019680663,0.024870381546852484
2024-07-22,0.0102573607749531,0.001227370979153407,-0.014128691411086886,0.0165834333693937,-0.022257699804113167,0.02471244176241998
2024-07-23,-0.0015699630773447,-0.0005604724402039922,-0.015894121848477438,0.014773176968069455,-0.024011265525543914,0.022890320645135933
2024-07-24,-0.0229233396506334,0.0005883365627721412,-0.014746227408410197,0.015922900533954478,-0.02286385522583593,0.024040528351380208
2024-07-25,-0.0052239472069343,0.00283936577125267,-0.012494283637020778,0.018173015179526117,-0.020611427314087254,0.026290158856592593
2024-07-26,0.0111374313556471,0.0012265759069723524,-0.014107083544030894,0.0165602353579756,-0.02222423253739739,0.024677384351342094
2024-07-29,0.0005877183471443,-0.0006525522390388827,-0.01598620164731233,0.014681097169234564,-0.024103345324378807,0.02279824084630104
2024-07-30,-0.0050793471697502,0.0002527734421861604,-0.015080876076375357,0.015586422960747678,-0.02319801981182481,0.02370356669619713
2024-07-31,0.0161237723801439,0.0009447064136524424,-0.014388942994621005,0.01627835582192589,-0.02250608667168748,0.024395499498992366
2024-08-01,-0.0142620449592681,-0.0012051432026734788,-0.0165387926121581,0.01412850620681114,-0.02465593628986573,0.022245649884518773
2024-08-02,-0.0187938858282423,0.0017539285166188697,-0.013579720891654578,0.01708757792489232,-0.021696864568721053,0.025204721601958795
2024-08-05,-0.0295562586405095,0.002538939046298237,-0.012794710361988511,0.017872588454584986,-0.02091185403906203,0.0259897321316585
2024-08-06,0.0091774002163962,0.0037490271394566106,-0.011584622268816836,0.01908267654773006,-0.019701765945883312,0.027199820224796535
2024-08-07,-0.0067063805758045,-0.0001832361607769706,-0.015516885569050565,0.015150413247496622,-0.023634029246117117,0.023267556924563174
2024-08-08,0.0228541038721524,0.0010692173156224122,-0.014264432092651035,0.01640286672389586,-0.022381575769717513,0.024520010400962335
2024-08-09,0.0043999947345815,-0.0018973093968014986,-0.01723095880507495,0.01343634001147195,-0.025348102482141425,0.02155348368853843
2024-08-12,0.0005251716764653,-0.00027429548618144924,-0.015607944894454898,0.015059353922091998,-0.023725088571521374,0.023176497599158474
2024-08-13,0.0163118556073407,0.0003018477436956145,-0.015031801664577833,0.01563549715196906,-0.02314894534164431,0.023752640829035537
2024-08-14,0.0031497632238619,-0.0012921336712948366,-0.016625783079568284,0.014041515736978611,-0.02474292675663476,0.022158659414045087
2024-08-15,0.0169950739996418,-7.985897396940543e-05,-0.015413508382242853,0.015253790434304042,-0.023530652059309327,0.02337093411137052
2024-08-16,0.0022395437963188,-0.0014037319902834326,-0.01673738139855688,0.013929917417990014,-0.024854525075623357,0.02204706109505649
2024-08-19,0.0095159208896475,3.832148064486561e-06,-0.015329817260208961,0.015337481556337934,-0.023446960937275437,0.02345462523340441
2024-08-20,-0.0016273398402534,-0.0005992463997858339,-0.015943575246203393,0.014745082446631726,-0.02406637227633006,0.02286787947675839
2024-08-21,0.0034305347158303,0.0005922872338628897,-0.014752917219692175,0.015937491687417954,-0.022876177768238394,0.024060752235964177
2024-08-22,-0.0078794482255368,8.136833241440688e-05,-0.015262960514003153,0.015425697178831967,-0.023385757544129818,0.02354849420895863
2024-08-23,0.0105693689943628,0.0012100004866686916,-0.014134337763339135,0.01655433873667652,-0.022257139771425793,0.024677140744763175
2024-08-26,-0.0023866564520326,-0.0005840118250759235,-0.015928340671493485,0.014760317021341637,-0.024051137701620148,0.0228831140514683
2024-08-27,0.001372074348013,0.0005729351857221456,-0.014771393761693933,0.015917264133138223,-0.022894190845285982,0.024040061216730274
2024-08-28,-0.0058222929959071,0.00030301804926104056,-0.01504131079715652,0.0156473468956786,-0.023164107827283183,0.023770143925805266
2024-08-29,8.971966284772191e-05,0.0010205839720060297,-0.0143237448754963,0.01636491281950836,-0.022446541906197204,0.024487709850209264
2024-08-30,0.0095006475783259,0.0004823435250706715,-0.014861985321346888,0.015826672371488232,-0.022984782351473554,0.023949469401614895
2024-09-03,-0.0207937683919391,-0.0005487463412574701,-0.01589307518768668,0.014795582505171743,-0.024015872217819513,0.022918379535304574
2024-09-04,-0.0020488031431391,0.002483976800586329,-0.012860352045831231,0.01782830564700389,-0.020983149075957896,0.025951102677130553
2024-09-05,-0.0024351460321275,0.0008556230177854787,-0.014488705828632206,0.016199951864203165,-0.022611502858758938,0.024322748894329893
2024-09-06,-0.0169733536780259,0.0007269061640509695,-0.01461742268236659,0.01607123501046853,-0.022740219712493254,0.024194032040595195
2024-09-09,0.0111339721855516,0.0022202488624395995,-0.013124079983977962,0.017564577708857162,-0.021246877014104628,0.025687374738983828
2024-09-10,0.0043462926061583,-0.0005379192512583125,-0.015882248097675872,0.014806409595159248,-0.02400504512780254,0.02292920662528591
2024-09-11,0.0102067122319395,-0.00012031660446021656,-0.015464645450877777,0.015224012241957343,-0.02358744248100444,0.023346809272084008
2024-09-12,0.0083879340152349,-0.0006843886521409996,-0.01602871749855856,0.01465994019427656,-0.024151514528685223,0.022782737224403226
2024-09-13,0.0052090409546094,-0.0005543558607672365,-0.015898684707184797,0.014789972985650324,-0.024021481737311463,0.022912770015776986
2024-09-16,0.0014758816086318,-0.00021143185303642035,-0.015555760699453981,0.01513289699338114,-0.023678557729580645,0.023255694023507804
2024-09-17,0.0004084770751017,0.00021099732857752547,-0.015133331517840035,0.015555326174995086,-0.0232561285479667,0.02367812320512175
2024-09-18,-0.0029700063350887,0.00036508038755905787,-0.014963155700382653,0.01569331647550077,-0.02307743373876569,0.023807594513883805
2024-09-19,0.0169203261922868,0.0007299664666948202,-0.014599147252124755,0.016059080185514395,-0.02271388988023078,0.024173822813620422
2024-09-20,-0.0017302129911137,-0.0012935440153970818,-0.01662178010333879,0.01403469207254463,-0.024736058141721827,0.022148970110927667
2024-09-23,0.0024957713474872,0.00042907397387151433,-0.014899171555314854,0.015757319503057882,-0.02301345459159091,0.023871602539333937
2024-09-24,0.0028572844410573,0.00017143924851889842,-0.015156796839422813,0.01549967533646061,-0.023271074877805848,0.023613953374843646
2024-09-25,-0.0022078463974026,0.00010888023463940811,-0.015219355954876558,0.015437116424155373,-0.023333634047029754,0.02355139451630857
2024-09-26,0.0039566545001065,0.0006257213977983251,-0.014702514690143387,0.015953957485740036,-0.022816792728526422,0.02406823552412307
2024-09-27,-0.0014513631827173,4.0115753956205104e-05,-0.0152881203350783,0.01536835184299071,-0.023402398374039825,0.02348262988195224
2024-09-30,0.0039991498620639,0.0005403160420440171,-0.014787920045897695,0.015868552129985728,-0.02290219808428073,0.023982830168368763
2024-10-01,-0.0089988081121489,2.6854622744321372e-05,-0.015301381465209147,0.015355090710697789,-0.023415659503598404,0.023469368749087047
2024-10-02,0.0004220417864397,0.001321787833529172,-0.014006448254412539,0.016650023921470882,-0.022120726292795576,0.024764301959853918
2024-10-03,-0.0018298809371609,0.0004789394786938133,-0.014849296609248025,0.01580717556663565,-0.022963574647631126,0.023921453605018756
2024-10-04,0.0090462493444849,0.0006250933320440713,-0.01470314275589764,0.015953329419985784,-0.022817420794280674,0.02406760745836882
2024-10-07,-0.0090814952828443,-0.00048785796415568895,-0.015816094052097406,0.014840378123786026,-0.02393037209048044,0.02295465616216906
2024-10-08,0.0094130933066956,0.0012769769208404442,-0.014051259167101267,0.016605213008782156,-0.022165537205484302,0.02471949104716519
2024-10-09,0.0069026367333856,-0.0004582926100221206,-0.015786528697963834,0.014869943477919591,-0.02390080673634687,0.022984221516302625
2024-10-10,-0.0017516590543297,-0.00037788745886291753,-0.01570612354680463,0.014950348629078795,-0.023820401585187664,0.02306462666746183
2024-10-11,0.0059705536353208,0.0005281067767647156,-0.014800129311176996,0.015856342864706427,-0.02291440734956003,0.023970620903089462
2024-10-14,0.008145042833722,-0.000178895634391694,-0.015507131722333405,0.015149340453550018,-0.02362140976071644,0.023263618491933053
2024-10-15,-0.0078000145193795,-0.000477774188513006,-0.01580601027645472,0.014850461899428706,-0.023920288314837754,0.02296473993781174
2024-10-16,0.0043369961259916,0.0011527934584499096,-0.014153616475437425,0.016459203392337245,-0.022256340445792687,0.024561927362692505
2024-10-17,8.565249892688658e-05,-1.569488607012495e-05,-0.01532299258418488,0.015291602812044629,-0.02342618650853436,0.02339479673639411
2024-10-18,0.0038393698421159,0.0003878224979232064,-0.014918587435964128,0.01569423243181054,-0.02302131140631939,0.0237969564021658
2024-10-21,-0.0016436395579748,3.499680317488405e-05,-0.015271422743114514,0.015341416349464284,-0.02337415180196806,0.023444145408317827
2024-10-22,-0.0005312731007213,0.0005648786066893501,-0.014741531327197984,0.015871288540576685,-0.022844255297553247,0.023974012510931945
2024-10-23,-0.0091795027077574,0.0005046813997253527,-0.014801728638250715,0.01581109143770142,-0.022904452663707223,0.02391381546315793
2024-10-24,0.0021605043182327,0.0013983098468604532,-0.01390810008702688,0.016704719780747786,-0.022010824057382142,0.02480744375110305
2024-10-25,-0.0003454570533297,0.000311297684472152,-0.014995112250542317,0.01561770761948662,-0.02309783622149425,0.023720431590438552
2024-10-28,0.0030866911152263,0.00045891094510521445,-0.01484749898878212,0.015765320878992548,-0.02295022295913738,0.023868044849347812
2024-10-29,0.0016170502898507,0.00011712215724954194,-0.015189287776649997,0.015423532091149082,-0.023292011747011725,0.023526256061510806
2024-10-30,-0.0030298845123869,0.0002344896819629763,-0.015071920251924357,0.01554089961585031,-0.02317464422227962,0.023643623586205573
2024-10-31,-0.0197977710301854,0.0007302650647517811,-0.014576144869135686,0.01603667499863925,-0.02267886883949102,0.024139398968994582
2024-11-01,0.0042117329408633,0.0025267314604244173,-0.012779678473462917,0.01783314139431175,-0.020882402443818178,0.025935865364667014
2024-11-04,-0.0021563310855728,0.00021523047010868964,-0.015091179463778645,0.015521640403996026,-0.02319390343413391,0.023624364374351288
2024-11-05,0.0120192022911685,0.0006373587811381043,-0.014669051152749229,0.01594376871502544,-0.022771775123104493,0.0240464926853807
2024-11-06,0.0245614321525842,-0.0007938280798033909,-0.016100238013690725,0.014512581854083943,-0.024202961984045986,0.022615305824439207
2024-11-07,0.0077025423643487,-0.0022479094625423687,-0.017554319396429704,0.013058500471344965,-0.025657043366784964,0.021161224441700228
2024-11-08,0.004322240750599,-0.0006448766799758372,-0.01595128661386317,0.014661533253911497,-0.024054010584218435,0.022764257224266757
2024-11-11,0.0009524702568427,-0.00012630817888279844,-0.015432718112770132,0.015180101755004536,-0.023535442083125396,0.023282825725359797
2024-11-12,-0.0031113073145939,0.000278314502215012,-0.015028095431672321,0.015584724436102346,-0.023130819402027585,0.023687448406457607
2024-11-13,0.0004855742062171,0.000745443127139945,-0.014546297785414995,0.016037184039694886,-0.02264125644494394,0.024132142699223834
2024-11-14,-0.0064506971475546,0.00038550005787619396,-0.014907101201988291,0.01567810131774068,-0.023002515301871838,0.023773515417624225
2024-11-15,-0.0128913351688674,0.0011044685326283897,-0.01418727237992655,0.01639620944518333,-0.022282231039455497,0.024491168104712278
2024-11-18,0.0040889576887556,0.0018388796461089386,-0.01345287044068466,0.017130629732902535,-0.02154783395676219,0.025225593248980067
2024-11-19,0.0036488696140839,0.00016254195639708318,-0.015129198956157856,0.015454282868952023,-0.023224157615686806,0.02354924152848097
2024-11-20,0.0003386586662109,3.381810415287168e-05,-0.01525792290623896,0.015325559114544704,-0.02335288161755963,0.023420517825865374
2024-11-21,0.0053539472905148,0.0003633935196405511,-0.014928347392914388,0.01565513443219549,-0.023023306052443335,0.02375009309172444
2024-11-22,0.0030946028624408,-0.00012074733502589731,-0.015412488248624201,0.015170993578572408,-0.023507446908705473,0.02326595223865368
2024-11-25,0.0033864333662932,6.275064763723419e-05,-0.015228990264917705,0.015354491560192174,-0.023323948924446652,0.023449450219721123
2024-11-26,0.0052077778922993,5.155001804572272e-05,-0.015240190894520344,0.015343290930611788,-0.023335149554055183,0.023438249590146627
2024-11-27,-0.0030345562934845,-0.00013769704266856805,-0.015429437955223507,0.015154043869886372,-0.023524396614752457,0.02324900252941532
2024-11-29,0.0061930017338157,0.0006939313402111941,-0.014597809572343865,0.015985672252766252,-0.022692768231872877,0.024080630912295266
2024-12-02,0.0017906058769888,-0.00017310148550939115,-0.015464842398064331,0.015118639427045548,-0.02355980105759328,0.023213598086574496
2024-12-03,0.0004637462435798,0.00019198906158525357,-0.015099751850969687,0.015483729974140195,-0.023194710510498637,0.023578688633669145
2024-12-04,0.0061903172845959,0.000366713657854678,-0.014925027254700261,0.015658454570409618,-0.02301998591422921,0.023753413229938566
2024-12-05,-0.0016471646420249,-0.00020661538759114212,-0.015498356300146081,0.015085125524963798,-0.02359331495967503,0.023180084184492744
2024-12-06,0.001894092144366,0.0005435404200471604,-0.014748200492507779,0.0158352813326021,-0.02284315915203673,0.023930239992131046
2024-12-09,-0.0051630760269859,0.0002553085152271795,-0.01503643239732776,0.015547049427782119,-0.023131391056856708,0.023642008087311067
2024-12-10,-0.003113793935357,0.0009543242138106522,-0.014337416698744287,0.016246065126365592,-0.022432375358273235,0.02434102378589454
2024-12-11,0.0077007469118154,0.0008148846669058704,-0.014476856245649069,0.01610662557946081,-0.02257181490517802,0.024201584238989757
2024-12-12,-0.0051657515709679,-0.00031352544441336856,-0.015580329294257967,0.014953278405431229,-0.023662087070193304,0.023035036181366566
2024-12-13,-0.0001988182981109,0.0009643438586740587,-0.014303315115192434,0.016232002832540553,-0.022385525566440908,0.024314213283789025
2024-12-16,0.0042610561946101,0.0005096628158427678,-0.01475714103400183,0.015776466665687366,-0.022838898809937166,0.023858224441622704
2024-12-17,-0.0041284720928493,4.298444069477227e-06,-0.015262514503910554,0.015271111392049508,-0.023344277096107858,0.023352873984246816
2024-12-18,-0.0302567610230513,0.0008234702469488459,-0.014443333602895752,0.016090274096793443,-0.02252509137883109,0.02417203187272878
2024-12-19,-0.0003071615056291,0.0036025295611247267,-0.01166427438552802,0.018869333507777475,-0.019746032212710495,0.02695109133495995
2024-12-20,0.0119394958349974,0.0007999164144618924,-0.014466887435382705,0.01606672026430649,-0.022548645211318042,0.024148478040241828
2024-12-23,0.005970451144236,-0.0007524286966654319,-0.016019232547540112,0.014514375154209249,-0.024100990324020743,0.022596132930689877
2024-12-24,0.0110536919080199,-0.0002968730100261764,-0.015563676859870774,0.014969930839818422,-0.023645434635806113,0.023051688615753758
2024-12-26,6.654565219045065e-05,-0.0007742357326914151,-0.016041039582546972,0.014492568117164144,-0.024122797358488112,0.02257432589310528
2024-12-27,-0.0105822895851381,0.0003098848955310625,-0.014956918954313536,0.01557668874537566,-0.023038676730248873,0.023658446521310997
2024-12-30,-0.011477275779991,0.0015201644093528438,-0.013746639440491872,0.01678696825919756,-0.02182839721642727,0.02486872603513296
2024-12-31,-0.0036446441554162,0.0017373321810390803,-0.013529471668805517,0.017004136030883677,-0.021611229444740854,0.025085893806819016
2025-01-02,-0.0024601187482907,0.0009517772602982421,-0.014315026589546358,0.016218581110142842,-0.022396784365481696,0.02430033888607818
2025-01-03,0.0124259077788266,0.0007485584951380801,-0.014518245354706518,0.01601536234498268,-0.022600003130641855,0.024097120120918015
2025-01-06,0.0057441997848071,-0.0008079355692350182,-0.016074739419079616,0.01445886828060958,-0.024156497195014955,0.022540626056544916
2025-01-07,-0.0113684089605797,-0.00027925671833704357,-0.015546060568181641,0.014987547131507555,-0.02362781834411698,0.02306930490744289
2025-01-08,0.0014598802903946,0.0015404870232575835,-0.013726316826587015,0.016807290873102183,-0.02180807460252235,0.02488904864903752
2025-01-10,-0.0153852347279998,0.0004049275196409935,-0.014861876330203605,0.015671731369485593,-0.022943634106138942,0.023753489145420928
2025-01-13,0.0015492721229021,0.0020254081754815566,-0.01324139567436304,0.017292212025326156,-0.02132315345029838,0.02537396980126149
2025-01-14,0.0013749536471496,0.0004336150984770863,-0.014826598862866415,0.01569382905982059,-0.02290486816255223,0.023772098359506402
2025-01-15,0.0180266178010793,0.0002869692923105528,-0.014974075877098068,0.015548014461719172,-0.023052785191754258,0.023626723776375362
2025-01-16,-0.0019251008275888,-0.0014296028056381296,-0.01668981676698163,0.013830611155705372,-0.024768086066667448,0.021908880455391185
2025-01-17,0.0099899932660311,0.00044078668430994376,-0.014819435997426914,0.015701009366046802,-0.022897709913410124,0.023779283282030012
2025-01-21,0.0091117126878833,-0.0005913287472437754,-0.015851542708587275,0.014668885214099725,-0.023929812008273092,0.02274715451378554
2025-01-22,0.0056058778464909,-0.0006048478435675584,-0.01586506189640612,0.014655366209271003,-0.023943331244526495,0.022733635557391378
2025-01-23,0.0054431819054002,-0.0002492638574903666,-0.015509477818833868,0.015010950103853135,-0.023587747118519683,0.02308921940353895
2025-01-24,-0.0029235976160851,-0.00019597081466878367,-0.015456184776972262,0.015064243147634694,-0.02353445407716626,0.02314251244782869
2025-01-27,-0.0142463367110218,0.0006664974699447412,-0.01459371649139876,0.01592671143128824,-0.022671985791084575,0.024004980730974058
2025-01-28,0.0085556263346923,0.0019146519757992796,-0.013345561985554295,0.017174865937152853,-0.021423831285245446,0.025253135236844002
2025-01-29,-0.0044930469104104,-0.0002931372962388538,-0.015553351257582355,0.014967076665104648,-0.02363162055726817,0.02304534596479046
2025-01-30,0.0053528848603038,0.0008173066093791128,-0.014442907351964494,0.01607752057072272,-0.022521176651650366,0.024155789870408593
2025-01-31,-0.0053361595207008,-7.74785707342227e-05,-0.015337692532077724,0.015182735390609279,-0.02341596183176354,0.023261004690295094
2025-02-03,-0.0067523299557533,0.0009257563687903704,-0.014334457592553133,0.016185970330133876,-0.02241272689223895,0.02426423962981969
2025-02-04,0.0066858373805791,0.001173578136952549,-0.014086635824390951,0.01643379209829605,-0.02216490512407677,0.024512061397981864
2025-02-05,0.0040464447944952,-0.00017752074764720838,-0.01543773470899071,0.015082693213696293,-0.023516004008676525,0.023160962513382108
2025-02-06,0.0034695243764574,-4.5559678157330776e-05,-0.015305773639500832,0.01521465428318617,-0.023384042939186646,0.023292923582871987
2025-02-07,-0.0091956540871188,2.7051687057148366e-05,-0.015233162274286352,0.01528726564840065,-0.02331143157397217,0.023365534948086464
2025-02-10,0.0067682413464545,0.0013317948976613548,-0.013928419063682147,0.016592008859004855,-0.02200668836336796,0.024670278158690672
2025-02-11,0.0007603154501593,-0.00016975518188337745,-0.015429969143226878,0.015090458779460124,-0.023508238442912693,0.02316872807914594
2025-02-12,-0.0032267946443753,0.0002989528408571236,-0.014943372878893057,0.015541278560607304,-0.023012172715486494,0.023610078397200744
2025-02-13,0.0105022315459073,0.000760481388554665,-0.014482674635324872,0.016003637412434202,-0.022551914008374,0.024072876785483328
2025-02-14,-4.932333599934551e-05,-0.0006049803714426095,-0.01584730609119279,0.014637345348307572,-0.02391610592778623,0.022706145184901008
2025-02-18,0.0029316740579049,0.0003338954041739289,-0.014908439026857498,0.015576229835205357,-0.022977243474924674,0.02364503428327253
2025-02-19,0.0023521231006388,0.00012767085328930372,-0.015114654866460877,0.015369996573039484,-0.023183454703054315,0.023438796409632923
2025-02-20,-0.004168995176016,0.00016670845561689277,-0.015075617355536634,0.01540903426677042,-0.023144417240516087,0.023477834151749873
2025-02-21,-0.0172519999836159,0.0008375043665863615,-0.01440482135316382,0.016079830086336542,-0.022473621189757258,0.02414862992292998
2025-02-24,-0.0045610293256297,0.0022464676006422814,-0.012995858120066952,0.017488793321351514,-0.021064657957168085,0.025557593158452647
2025-02-25,-0.0049853576914497,0.0010908065418291212,-0.01415151917792106,0.0163331322615793,-0.022220319014514496,0.024401932098172742
2025-02-26,0.0005044957995732,0.0010158979926196139,-0.014226427727140629,0.016258223712379855,-0.022295227563739396,0.024327023548978623
2025-02-27,-0.0160905304096944,0.0004458788134522743,-0.014796446906297906,0.015688204533202455,-0.022865246742891344,0.023757004369795894
2025-02-28,0.0154850217587478,0.0020873701184421574,-0.013154955601308128,0.01732969583819244,-0.02122375543790162,0.025398495674785936
2025-03-03,-0.0176752545465686,-0.0009788680804773693,-0.01622119380022755,0.014263457639272812,-0.024289993636820988,0.02233225747586625
2025-03-04,-0.0119074254232362,0.002103756819415391,-0.01313856890033479,0.017346082539165572,-0.021207368736928228,0.02541488237575901
2025-03-05,0.0106904127117993,0.0018287031682944106,-0.01341362255145577,0.01707102888804459,-0.02148242238804921,0.02513982872463803
2025-03-06,-0.0179105986282857,-0.0005142375735440196,-0.0157565632932942,0.01472808814620616,-0.023825363129887638,0.0227968879827996
2025-03-07,0.0055892599572912,0.0021754574486513205,-0.013066868271098861,0.0174177831684015,-0.0211356681076923,0.02548658300499494
2025-03-10,-0.0269966469884083,4.380833552874964e-05,-0.01519851738422143,0.01528613405527893,-0.02326731722081487,0.02335493389187237
2025-03-11,-0.0083477550964543,0.003163331707971379,-0.012078994011778801,0.01840565742772156,-0.02014779384837224,0.026474457264314997
2025-03-12,0.0052926211206377,0.0015726106892043421,-0.013669715030545839,0.016814936408954522,-0.021738514867139277,0.02488373624554796
2025-03-13,-0.0134201116509597,-7.199049664480587e-06,-0.015248631088913946,0.015234232989584985,-0.02331695783962727,0.02330255974029831
2025-03-14,0.0204452396124082,0.0017777286740713713,-0.013464540607343655,0.017019997955486397,-0.02153331056728718,0.02508876791542992
2025-03-17,0.0076818090179447,-0.0015424207285588644,-0.01678385276780833,0.013699011310690602,-0.024852179518521655,0.021767338061403924
2025-03-18,-0.0108673512283828,-0.0005827489774400344,-0.01582418983783277,0.0146586918829527,-0.02389252125817727,0.0227270233032972
2025-03-19,0.0108319642546727,0.0014332627566544984,-0.013808169282594967,0.016674694795903965,-0.021876496033308292,0.024743021546617287
2025-03-20,-0.0028958458058046,-0.0005863146474948606,-0.015827746779691072,0.014655117484701352,-0.023896073579607435,0.022723444284617714
2025-03-21,0.0003297317269243,0.0006131570856926674,-0.014628274953556798,0.015854589124942132,-0.02269660170427012,0.023922915875655457
2025-03-24,0.0177501075843283,0.00040549282848514266,-0.014835939211743686,0.015646924868713972,-0.022904265962975456,0.02371525161994574
2025-03-25,0.00240099188479,-0.0014041111280353746,-0.01664554316728484,0.01383732091121409,-0.024713869917998163,0.021905647661927416
2025-03-26,-0.0120100755384157,-1.4294654391434794e-05,-0.01525572669365122,0.01522713738486835,-0.023324053444370007,0.023295464135587137
2025-03-27,-0.0026593062739991,0.0016076626780111287,-0.013633769361238337,0.016849094717260593,-0.02170209611195166,0.02491742146797392
2025-03-28,-0.0203438023903903,0.0008143076152454536,-0.01442712442400412,0.016055739654495027,-0.022495451174717504,0.024124066405208408
2025-03-31,0.006690230578652,0.002548165644192197,-0.01269326639505727,0.01778959768344166,-0.020761593145770592,0.025857924434154987
2025-04-01,0.0028206090962911,-4.887266652617777e-05,-0.015290304705775646,0.01519255937272329,-0.02335863145648897,0.023260886123436617
2025-04-02,0.0063083795420939,8.175678955879876e-05,-0.015159675249690667,0.015323188828808265,-0.02322800200040399,0.02339151557952159
2025-04-03,-0.0505365705699048,-0.0002628504747397344,-0.0155042825139892,0.014978581564509732,-0.023572609264702525,0.023046908315223054
2025-04-04,-0.0603265081242722,0.005536854866457956,-0.00970457717279151,0.020778286905707422,-0.017772903923504835,0.028846613656420744
2025-04-07,-0.0017827430773802,0.007137116577862944,-0.008104315461386522,0.022378548617112408,-0.016172642212099846,0.030446875367825733
2025-04-08,-0.0157867972441086,0.0012919212382127613,-0.013949510801036704,0.016533353277462227,-0.02201783755175003,0.02460168002817555
2025-04-09,0.0998628977126859,0.0021294201765321317,-0.013112011862717335,0.017370852215781597,-0.021180338613430657,0.025439178966494922
2025-04-10,-0.0448081073708417,-0.009428704714523813,-0.02483458523337799,0.005977175804330364,-0.03298996575067257,0.014132556321624941
2025-04-11,0.0176855015823077,0.0048539387456220115,-0.010552711084813794,0.020260588576057816,-0.01870849885105963,0.02841637634230365
2025-04-14,0.0096546621047008,-0.0010087275833444323,-0.016414608102198608,0.014397152935509744,-0.024569988619493187,0.02255253345280432
2025-04-15,-0.0028048767428241,-0.0007312930368145196,-0.016137181281905763,0.014674595208276723,-0.024292565889223183,0.02282997981559414
2025-04-16,-0.0224787249817747,0.0005823485847796367,-0.01482353193407454,0.015988229103633813,-0.022978912451369116,0.024143609620928392
2025-04-17,0.0014257714243309,0.0026837822669946478,-0.012722098329460313,0.01808966286344961,-0.020877478887834262,0.026245043421823558
2025-04-21,-0.024090528550859,0.0004970801320555597,-0.014908800386798617,0.015902960650909737,-0.023064180904093193,0.024058341168204316
2025-04-22,0.0256850015703508,0.002835394740784119,-0.012570485778849465,0.018241275260417703,-0.020725866296556636,0.026396655778124875
2025-04-23,0.0153765960838134,-0.0019188185790145178,-0.017324699097868695,0.013487061939839659,-0.02548007961516327,0.021642442457134238
2025-04-24,0.0208304855297021,-0.0013621783236997152,-0.01676805884256172,0.014043702195162289,-0.02492343935986044,0.02219908271246101
2025-04-25,0.0071994289678367,-0.0018529698468282116,-0.01725885036568239,0.013552910672025966,-0.025414230882976965,0.021708291189320543
2025-04-28,0.0003811971694034,-0.0005360710524611773,-0.015941951571315432,0.014869809466393078,-0.02409733208861005,0.023025189983687695
2025-04-29,0.0062796377397946,0.00027922456312413094,-0.015126655955730046,0.015685105081978307,-0.023282036473024622,0.023840485599272886
2025-04-30,0.0003967639086399,-0.0002302023957656614,-0.01563608291461984,0.015175678123088517,-0.02379146343191442,0.023331058640383096
2025-05-01,0.0070619374002496,0.00030831804063651376,-0.015097562478217664,0.015714198559490692,-0.02325294299551224,0.023869579076785268
2025-05-02,0.0147351719268255,-0.0003056878029875681,-0.015711568321841746,0.01510019271586661,-0.023866948839136322,0.023255573233161186
2025-05-05,-0.0057509323891496,-0.0011362250644581767,-0.016542105583312355,0.014269655454396001,-0.02469748610060693,0.022425035971690578
2025-05-06,-0.0083935183612739,0.0008336322812528118,-0.014572248237601365,0.01623951280010699,-0.022727628754895944,0.024394893317401564
2025-05-07,0.0041967335126624,0.0012958858133209944,-0.014109994705533183,0.016701766332175173,-0.02226537522282776,0.024857146849469748
2025-05-08,0.0069435221198779,8.043237236629092e-05,-0.015325448146487886,0.015486312891220468,-0.023480828663782462,0.023641693408515047
2025-05-09,-0.0012748352947612,-0.0003419935424802261,-0.015765177026718744,0.015081189941758293,-0.02392971718059587,0.02324573009563542
2025-05-12,0.0325130702533834,0.0005468753947421167,-0.014877220722821936,0.01597097151230617,-0.02304224399559859,0.024135994785082823
2025-05-13,0.0065821967215725,-0.002974785632138879,-0.018397969116377397,0.01244839785209964,-0.026562509270254525,0.020612938005976765
2025-05-14,0.0012772248112518,-0.0006205885345423111,-0.016043782000434707,0.014802604931350084,-0.024208327438280216,0.022967150369195593
2025-05-15,0.0048724564941254,0.0001772985540052284,-0.015245884930233291,0.015600482038243747,-0.023410425084110415,0.023765022192120875
2025-05-16,0.0063140553988085,-0.00011105250692380387,-0.015534236100343293,0.015312131086495685,-0.023698776312017333,0.023476671298169723
2025-05-19,0.0010932419800796,-0.0002963025666959576,-0.015719486050934477,0.015126880917542562,-0.023884026204811604,0.023291421071419686
2025-05-20,-0.0033678472856408,0.0002308761928578742,-0.015192307292574887,0.015654059678290633,-0.023356847447084203,0.02381859983279995
2025-05-21,-0.0169944965177323,0.0007524436777740682,-0.014670739806464451,0.01617562716201259,-0.022835279960341577,0.024340167315889713
2025-05-22,0.0003946563143403,0.002232161152514249,-0.013191022331737332,0.01765534463676583,-0.021355562485621375,0.02581988479064987
2025-05-23,-0.0068490700771282,0.0005682577097605682,-0.01485492577447795,0.015991441193999086,-0.023019465928355076,0.024155981347876214
2025-05-27,0.0205773210470693,0.0011518286310869602,-0.014271354853151702,0.016575012115325624,-0.022435895007028903,0.024739552269202825
2025-05-28,-0.0058020798327113,-0.0016555481369286392,-0.01707873162116716,0.013767635347309879,-0.025243271775044283,0.021932175501187007
2025-05-29,0.0039395459706264,0.0008097493964422081,-0.014613434087796313,0.016232932880680728,-0.02277797424167344,0.024397473034557856
2025-05-30,-0.0011190623803994,4.874918588063028e-05,-0.015374434298357888,0.01547193267011915,-0.023538974452235014,0.023636472823996276
2025-06-02,0.0056172134018026,0.0004982176842245856,-0.014924965800013934,0.015921401168463106,-0.02308950595389106,0.02408594132234023
2025-06-03,0.0056862337973559,-0.00015929265045295165,-0.015582476134691471,0.015263890833785567,-0.023747016288568595,0.023428430987662695
2025-06-04,-0.000268471754309,-0.0002352773984482666,-0.015658460882686787,0.015187906085790253,-0.02382300103656391,0.02335244623966738
2025-06-05,-0.0048445462807825,0.0003795529131260231,-0.015043630571112496,0.015802736397364542,-0.02320817072498962,0.02396727655124167
2025-06-06,0.0102166730571811,0.0009224474880537464,-0.014500735996184773,0.016345630972292264,-0.0226652761500619,0.02451017112616939
2025-06-09,0.0009008884235446,-0.0005829458514886624,-0.015998454506449634,0.014832562803472308,-0.02415893185112302,0.022993040148145696
2025-06-10,0.0056537127905243,0.0003327775618281605,-0.015083635324009187,0.01574919044766551,-0.0232445913395942,0.023910146463250518
2025-06-11,-0.0028561846858484,-0.00017994584241679245,-0.015595454497377762,0.015235562812544179,-0.023755931842051152,0.023396040157217565
2025-06-12,0.0039664800076308,0.0006674894998177078,-0.014748029001488748,0.016083008001124163,-0.022908511558502584,0.024243490558138
2025-06-13,-0.0112429683344638,4.1430711219965694e-05,-0.015374077943741005,0.015456939366180936,-0.02353455528841439,0.023617416710854326
2025-06-16,0.0094690908518643,0.0015641366457873594,-0.013851372116401743,0.016979645407976463,-0.02201184951783828,0.025140122809412996
2025-06-17,-0.0085817692861804,-0.000439055038182016,-0.015854563693142986,0.014976453616778955,-0.024015041037816376,0.02313693096145234
2025-06-18,-0.0001507520318958,0.0012356472774961381,-0.014179861378632565,0.01665115593362484,-0.022340338723924113,0.024811633278916386
2025-06-20,-0.0023511877287526,0.0005306189691572841,-0.014884889685803687,0.015946127624118255,-0.023045367030477073,0.024106604968791644
2025-06-23,0.0098289710971086,0.0006866732511295306,-0.014728835403844155,0.016102181906103217,-0.02288931274852428,0.024262659250783337
2025-06-24,0.0109866175919261,-0.0005681162065610246,-0.015983624861521994,0.014847392448399947,-0.024144102206195384,0.023007869793073333
2025-06-25,0.0005601989757992,-0.0008198692651643041,-0.016235377920125416,0.014595639389796806,-0.02439585526479888,0.02275611673447027
2025-06-26,0.0077933579784365,0.0002419187559398357,-0.015173589899021135,0.015657427410900805,-0.023334067243694523,0.023817904755574194
2025-06-27,0.0049560422843174,-0.000402100318370058,-0.01581760897333103,0.015013408336590914,-0.02397808631800442,0.023173885681264304
2025-06-30,0.0047697681289738,-0.00017321696514042306,-0.015588725620101393,0.015242291689820548,-0.02374920296477478,0.023402769034493936
2025-07-01,-0.0003236449705556,-0.00012989282800432645,-0.015545401482965297,0.015285615826956644,-0.023705878827638686,0.02344609317163003
2025-07-02,0.0045231083566081,0.00040615606636762344,-0.015009352588593348,0.015821664721328593,-0.023169829933266734,0.023982142066001983
2025-07-03,0.0078504933327745,-4.369141248463884e-05,-0.01545920006744561,0.015371817242476332,-0.023619677412118997,0.02353229458714972
2025-07-07,-0.0074800443547681,-0.00043786793667716654,-0.015853376591638137,0.014977640718283804,-0.024013853936311527,0.02313811806295719
2025-07-08,-0.0005477591008009,0.0011208296021421647,-0.014294679052818806,0.016536338257103135,-0.022455156397492192,0.024696815601776525
2025-07-09,0.005978713525982,0.0005666660606238017,-0.014827098957485407,0.01596043107873301,-0.02297606591609946,0.024109398037347064
2025-07-10,0.0028162335359009,-0.00018511110116414185,-0.015579780057230914,0.015209557854902632,-0.02372922553169474,0.023359003329366457
2025-07-11,-0.0035214590874839,7.974634131831514e-05,-0.015314018676790893,0.015473511359427525,-0.023462985635404946,0.023622478318041578
2025-07-14,0.0019063189680753,0.0007740959411577796,-0.014619678925489179,0.016167870807804737,-0.022768651097604193,0.02431684297991975
2025-07-15,-0.0042824745760335,0.00027293666745404965,-0.015120828350655159,0.015666701685563257,-0.023269795309269214,0.02381566864417731
2025-07-16,0.0033376856766739,0.0008676125131391013,-0.014526152612280765,0.016261377638558967,-0.022675119627701648,0.02441034465397985
2025-07-17,0.0061009927369246,0.00013392138937740798,-0.015259843628731801,0.015527686407486616,-0.023408810587345855,0.02367665336610067
2025-07-18,-0.0007326412728856,-0.00023112193115908082,-0.01562488695043756,0.015162643088119397,-0.023773853909670586,0.023311610047352424
2025-07-21,0.0018943993182298,0.0004441460447887871,-0.014949618973320422,0.015837911062897995,-0.023098585931934475,0.02398687802151205
2025-07-22,0.0001431116257501,0.00024040773236453609,-0.015153357285757412,0.015634172750486484,-0.02330232424437821,0.02378313970910728
2025-07-23,0.0084714226271789,0.00040194682132764465,-0.014991818196781564,0.015795711839436854,-0.023140785155395617,0.023944678798050907
2025-07-24,0.0003310640011979,-0.00045053755397961764,-0.015844302572088964,0.01494322746412973,-0.023993269530703094,0.02309219442274386
2025-07-25,0.0042154610853085,0.00031020373420608986,-0.015083561283903119,0.0157039687523153,-0.023232528242517172,0.023852935710929352
2025-07-28,-0.0002511222460095,-1.585733903999262e-05,-0.015409622357149204,0.015377907679069217,-0.023558589315763257,0.023526874637683274
2025-07-29,-0.0026410811507953,0.000416348705693831,-0.014977416312415379,0.01581011372380304,-0.023126383271029432,0.023959080682417092
2025-07-30,-0.0012601734456689,0.0007109388233176592,-0.01468282619479155,0.016104703841426867,-0.022831793153405604,0.02425367080004092
2025-07-31,-0.0037583191572022,0.0005975441620395014,-0.014796220856069707,0.01599130918014871,-0.02294518781468376,0.024140276138762764
2025-08-01,-0.0165262120412459,0.0008464750629799425,-0.014547289955129267,0.016240240081089152,-0.02269625691374332,0.024389207039703206
2025-08-04,0.0150855237449472,0.002205228908970004,-0.013188536109139205,0.017598993927079212,-0.02133750306775326,0.025747960885693266
2025-08-05,-0.0050828639828035,-0.0009527116332809695,-0.016346476651390177,0.01444105338482824,-0.024495443610004233,0.02259002034344229
2025-08-06,0.0076304529327768,0.0008246370094988104,-0.014546876434544432,0.016196150453542054,-0.022684064121380115,0.024333338140377737
2025-08-07,-0.0008379248720111,-0.00035653108767812376,-0.01572895606420381,0.015015893888847562,-0.023866626287187886,0.023153564111831636
2025-08-08,0.0077672576965821,0.00044689175852449244,-0.01492462168551875,0.015818405202567734,-0.023061809372354435,0.023955592889403417
2025-08-11,-0.001979410196693,-0.0003656313991214704,-0.015737154823552434,0.015005892025309492,-0.023874347793686232,0.02314308499544329
2025-08-12,0.0105897117848804,0.0005607050153317191,-0.014810808428711525,0.015932218459374963,-0.022947996115547206,0.024069406146210646
2025-08-13,0.0034173388471144,-0.0006567833009455433,-0.016028296854273903,0.014714730252382817,-0.024165484598961635,0.022851917997070547
2025-08-14,9.299349247388216e-05,-3.368249073508174e-05,-0.015405195934778324,0.015337830953308162,-0.023542383621614007,0.023475018640143844
2025-08-15,-0.0023440353421621,0.00037948028259227274,-0.014992033162647644,0.015750993727832188,-0.023129220850116806,0.023888181415301354
2025-08-18,-0.0002175393804947,0.0006776310959415517,-0.014693882348101692,0.016049144539984794,-0.022831070034937374,0.024186332226820477
2025-08-19,-0.0054400099100128,0.0004863177401152821,-0.014885195703941066,0.01585783118417163,-0.023022383390783684,0.023995018871014247
2025-08-20,-0.0026605789014711,0.0010127900182781734,-0.01435872342576507,0.016384303462321417,-0.022495911112600752,0.0245214911491571
2025-08-21,-0.0040198349527377,0.0007770367267554585,-0.014594476717287929,0.016148550170798845,-0.022731664404123688,0.024285737857634607
2025-08-22,0.0152400632868318,0.0008946010002027039,-0.014476912443840539,0.016266114444245947,-0.02261410013067622,0.02440330213108163
2025-08-25,-0.0044107742045398,-0.0011084954492762986,-0.016480008893319544,0.014263017994766945,-0.024617196580155227,0.02240020568160263
2025-08-26,0.0041782612647277,0.0007382035951730984,-0.014633309848870145,0.01610971703921634,-0.022770497535705828,0.024246904726052024
2025-08-27,0.0022759002902507,3.267043196899486e-05,-0.015338843012074247,0.015404183876012239,-0.023476030698909932,0.02354137156284792
2025-08-28,0.0035351445501909,0.00015790917224360016,-0.015213604271799642,0.015529422616286844,-0.023350791958635327,0.023666610303122525
2025-08-29,-0.0059815633188441,3.924429693458366e-05,-0.01533226914710866,0.015410757740977827,-0.02346945683394434,0.02354794542781351
2025-09-02,-0.0074377843947735,0.0010226765437287761,-0.014348836900314467,0.01639418998777202,-0.022486024587150148,0.024531377674607703
2025-09-03,0.0054048347951129,0.0012779673258921144,-0.014093546118151128,0.016649480769935356,-0.022230733804986812,0.02478666845677104
2025-09-04,0.0083227537280463,-3.6051812492852075e-05,-0.015384964268622165,0.015312860643636463,-0.02351018771516147,0.023438084090175764
2025-09-05,-0.0029005007777643,-0.000425664673985448,-0.015775491785459443,0.014924162437488548,-0.023901199421290552,0.02304987007331966
2025-09-08,0.0024536672441945,0.0006494349531516305,-0.014699477502977683,0.015998347409280946,-0.022824700949516986,0.02412357085582025
2025-09-09,0.0023091052707458,0.0002160400090315923,-0.015132882486331004,0.015564962504394188,-0.023258111247319385,0.02369019126538257
2025-09-10,0.0028866449516346,0.00017556869068275605,-0.015173343765446557,0.015524481146812071,-0.023298567211985862,0.023649704593351372
2025-09-11,0.0082759736873276,0.00011152452433685128,-0.015237388041992603,0.015460437090666307,-0.023362611546868337,0.023585660595542037
2025-09-12,-0.0003347843799555,-0.0004595403625075061,-0.01580845281863682,0.014889372093621808,-0.02393367626517612,0.023014595540161113
2025-09-15,0.0053098963212514,0.00038278441915990476,-0.014966128038179071,0.01573169687649888,-0.023091351485358732,0.023856920323678543
2025-09-16,-0.0013777997445971,-0.00012039159283697842,-0.015469304048966293,0.015228520863292336,-0.023594527495505595,0.02335374430983164
2025-09-17,-0.0012431721602783,0.0005275725867345804,-0.014821339869408012,0.015876485042877173,-0.022946563315954342,0.024001708489423505
2025-09-18,0.0046615024417765,0.0005813517867106954,-0.014767560669418619,0.015930264242840008,-0.022892784115957923,0.02405548768937931
2025-09-19,0.004940692961188,-3.1651441860157295e-05,-0.015380563897989617,0.015317261014269303,-0.023505787344529,0.023442484460808686
2025-09-22,0.0047198792845417,-0.00012512799815656955,-0.015474040454285883,0.015223784457972745,-0.023599263900825188,0.023349007904512047
2025-09-23,-0.0054583904597155,-0.00011178659350885486,-0.01546069904963817,0.015237125862620462,-0.023585922496177476,0.023362349309159765
2025-09-24,-0.0031867166788192,0.0009559983857302804,-0.014392914070399034,0.016304910841859595,-0.022518137516938336,0.024430134288398898
2025-09-25,-0.0046241076930603,0.0008298657868999531,-0.01451904666922936,0.016178778243029268,-0.022644270115768663,0.02430400168956857
2025-09-26,0.0057127269825062,0.0009672476178992002,-0.014381664838230114,0.016316160074028516,-0.022506888284769416,0.02444138352056782
2025-09-29,0.0028064476894812,-0.00010135907319880339,-0.015450271529328118,0.01524755338293051,-0.02357549497586742,0.023372776829469814
2025-09-30,0.0037597689278938,9.11756893484636e-05,-0.01525773676678085,0.015440088145477779,-0.023382960213320154,0.02356531159201708
2025-10-01,0.0034017770959464,1.1467343119176006e-05,-0.015337445113010138,0.01536037979924849,-0.02346266855954944,0.023485603245787794
2025-10-02,0.0011511173226373,4.8082836017145504e-05,-0.015275457080866486,0.015371622752900778,-0.023387249116459476,0.023483414788493768
2025-10-03,-1.4818724464876764e-05,0.00032449837912062297,-0.014999949797190635,0.01564894655543188,-0.023112222636281463,0.02376121939452271
2025-10-06,0.0035798341068348,0.00043356598174374095,-0.014889973935139892,0.015757105898627374,-0.02300176597073288,0.023868897934220364
2025-10-07,-0.0037144018347419,7.408623329818698e-05,-0.015249463625780548,0.015397636092376923,-0.02336126092445371,0.023509433391050084
2025-10-08,0.0059453874260843,0.0007982846663530194,-0.014525255250530613,0.016121824583236653,-0.022637047286123604,0.02423361661882964
2025-10-09,-0.0029012347560901,-0.0001365146027331516,-0.015460054628457896,0.015187025422991591,-0.023571846721667893,0.023298817516201588
2025-10-10,-0.0273997899979889,0.0006912991816162045,-0.014632240735267428,0.016014839098499836,-0.022744032770860418,0.024126631134092826
2025-10-13,0.015227562737463,0.003341227737070956,-0.011982312181004203,0.018664767655146113,-0.02009410421722795,0.02677655969136986
2025-10-14,-0.0012223980438369,-0.0008416420987986829,-0.016165182015682317,0.01448189781808495,-0.024276974051275303,0.02259368985367794
2025-10-15,0.0044297154063206,0.0004418609973054579,-0.014881678919591218,0.015765400914202133,-0.022993470955191112,0.02387719294980203
2025-10-16,-0.0068335058753047,-1.5221259063637942e-05,-0.01533876117594727,0.015308318657819994,-0.02345055321154026,0.023420110693412984
2025-10-17,0.0056602652917663,0.001115423503935454,-0.014208116412948321,0.016438963420819228,-0.022319908448541387,0.024550755456412294
2025-10-20,0.0103467226145737,-7.34992733572099e-05,-0.015397039190240842,0.015250040643526423,-0.02350883122583383,0.023361832679119413
2025-10-21,-1.4955189601561524e-05,-0.0006882393650608574,-0.016011779281944492,0.014635300551822777,-0.024123571317537482,0.02274709258741577
2025-10-22,-0.0052124434662263,0.00033158125167660117,-0.014991958665207031,0.015655121168560233,-0.02310375070080002,0.023766913204153223
2025-10-23,0.0059124530345945,0.0009820972356320424,-0.01434144268125159,0.016305637152515675,-0.02245323471684458,0.024417429188108665
2025-10-24,0.0081393328244262,-0.00011383547348950928,-0.015437375390373142,0.015209704443394123,-0.02354916742596613,0.023321496478987114
2025-10-27,0.0117286179255213,-0.00046150081454374387,-0.015785040731427377,0.014862039102339889,-0.023896832767020367,0.022973831137932877
2025-10-28,0.002652480390799,-0.0008734233097899943,-0.016196963226673626,0.014450116607093638,-0.024308755262266616,0.022561908642686628
2025-10-29,0.0004802107354219,3.3112120088322984e-05,-0.015290427796795309,0.015356652036971955,-0.0234022198323883,0.023468444072564945
2025-10-30,-0.0110590395674334,0.0003592841428330274,-0.014950077022217198,0.015668645307883252,-0.02305436327997943,0.023772931565645486
2025-10-31,0.0032748926031152,0.001594695092242594,-0.013715580664521951,0.01690497084900714,-0.02182035107789211,0.025009741262377296
2025-11-03,0.0018749327948009,0.00023053037682456727,-0.015078830788225658,0.015539891541874793,-0.02318311704598789,0.023644177799637026
2025-11-04,-0.0119244092156914,0.0002206328281526842,-0.01508873838810857,0.015530004044413938,-0.02319302996666052,0.023634295622965887
2025-11-05,0.003459479229167,0.0016804113471625048,-0.01362894981788772,0.01698977251221273,-0.021733236075649955,0.02509405876997496
2025-11-06,-0.010787357135266,0.0002195113028829395,-0.01508984997263825,0.01552887257840413,-0.023194136288880278,0.023633158894646157
2025-11-07,0.0009840815731577,0.0015597259943020162,-0.01374963517074821,0.01686908715935224,-0.02185392142851044,0.024973373417114475
2025-11-10,0.0154838621235324,0.0004661726504212382,-0.014843188515843153,0.01577553381668563,-0.022947474774248126,0.023879820075090603
2025-11-11,0.0022865871486387,-0.001168592822643947,-0.016477953987694173,0.014140768342406278,-0.024582240245456403,0.022245054600168512
2025-11-12,0.0005562521295209,4.357202469566437e-05,-0.015265789140367907,0.015352933189759235,-0.023370075398137204,0.023457219447528533
2025-11-13,-0.0167332863642728,0.00035207278577888015,-0.014957288379271346,0.015661433950829105,-0.023061574637033577,0.02376572020859134
2025-11-14,-0.0001636093911431,0.002196999012675866,-0.013112362152374508,0.01750636017772624,-0.021216648410136818,0.02561064643548855
2025-11-17,-0.0093601466002241,0.0006532984125750776,-0.014656062752475147,0.015962659577625302,-0.02276034901023738,0.024066945835387536
2025-11-18,-0.0084329449885995,0.0014555996364006914,-0.013853761528649535,0.01676496080145092,-0.021958047786411767,0.02486924705921315
2025-11-19,0.0038557148069217,0.0014425056128665186,-0.013866855552183708,0.016751866777916746,-0.02197114180994594,0.024856153035678976
2025-11-20,-0.0153596614593247,0.00015282512123591133,-0.015156536043814315,0.015462186286286136,-0.023260822301576545,0.02356647254404837
2025-11-21,0.009911918982616,0.0020321034900513267,-0.0132772576749989,0.017341464655101554,-0.02138154393276113,0.025445750912863784
2025-11-24,0.0146112812405993,-0.00042027815412003835,-0.015729639319170263,0.014889083010930188,-0.023833925576932497,0.02299336926869242
2025-11-25,0.0093619528833288,-0.0011700464110545549,-0.01647940757610478,0.014139314753995672,-0.024583693833867014,0.022243601011757902
2025-11-26,0.0068798242696038,-0.000698325475620849,-0.016007686640671075,0.014611035689429376,-0.024111972898433306,0.02271532194719161
2025-11-28,0.0054435576550633,-0.000389305844744721,-0.01568840813810685,0.014909796448617408,-0.02378726367724238,0.023008651987752936
2025-12-01,-0.0045758859064223,-0.00011875603731088797,-0.015418758678599492,0.015181246603977716,-0.02351809083313713,0.023280578758515354
2025-12-02,0.0018504907533303,0.0008583864987591352,-0.014440715794602994,0.016157488792121266,-0.022539571333738524,0.024256344331256792
2025-12-03,0.0034567863924179,0.0003045550704770684,-0.014994557043107629,0.015603667184061766,-0.023093417780754966,0.023702527921709106
2025-12-04,0.0007308566971165,7.224255474409883e-05,-0.015226859738618032,0.015371344848106228,-0.02332571527775356,0.023470200387241756
2025-12-05,0.0018976599322906,0.0003328168608811152,-0.01496628553960096,0.015631919261363193,-0.023065141135442363,0.023730774857204595
2025-12-08,-0.003008741077424,0.00023871841386236396,-0.015060383879499767,0.015537820707224493,-0.023159239418635295,0.02363667624636002
2025-12-09,-0.0008634949792658,0.0007412887457916813,-0.014557813548738925,0.016040391040322288,-0.02265666908849301,0.024139246580076372
2025-12-10,0.0066103219036881,0.0005697065228605185,-0.014729395770501611,0.01586880881622265,-0.02282825130963714,0.023967664355358177
2025-12-11,0.0023242286648015,-0.00022878753498590106,-0.015527889828360775,0.015070314758388974,-0.023626745367503053,0.023169170297531252
2025-12-12,-0.0108102180559572,0.00013545931772560558,-0.015163642975636524,0.015434561611087735,-0.02326249851477205,0.023533417150223265
2025-12-15,-0.0015119558434006,0.0015452889151091002,-0.01375381337825317,0.016844391208471372,-0.021852668917388775,0.02494324674760697
2025-12-16,-0.0027360593974678,0.0007214059941859501,-0.01457769629917618,0.01602050828754808,-0.022676551838311708,0.02411936382668361
2025-12-17,-0.0110645755159521,0.000763205821190129,-0.014535896472172,0.016062308114552257,-0.02263475201130753,0.024161163653687787
2025-12-18,0.0075229121009618,0.001637417412369399,-0.01366168488099273,0.01693651970573153,-0.02176054042012826,0.025035375244867056
2025-12-19,0.0090226384616987,-0.0002125906015678825,-0.015511692894930013,0.015086511691794247,-0.02361054843406554,0.023185367230929777
2025-12-22,0.0062105487341077,-0.000562443182336868,-0.015861545475699,0.014736659111025261,-0.023960401014834525,0.02283551465016079
2025-12-23,0.0045600714130916,-0.00030528248389329575,-0.015604384777255426,0.014993819809468834,-0.023703240316390956,0.02309267534860436
2025-12-24,0.0035114490613241,-0.00010604516520197708,-0.015405147458564108,0.015193057128160152,-0.023504002997699634,0.023291912667295682
2025-12-26,-0.0001014091854868,2.428365623386873e-05,-0.01527481863712826,0.015323385949596,-0.02337367417626379,0.023422241488731527
2025-12-29,-0.003570013109276,0.0004175509263188619,-0.014858858780615837,0.01569396063325356,-0.022945701590130957,0.02378080344276868
2025-12-30,-0.0012218930418649,0.0008137624125610207,-0.01446353799216195,0.01609106281728399,-0.0225508523086046,0.02417837713372664
2025-12-31,-0.0074365385229543,0.0006168341773435757,-0.014659575529591122,0.015893243884278273,-0.02274641833910624,0.023980086693793395
2026-01-02,0.0018313816388204,0.001238462320654379,-0.01403795705598124,0.01651488169729,-0.022124804984326826,0.02460172962563558
2026-01-05,0.0066380302639303,0.00034283191966906306,-0.014933577787265635,0.015619241626603761,-0.023020420596780757,0.02370608443611888
2026-01-06,0.005929612162752,-0.0002521697942349388,-0.015528579606156126,0.01502424001768625,-0.02361542247124774,0.023111082882777863
2026-01-07,-0.0032286065226963,-0.0002399828610102554,-0.015516392567944954,0.015036426845924442,-0.023603235377460074,0.023123269655439562
2026-01-08,-0.0001015268371399,0.0007154262623729119,-0.014560983445701654,0.01599183597044748,-0.022647826255820184,0.02407867878056601
2026-01-09,0.0065916159716394,0.0004892482189309824,-0.014787161488003716,0.01576565792586568,-0.022874004297518836,0.0238525007353808
2026-01-12,0.0015691657382673,-0.0002317412194627129,-0.015508150926409787,0.015044668487484363,-0.02359499373593146,0.023131511297006035
2026-01-13,-0.0020014746381922,0.00021646160690554572,-0.015059948100029152,0.015492871313840244,-0.023146790909544274,0.023579714123355362
2026-01-14,-0.0049273421816183,0.0006352190885989547,-0.01464119061833588,0.01591162879553379,-0.022728033427851072,0.02399847160504898
2026-01-15,0.002719522746548,0.0009837221316233579,-0.01429268757531134,0.016260131838558057,-0.02237953038482646,0.024346974648073175
2026-01-16,-0.0008382356227388,0.0002232458265629344,-0.015053163880371766,0.015499655533497636,-0.02314000668988689,0.023586498343012754
2026-01-20,-0.0205668143829452,0.000514717612020126,-0.014761692094914573,0.015791127318954823,-0.02284853490442969,0.023877970128469945
2026-01-21,0.0114749928751579,0.002600771695242047,-0.01267563801169265,0.017877181402176746,-0.020762480821207772,0.025964024211691864
2026-01-22,0.0052095696074123,-0.0005205651298547062,-0.015796974836789403,0.014755844577079992,-0.023883817646304525,0.02284268738659511
2026-01-23,0.0003627894295177,-0.00019295684912791673,-0.015469366556062614,0.015083452857806781,-0.023556209365577736,0.0231702956673219
2026-01-26,0.0050652805902333,0.0003462053336544979,-0.0149302043732802,0.015622615040589196,-0.02301704718279532,0.023709457850104317
2026-01-27,0.0039763343857141,-8.760622818141663e-05,-0.015364015935116115,0.01518880347875328,-0.023450858744631233,0.023275646288268403
2026-01-28,-0.0001006640625627,-1.9728415830657774e-05,-0.015276000832570708,0.015236544000909392,-0.02335218360458109,0.023312726772919772
2026-01-29,-0.0019863909365824,0.0004560090515971486,-0.014801154555997856,0.015713172659192153,-0.0228778090959495,0.023789827199143795
2026-01-30,-0.0029870043360058,0.0006540361030153881,-0.014602236313724662,0.015910308519755438,-0.022678419085735042,0.02398649129176582
2026-02-02,0.0049590013266115,0.0007831214300303313,-0.014473160670873614,0.016039403530934276,-0.022549348569370693,0.024115591429431357
2026-02-03,-0.0084913125002977,-3.131282736256011e-05,-0.01528758524410261,0.01522495958937749,-0.02336376801611299,0.02330114236138787
2026-02-04,-0.0048556876994214,0.0012855797788073598,-0.013970692743175231,0.01654185230078995,-0.022046875570897646,0.024618035128512367
2026-02-05,-0.0125679092302561,0.0010442120007354049,-0.014212060416004646,0.016300484417475454,-0.022288243188015026,0.024376667189485834
2026-02-06,0.0190030861556809,0.0018229546420017349,-0.013433317775882038,0.01707922705988551,-0.021509500548497866,0.025155409832501335
2026-02-09,0.0048101916017795,-0.0013870099908310015,-0.016643282407571052,0.013869262425909048,-0.024719465179581433,0.02194544519791943
2026-02-10,-0.0026405854589145,-0.00024206935943117404,-0.015498341776183653,0.015014203057321306,-0.023574524548200613,0.023090385829338266
2026-02-11,-0.0002311617005785,0.0006540064644279234,-0.014602265952312126,0.015910278881167972,-0.02267844872432251,0.023986461653178352
2026-02-12,-0.015569450219435,0.0004962432379748285,-0.014760029178765358,0.015752515654715013,-0.02283621195077581,0.023828698426725466
2026-02-13,0.0007042897121279,0.0020787733039968645,-0.013177499112743185,0.017335045720736915,-0.021253681884753566,0.025411228492747295
2026-02-17,0.0016121586455497,0.0005472541678795872,-0.014709018248860464,0.01580352658461964,-0.022785201020870848,0.02387970935663002
2026-02-18,0.0050250665332407,0.00029295466935827465,-0.014963317747381775,0.015549227086098325,-0.023039500519392155,0.023625409858108706
2026-02-19,-0.002640849544883,-8.934181295655103e-05,-0.0153456142296966,0.0151669306037835,-0.023421797001706983,0.023243113375793878
2026-02-20,0.0072057612537329,0.0006699558555097085,-0.014586316561230342,0.015926228272249758,-0.022662499333240722,0.02400241104426014
2026-02-23,-0.0102637952386527,-0.0002773719676017449,-0.015533644384341795,0.014978900449138305,-0.023609827156352174,0.023055083221148687
2026-02-24,0.0072422250236292,0.0014450256962875243,-0.013811246720452525,0.016701298113027573,-0.021887429492462907,0.024777480885037954
2026-02-25,0.008402872807973,-0.00020037428429262575,-0.015456646701032676,0.015055898132447424,-0.023532829473043058,0.023132080904457803
2026-02-26,-0.0055698890239976,-0.0004966742812005182,-0.015736584755531743,0.014743236193130706,-0.02380410603843199,0.022810757476030955
2026-02-27,-0.0048135360579422,0.0010184907205130441,-0.014222315036553098,0.016259296477579187,-0.022290310253505016,0.024327291694531107
2026-03-02,0.0005683812096226,0.0010015419408985213,-0.014238368533432702,0.016241452415229746,-0.02230588981633295,0.024308973698129992
2026-03-03,-0.0088534176433459,0.0004406251886417571,-0.014799295042004978,0.015680545419288493,-0.022866821489586683,0.0237480718668702
2026-03-04,0.007030608714199,0.0013727183156278066,-0.013867192158703417,0.01661262878995903,-0.021934713441603665,0.02468015007285928
2026-03-05,-0.0055911964945084,-0.00018955549884643356,-0.015429466079506102,0.015050355081813235,-0.02349698741869323,0.023117876421000362
2026-03-06,-0.0131937477561199,0.0009657740117289511,-0.014274136462602272,0.016205684486060176,-0.02234165774550252,0.024273205768960422
2026-03-09,0.0087218033978246,0.0018799691178629009,-0.013359941357627138,0.01711987959335294,-0.021427462641140826,0.02518740087686663
2026-03-10,-0.0016083619176333,-0.0003124608624683094,-0.015552371336799533,0.014927449611862915,-0.02361989261969978,0.022994970894763163
2026-03-11,-0.0012559577565534,0.0005370695777910262,-0.014702840896552827,0.01577698005213488,-0.022770362179459762,0.02384450133504181
2026-03-12,-0.0153013949706676,0.0005889797735307569,-0.014650930700800468,0.015828890247861983,-0.022718451983700715,0.02389641153076223
2026-03-13,-0.0056762596047926,0.0020606797004420084,-0.013179230773889352,0.01730059017477337,-0.021246752056789674,0.025368111457673693
2026-03-16,0.0101254526598387,0.0012094965333289609,-0.014030413941002264,0.016449407007660184,-0.02209793522390251,0.024516928290560434
