date,actual,predicted,lower_80,upper_80,lower_95,upper_95
2022-01-03,0.0176498328422452,0.0002855291249695232,-0.018320605908922403,0.01889166415886145,-0.028170098832864674,0.028741157082803722
2022-01-04,0.0144495865229332,-0.0005454283711322722,-0.019151563405024198,0.018060706662759655,-0.02900105632896647,0.027910199586701927
2022-01-05,0.0014478494169131,-0.00040918573673098064,-0.019015320770622908,0.018196949297160946,-0.02886481369456518,0.028046442221103217
2022-01-06,-0.0210562653723662,0.0001443313173869104,-0.018461803716505017,0.018750466351278836,-0.02831129664044729,0.028599959275221108
2022-01-07,-0.0037754480709514,0.001102388784794488,-0.017503746249097438,0.019708523818686416,-0.02735323917303971,0.029558016742628687
2022-01-10,0.001482278937058,0.0003667003912028588,-0.018239434642689067,0.018972835425094786,-0.02808892756663134,0.028822328349037057
2022-01-11,-0.0161258665174283,0.00014286556504859602,-0.01846326946884333,0.018749000598940524,-0.0283127623927856,0.028598493522882795
2022-01-12,0.0054042117100293,0.0008924891515717986,-0.017713645882320127,0.019498624185463727,-0.027563138806262398,0.029348117109405998
2022-01-13,0.0087199020397098,-2.410109927030715e-05,-0.018630236133162233,0.01858203393462162,-0.028479729057104504,0.028431526858563892
2022-01-14,-0.0040894764346047,-0.00016525847914088983,-0.018771393513032815,0.01844087655475104,-0.028620886436975086,0.02829036947869331
2022-01-18,-0.0095080466199971,0.00038006937823447274,-0.018226065655657455,0.0189862044121264,-0.028075558579599726,0.02883569733606867
2022-01-19,-0.0102827815522137,0.0006107517079949095,-0.017995383325897018,0.019216886741886836,-0.02784487624983929,0.029066379665829107
2022-01-20,-0.0057927294111029,0.0006437341467187473,-0.01796240088717318,0.019249869180610675,-0.02781189381111545,0.029099362104552946
2022-01-21,-0.0113002522455878,0.00045258119433112993,-0.018153553839560795,0.01905871622822306,-0.028003046763503067,0.02890820915216533
2022-01-24,-0.0041058823379371,0.000687050464858033,-0.017919084569033895,0.01929318549874996,-0.027768577492976166,0.02914267842269223
2022-01-25,0.0549739637763705,0.0003807678193126643,-0.018225367214579263,0.01898690285320459,-0.028074860138521535,0.02883639577714686
2022-01-26,-0.0136120342966867,-0.0021344116611113975,-0.020740546695003324,0.01647172337278053,-0.030590039618945596,0.0263212162967228
2022-01-27,-0.0130446736524142,0.00078546891312018,-0.017820666120771746,0.019391603947012108,-0.027670159044714017,0.02924109687095438
2022-01-28,0.0148307023794088,0.0007613149258583753,-0.01784482010803355,0.019367449959750302,-0.027694313031975823,0.029216942883692573
2022-01-31,-0.0069384242856888,-0.00042541080915275075,-0.019031545843044676,0.018180724224739177,-0.028881038766986947,0.02803021714868145
2022-02-01,0.0145672023200534,0.0005031361212918808,-0.018114497660109752,0.019120769902693513,-0.027970077653291535,0.028976349895875296
2022-02-02,0.0126110188637687,-0.00042112149304039957,-0.019038755274442033,0.018196512288361232,-0.028894335267623816,0.028052092281543015
2022-02-03,0.0038543126146172,-0.00033704965976402273,-0.018954683441165656,0.01828058412163761,-0.02881026343434744,0.028136164114819392
2022-02-04,-0.0045830260949869,3.9291498558158354e-05,-0.018578342282843475,0.01865692527995979,-0.02843392227602526,0.028512505273141572
2022-02-07,0.0006560427967064,0.0004019070451784031,-0.01821572673622323,0.019019540826580035,-0.028071306729405013,0.028875120819761818
2022-02-08,-0.001604158338297,0.00017674507227099715,-0.018440888709130635,0.01879437885367263,-0.028296468702312418,0.028649958846854413
2022-02-09,0.0056036579338646,0.0002738828189289611,-0.01834375096247267,0.018891516600330595,-0.028199330955654453,0.028747096593512378
2022-02-10,-0.0195058804509519,-3.589095304170481e-05,-0.018653524734443337,0.018581742828359928,-0.02850910472762512,0.02843732282154171
2022-02-11,-0.0062356490683369,0.0010432537038425848,-0.017574380077559047,0.019660887485244218,-0.02742996007074083,0.029516467478426
2022-02-14,-0.0193279548708677,0.0004729326141953666,-0.018144701167206265,0.019090566395597,-0.02800028116038805,0.028946146388778782
2022-02-15,-0.0016149612449472,0.0010356069109733455,-0.017582026870428286,0.01965324069237498,-0.02743760686361007,0.029508820685556762
2022-02-16,-0.0058659976507033,0.0002743471006219066,-0.018343286680779725,0.01889198088202354,-0.028198866673961508,0.028747560875205323
2022-02-17,-0.0331329519127224,0.0004570459281824442,-0.01816058785321919,0.019074679709584076,-0.02801616784640097,0.02893025970276586
2022-02-18,-0.004973629077091,0.001628910880473213,-0.01698872290092842,0.020246544661874845,-0.026844302894110203,0.030102124655056628
2022-02-22,-0.0034639475335836,0.0004186941766119143,-0.01819893960478972,0.019036327958013546,-0.028054519597971502,0.02889190795119533
2022-02-23,-0.0150414846332499,0.00035381186988428525,-0.018263821911517347,0.018971445651285918,-0.02811940190469913,0.0288270256444677
2022-02-24,-0.0008195856385467,0.00085138522665055,-0.017766248554751084,0.01946901900805218,-0.027621828547932867,0.029324599001233964
2022-02-25,0.0179569507359196,0.000240163862256114,-0.018377469919145517,0.018857797643657748,-0.0282330499123273,0.02871337763683953
2022-02-28,-0.0135393354508039,-0.0005668043341624796,-0.019184438115564112,0.018050829447239153,-0.029040018108745895,0.027906409440420936
2022-03-01,-0.0095138893037227,0.0007868266418117333,-0.0178308071395899,0.019404460423213366,-0.027686387132771682,0.02926004041639515
2022-03-02,0.0204730440850466,0.0005847668213578751,-0.018023722136397448,0.019193255779113197,-0.027874461152362258,0.029043994795078007
2022-03-03,0.0165742881541761,-0.0006793110892053697,-0.019287800046960693,0.01792917786854995,-0.029138539062925503,0.027779916884514762
2022-03-04,0.0054642737440295,-0.000514961797899157,-0.01912345075565448,0.018093527159856165,-0.02897418977161929,0.027944266175820975
2022-03-07,-0.0043532103552851,-4.662701955315311e-05,-0.018655115977308477,0.018561861938202168,-0.028505854993273287,0.028412600954166978
2022-03-08,-0.003098170679627,0.00036722206018960217,-0.01824126689756572,0.018975711017944926,-0.02809200591353053,0.028826450033909736
2022-03-09,0.0042873480401808,0.000314316752724117,-0.018294172205031205,0.01892280571047944,-0.028144911220996015,0.02877354472644425
2022-03-10,-0.0149262811645337,2.985448828372742e-06,-0.018605503508926948,0.018611474406583697,-0.028456242524891758,0.028462213422548507
2022-03-11,-0.0031412348589235,0.0008129223618349091,-0.017795566595920412,0.019421411319590232,-0.027646305611885223,0.029272150335555042
2022-03-14,-0.0001613075022302,0.00031613209266166556,-0.018292356865093656,0.01892462105041699,-0.028143095881058466,0.0287753600663818
2022-03-15,0.013622968053282,0.00019051536827564068,-0.01841797358947968,0.018799004326030964,-0.02826871260544449,0.028649743341995774
2022-03-16,0.0110814781090865,-0.00039055099209336084,-0.018999039949848685,0.01821793796566196,-0.028849778965813495,0.02806867698162677
2022-03-17,0.0072157345133767,-0.0002834162858956496,-0.01889190524365097,0.018325072671859673,-0.02874264425961578,0.028175811687824483
2022-03-18,0.0062324399203087,-0.00012045860616611043,-0.018728947563921433,0.01848803035158921,-0.028579686579886243,0.02833876936755402
2022-03-21,-0.0051388546487407,-7.900851993825208e-05,-0.018687497477693573,0.018529480437817072,-0.028538236493658383,0.028380219453781882
2022-03-22,0.0074659900099632,0.0004003403382089622,-0.01820814861954636,0.019008829295964286,-0.02805888763551117,0.028859568311929096
2022-03-23,-0.0059061133369334,-0.00013100794914595998,-0.01873949690690128,0.018477481008609364,-0.02859023592286609,0.028328220024574174
2022-03-24,0.0073772588996349,0.00043268358407735636,-0.018175805373677967,0.019041172541832678,-0.028026544389642777,0.028891911557797488
2022-03-25,0.0161169899303835,-0.0001272675521173075,-0.01873575650987263,0.018481221405638015,-0.02858649552583744,0.028331960421602825
2022-03-28,0.0009133744514984,-0.0004956847155866146,-0.019104173673341936,0.01811280424216871,-0.028954912689306746,0.02796354325813352
2022-03-29,0.0035685366973848,0.00014521291267015845,-0.018463276045085165,0.01875370187042548,-0.028314015061049976,0.02860444088639029
2022-03-30,0.0014388544904479,5.42148427883927e-05,-0.018530388621161863,0.018638818306738646,-0.0283684834204858,0.028476913106062582
2022-03-31,-0.0160979661664282,0.000142834662063686,-0.01844176880188657,0.01872743812601394,-0.028279863601210504,0.028565532925337877
2022-04-01,0.0009993913233529,0.0008725725883202289,-0.017712030875630027,0.019457176052270483,-0.027550125674953962,0.029295270851594418
2022-04-04,0.0009215193194251,0.00016112149674693264,-0.018423481967203323,0.018745724960697187,-0.02826157676652726,0.028583819760021122
2022-04-05,-0.0106499526627733,0.00016436188768047583,-0.01842024157626978,0.01874896535163073,-0.028258336375593714,0.028587060150954666
2022-04-06,0.0038719291783047,0.0006458711722447929,-0.01793873229170546,0.01923047463619505,-0.027776827091029396,0.029068569435518984
2022-04-07,-0.0065131597871177,4.1590148483755036e-05,-0.0185430133154665,0.01862619361243401,-0.028381108114790436,0.028464288411757944
2022-04-08,-0.0063993132323984,0.00047373195080329896,-0.018110871513146956,0.019058335414753554,-0.02794896631247089,0.02889643021407749
2022-04-11,-0.0107045868959636,0.0004689945955906402,-0.018115608868359615,0.019053598059540894,-0.02795370366768355,0.02889169285886483
2022-04-12,-0.0030910155137067,0.0006481445987005325,-0.01793645886524972,0.019232748062650788,-0.027774553664573657,0.029070842861974724
2022-04-13,0.0012693533964795,0.0003313305136049047,-0.01825327295034535,0.01891593397755516,-0.028091367749669284,0.028754028776879097
2022-04-14,0.0033239596002677,0.0001498879004602489,-0.018434715563490005,0.018734491364410504,-0.02827281036281394,0.02857258616373444
2022-04-18,-0.0030862274707559,6.439212561246588e-05,-0.01852021133833779,0.01864899558956272,-0.028358306137661726,0.028487090388886655
2022-04-19,0.0233442742857241,0.0003311312747233475,-0.018253472189226908,0.0189157347386736,-0.028091566988550844,0.028753829537997537
2022-04-20,0.0685953572839465,-0.0007686883515970683,-0.019353291815547322,0.017815915112353187,-0.029191386614871258,0.027654009911677123
2022-04-21,0.0110006330970209,-0.002651665438155684,-0.021236268902105938,0.015932938025794572,-0.031074363701429873,0.025771032825118508
2022-04-22,-0.0115068764818468,-0.0002550477493612649,-0.01883965121331152,0.01832955571458899,-0.028677746012635456,0.028167650513912925
2022-04-25,0.0061295603272487,0.0006815292782906766,-0.01790307418565958,0.01926613274224093,-0.027741168984983515,0.029104227541564866
2022-04-26,-0.0211421111644206,-5.235385112238808e-05,-0.018636957315072644,0.018532249612827865,-0.02847505211439658,0.0283703444121518
2022-04-27,-0.0083320572831353,0.0010824683261276985,-0.017502135137822557,0.019667071790077952,-0.027340229937146493,0.029505166589401888
2022-04-28,0.0050221856381682,0.0005317735918404109,-0.018079477701862325,0.019143024885543144,-0.027931679010147276,0.028995226193828095
2022-04-29,-0.0263493923250135,1.0961993488253422e-05,-0.01860028930021448,0.01862221328719099,-0.028452490608499432,0.02847441459547594
2022-05-02,0.0062580163852023,0.0012344444296037093,-0.017376806864099027,0.019845695723306443,-0.027229008172383978,0.029697897031591394
2022-05-03,-0.0039162321530834,-3.7235046991578263e-05,-0.018648486340694312,0.018574016246711157,-0.028500687648979263,0.028426217554996108
2022-05-04,0.0361628607516447,0.00035955769329949457,-0.01825169360040324,0.01897080898700223,-0.02810389490868819,0.02882301029528718
2022-05-05,-0.0108300674657504,-0.0012035152984997731,-0.019814766592202507,0.017407735995202962,-0.029666967900487458,0.027259937303487913
2022-05-06,0.0127931386147455,0.0006291952640066639,-0.01798205602969607,0.019240446557709397,-0.027834257337981023,0.02909264786599435
2022-05-09,-0.0116838284374011,-0.0002921029173644867,-0.01890335421106722,0.01831914837633825,-0.02875555551935217,0.0281713496846232
2022-05-10,-0.0402984479064484,0.0006624916941282669,-0.017948759599574468,0.019273742987831,-0.02780096090785942,0.029125944296115952
2022-05-11,0.0124674835449554,0.0017784535490784562,-0.01683279774462428,0.02038970484278119,-0.02668499905290923,0.03024190615106614
2022-05-12,0.0163098347571126,-0.00027940246415209967,-0.018890653757854835,0.018331848829550634,-0.028742855066139786,0.028184050137835585
2022-05-13,0.0052534391498455,-0.0004292530463248711,-0.019040504340027607,0.018181998247377863,-0.028892705648312558,0.028034199555662814
2022-05-16,0.0106466085859291,1.9431736456795054e-06,-0.018609308120057056,0.018613194467348413,-0.028461509428342007,0.028465395775633364
2022-05-17,0.024434210369735,-0.00020838886919217356,-0.018819640162894908,0.01840286242451056,-0.02867184147117986,0.028255063732795512
2022-05-18,-0.0400333904806054,-0.0007461013374154268,-0.019357352631118162,0.017865149956287307,-0.029209553939403114,0.027717351264572258
2022-05-19,-0.0249821176665304,0.0017681163863937648,-0.01684313490730897,0.0203793676800965,-0.02669533621559392,0.03023156898838145
2022-05-20,-0.009142342399485,0.0011811211147241352,-0.017430130178978598,0.01979237240842687,-0.02728233148726355,0.029644573716711822
2022-05-23,0.0207208540846259,0.0005633744762225456,-0.01804787681748019,0.01917462576992528,-0.02790007812576514,0.02902682707821023
2022-05-24,0.0198521329949654,-0.0006012815199614896,-0.019212532813664224,0.018009969773741245,-0.029064734121949175,0.027862171082026196
2022-05-25,0.0043998170906595,-0.0005674016495791295,-0.019178652943281863,0.018043849644123606,-0.029030854251566814,0.027896050952408557
2022-05-26,0.0184315754178648,3.72045873031142e-05,-0.018616267432538337,0.018690676607144567,-0.028490819043161173,0.028565228217767403
2022-05-27,0.0172368508802738,-0.0005058328677187847,-0.019159304887560236,0.01814763915212267,-0.02903385649818307,0.028022190762745505
2022-05-31,-0.0030923742742459,-0.0004595963122410757,-0.01911306833208253,0.018193875707600376,-0.028987619942705364,0.02806842731822321
2022-06-01,0.0042404391922944,0.0003271568824083567,-0.018326315137433095,0.01898062890224981,-0.02820086674805593,0.028855180512872645
2022-06-02,0.0051507318651462,4.337260746827909e-05,-0.018610099412373172,0.018696844627309733,-0.028484651022996008,0.02857139623793257
2022-06-03,0.0073221622629232,8.143735586120776e-06,-0.01864532828425533,0.018661615755427574,-0.028519879894878166,0.02853616736605041
2022-06-06,0.0119695975191539,-7.589192191802786e-05,-0.018729363941759482,0.018577580097923423,-0.028603915552382318,0.02845213170854626
2022-06-07,-0.0007001346878325,-0.0002557504510539995,-0.01890922247089545,0.018397721568787453,-0.028783774081518287,0.02827227317941029
2022-06-08,-0.0137514026153243,0.00023457577699622343,-0.018418896242845227,0.018888047796837677,-0.028293447853468063,0.028762599407460513
2022-06-09,-0.0205898113725124,0.0007396676660442911,-0.01791380435379716,0.019393139685885744,-0.027788355964419996,0.02926769129650858
2022-06-10,-0.0129127202439184,0.001004318182487622,-0.01764915383735383,0.019657790202329075,-0.027523705447976665,0.02953234181295191
2022-06-13,-0.0079617910535225,0.0007072101557366217,-0.01794626186410483,0.019360682175578073,-0.027820813474727667,0.02923523378620091
2022-06-14,0.0045046889491883,0.0005156062294964173,-0.018137865790345035,0.01916907824933787,-0.02801241740096787,0.029043629859960705
2022-06-15,0.0098246129867003,3.314598353935922e-05,-0.018620326036302093,0.01868661800338081,-0.02849487764692493,0.028561169614003647
2022-06-16,-0.0101930226065069,-0.00017273826438409589,-0.01882621028422555,0.018480733755457356,-0.028700761894848385,0.02835528536608019
2022-06-17,-0.0048024968099207,0.000601956227539644,-0.018051515792301808,0.019255428247381096,-0.027926067402924644,0.029129979858003932
2022-06-21,0.0207432035699026,0.0003933396492357983,-0.018260132370605656,0.01904681166907725,-0.028134683981228488,0.028921363279700088
2022-06-22,-0.0056015809568092,-0.000595294262318616,-0.019248766282160067,0.018058177757522838,-0.029123317892782902,0.027932729368145674
2022-06-23,0.0098722816574418,0.0004242646845275871,-0.018229207335313864,0.01907773670436904,-0.0281037589459367,0.028952288314991876
2022-06-24,0.0258124226618013,-0.00017458307050461988,-0.01882805509034607,0.018478888949336834,-0.028702606700968906,0.02835344055995967
2022-06-27,0.0051956819916242,-0.0007479162594276712,-0.019391677996864885,0.017895845478009542,-0.02926108929448581,0.027765256775630468
2022-06-28,-0.0066042859285005,2.459192557200792e-05,-0.018619169811865205,0.018668353663009223,-0.02848858110948613,0.02853776496063015
2022-06-29,-0.0081397638483389,0.0004667361008739746,-0.01817702563656324,0.01911049783831119,-0.028046436934184165,0.028979909135932114
2022-06-30,0.003405536403601,0.0005242703775056482,-0.018119491359931565,0.019168032114942862,-0.02798890265755249,0.02903744341256379
2022-07-01,-0.0004962207008078,9.166858629216754e-05,-0.018552093151145047,0.01873543032372938,-0.028421504448765973,0.028604841621350307
2022-07-05,-0.0251138849573522,0.00023786721910499197,-0.018405894518332223,0.018881628956542204,-0.02827530581595315,0.02875104025416313
2022-07-06,0.0033368437244616,0.0011602897997636265,-0.01748347193767359,0.01980405153720084,-0.027352883235294514,0.029673462834821765
2022-07-07,0.0197203065334685,9.424249735471997e-05,-0.018549519240082493,0.018738004234791935,-0.02841893053770342,0.02860741553241286
2022-07-08,-0.002559677008176,-0.0005196449895700959,-0.01916340672700731,0.018124116747867118,-0.029032818024628235,0.027993528045488044
2022-07-11,0.0037660186675185,0.0003151848180568468,-0.018328576919380366,0.01895894655549406,-0.028197988217001292,0.028828357853114987
2022-07-12,-0.0129917980359997,7.81613348852413e-05,-0.018565600402551972,0.018721923072322455,-0.0284350117001729,0.02859133436994338
2022-07-13,-0.014474352259656,0.0007060758424833497,-0.017937685894953863,0.019349837579920565,-0.02780709719257479,0.02921924887754149
2022-07-14,0.0136115332345528,0.0007616270710117773,-0.017882134666425437,0.01940538880844899,-0.027751545964046363,0.029274800106069917
2022-07-15,0.0061654142406983,-0.0002907495764097512,-0.018934511313846963,0.018353012161027464,-0.02880392261146789,0.02822242345864839
2022-07-18,-0.0128755281778783,-1.1743890629605804e-05,-0.01865550562806682,0.018632017846807607,-0.028524916925687746,0.028501429144428533
2022-07-19,-0.0539141293972918,0.000701719217034912,-0.017942042520402303,0.019345480954472125,-0.02781145381802323,0.02921489225209305
2022-07-20,-0.0130743920940688,0.002239433439186129,-0.016404328298251086,0.02088319517662334,-0.02627373959587201,0.03075260647424427
2022-07-21,-0.0158393277648104,0.0007091706374808448,-0.01793459109995637,0.019352932374918058,-0.027804002397577295,0.029222343672538984
2022-07-22,0.008614150279172,0.0008127726311623764,-0.017830989106274838,0.01945653436859959,-0.027700400403895764,0.029325945666220515
2022-07-25,0.0022585928958913,-0.00010349790077539926,-0.018747259638212613,0.018540263836661814,-0.02861667093583354,0.02840967513428274
2022-07-26,-0.0035850113449462,0.00011421930102201942,-0.018542456886742695,0.018770895488786733,-0.028418704681405355,0.028647143283449392
2022-07-27,0.0080870866524736,0.00032229965966278963,-0.018334376528101923,0.018978975847427505,-0.028210624322764583,0.028855223642090165
2022-07-28,0.0007741075646297,-9.332300013684873e-05,-0.018749999187901562,0.018563353187627866,-0.028626246982564222,0.028439600982290526
2022-07-29,0.012076634706581,0.0001670791846478151,-0.0184895970031169,0.01882375537241253,-0.02836584479777956,0.02870000316707519
2022-08-01,0.0095120127754663,-0.0002353837139873608,-0.018892059901752075,0.018421292473777353,-0.028768307696414735,0.028297540268440013
2022-08-02,-0.0017432196680669,-0.0001440620862366339,-0.018800738274001347,0.01851261410152808,-0.028676986068664007,0.02838886189619074
2022-08-03,0.0040127528213729,0.00025671673226527916,-0.018399959455499434,0.018913392920029994,-0.028276207250162094,0.028789640714692654
2022-08-04,-0.0053035897643676,5.1756784505814366e-05,-0.0186049194032589,0.01870843297227053,-0.02848116719792156,0.02858468076693319
2022-08-05,0.006360715558782,0.00038349518200265326,-0.01827318100576206,0.019040171369767368,-0.02814942880042472,0.028916419164430027
2022-08-08,0.0009809337512072,-3.1849994519527304e-05,-0.01868852618228424,0.018624826193245188,-0.0285647739769469,0.028501073987907848
2022-08-09,-0.0114427581772737,0.0001597144718257878,-0.018496961715938925,0.018816390659590503,-0.028373209510601585,0.028692638454253162
2022-08-10,0.015557711873908,0.0006021000553762322,-0.01805457613238848,0.019258776243140947,-0.02793082392705114,0.029135024037803606
2022-08-11,0.0078777333853391,-0.0003593386834857378,-0.01901601487125045,0.018297337504278977,-0.02889226266591311,0.028173585298941636
2022-08-12,0.011029677834461,-8.586830246866433e-05,-0.018742544490233378,0.01857080788529605,-0.028618792284896038,0.02844705567995871
2022-08-15,0.0068416916611723,-0.00019810344098226653,-0.01885477962874698,0.018458572746782448,-0.02873102742340964,0.028334820541445108
2022-08-16,0.0120081601868527,-4.897669847795104e-05,-0.018705652886242666,0.018607699489286762,-0.028581900680905326,0.028483947283949422
2022-08-17,0.0089667493462045,-0.00023294545806933564,-0.018889621645834048,0.01842373072969538,-0.028765869440496708,0.02829997852435804
2022-08-18,0.0092466688391325,-0.00012464622485409938,-0.018781322412618814,0.018532029962910614,-0.028657570207281474,0.028408277757573274
2022-08-19,-0.0050463191189009,-0.00013461366037479316,-0.018791289848139506,0.018522062527389922,-0.028667537642802166,0.028398310322052582
2022-08-22,-0.020590574895145,0.00037433423167642434,-0.01828234195608829,0.01903101041944114,-0.02815858975075095,0.0289072582141038
2022-08-23,-0.0059935026822129,0.0009319928952278231,-0.01770039029541901,0.019564376085874653,-0.027563778154217605,0.02942776394467325
2022-08-24,-0.0112702674179389,0.0004193798304255899,-0.01821300336022124,0.01905176302107242,-0.028076391219019836,0.028915150879871017
2022-08-25,0.0056138336558145,0.0006046867538937388,-0.01802769643675309,0.01923706994454057,-0.027891084295551687,0.029100457803339166
2022-08-26,-0.0272374136932267,1.1758893320465349e-05,-0.018620624297326364,0.018644142083967297,-0.02848401215612496,0.028507529942765893
2022-08-29,-0.0005370679879635,0.0011654134303754422,-0.01746696976027139,0.01979779662102227,-0.027330357619069986,0.029661184479820867
2022-08-30,-0.0056177548545166,0.00022776334249491992,-0.01840461984815191,0.01886014653314175,-0.028268007706950506,0.028723534391940347
2022-08-31,-0.008758744859655,0.0004061844962696392,-0.01822619869437719,0.01903856768691647,-0.028089586553175786,0.028901955545715067
2022-09-01,0.0093758076850072,0.0005164882948369106,-0.01811589489580992,0.01914887148548374,-0.027979282754608516,0.029012259344282337
2022-09-02,-0.0145272535212011,-0.00012035232793542461,-0.018752735518582257,0.018512030862711405,-0.028616123377380853,0.02837541872151
2022-09-06,-0.008408392613202,0.0007190640484673986,-0.017913319142179432,0.01935144723911423,-0.027776707000978028,0.029214835097912825
2022-09-07,0.0077822973031896,0.0005041847906687591,-0.018128198399978073,0.019136567981315588,-0.02799158625877667,0.028999955840114184
2022-09-08,0.0059332504429961,-6.4392185469731e-05,-0.01869677537611656,0.0185679910051771,-0.028560163234915156,0.028431378863975697
2022-09-09,0.0055886435228539,5.417659515001767e-07,-0.01863184142469533,0.01863292495659833,-0.028495229283493927,0.028496312815396926
2022-09-12,0.0113144744524187,1.2643508472829197e-05,-0.018619739682174,0.01864502669911966,-0.028483127540972597,0.028508414557918256
2022-09-13,-0.026444945534258,-0.00018843350878980258,-0.018820816699436634,0.018443949681857027,-0.02868420455823523,0.028307337540655623
2022-09-14,0.0034518732957245,0.0011375839090987554,-0.017494799281548075,0.019769967099745586,-0.02735818714034667,0.029633354958544182
2022-09-15,-0.0173794930558234,8.768159274952179e-05,-0.01854470159789731,0.018720064783396353,-0.028408089456695904,0.02858345264219495
2022-09-16,0.0140847973278139,0.0008192276448423969,-0.017813155545804434,0.019451610835489228,-0.02767654340460303,0.029314998694287824
2022-09-19,0.0036078753526489,-0.0002857203947442302,-0.01891810358539106,0.0183466627959026,-0.028781491444189657,0.028210050654701196
2022-09-20,-0.0112586622043664,8.220318643975358e-05,-0.01855018000420708,0.018714586377086583,-0.028413567863005675,0.02857797423588518
2022-09-21,-0.0109063527188538,0.0005932433486693614,-0.018027158385256536,0.01921364508259526,-0.02788420364399465,0.02907069034133337
2022-09-22,0.003036899881111,0.0005806800722842619,-0.018039721661641635,0.01920108180621016,-0.027896766920379748,0.029058127064948272
2022-09-23,-0.0209667697418467,8.346684549377649e-05,-0.01853693488843212,0.018703868579419674,-0.028393980147170234,0.028560913838157787
2022-09-26,-0.0057208229977242,0.0009394322626356623,-0.017680969471290234,0.01955983399656156,-0.027538014730028346,0.029416879255299674
2022-09-27,-0.0022153333994037,0.00039576525798423816,-0.01822463647594166,0.019016166991910135,-0.028081681734679773,0.028873212250648247
2022-09-28,0.0083435521171886,0.0002707602935998291,-0.018349641440326067,0.018891162027525728,-0.02820668669906418,0.02874820728626384
2022-09-29,-0.0092475992148359,-0.00010576717023091532,-0.018726168904156813,0.01851463456369498,-0.028583214162894926,0.028371679822433094
2022-09-30,-0.0234580971650029,0.0005215292983690818,-0.018098872435556815,0.01914193103229498,-0.027955917694294927,0.028998976291033093
2022-10-03,0.0224712485219177,0.0010282724337634698,-0.017592129300162428,0.019648674167689367,-0.02744917455890054,0.02950571942642748
2022-10-04,0.0323089928383493,-0.0006095576212860322,-0.01922995935521193,0.018010844112639864,-0.029087004613950043,0.027867889371377977
2022-10-05,0.0019104795000366,-0.0009603693534011819,-0.01958077108732708,0.017660032380524715,-0.029437816346065192,0.027517077639262828
2022-10-06,-0.0283117310472359,0.00012363474092428635,-0.018496766993001613,0.018744036474850182,-0.028353812251739725,0.028601081733588295
2022-10-07,-0.0282945600040454,0.001201351917688963,-0.017419049816236935,0.01982175365161486,-0.027276095074975047,0.029678798910352973
2022-10-10,-0.0090461868652591,0.0012007396021814518,-0.017419662131744444,0.01982114133610735,-0.027276707390482557,0.029678186594845463
2022-10-11,0.0004245528412491,0.0005143469796431924,-0.018106054754282706,0.01913474871356909,-0.027963100013020818,0.028991793972307202
2022-10-12,-0.0019543488149067,0.0001766225487182585,-0.018443779185207638,0.018797024282644157,-0.02830082444394575,0.02865406954138227
2022-10-13,0.0352643383657942,0.00026145364248166355,-0.018358948091444234,0.01888185537640756,-0.028215993350182347,0.028738900635145673
2022-10-14,-0.0144732948904296,-0.0010657563049353896,-0.019686158038861288,0.017554645428990507,-0.0295432032975994,0.02741169068772862
2022-10-17,0.0122538128682063,0.0007078764214997056,-0.01791252531242619,0.019328278155425604,-0.027769570571164304,0.029185323414163716
2022-10-18,0.0116174899245112,-0.0002452061821592086,-0.018865607916085107,0.01837519555176669,-0.02872265317482322,0.0282322408105048
2022-10-19,-0.0035035957806271,-0.0002156439269426121,-0.018857059465969852,0.01842577161208463,-0.028725228761176242,0.02829394090729102
2022-10-20,0.0461786964577414,0.0003051433988206534,-0.018336272140206587,0.018946558937847895,-0.028204441435412977,0.028814728233054285
2022-10-21,0.0123934718459274,-0.0014059710421097855,-0.020047386581137028,0.017235444496917454,-0.029915555876343418,0.027103613792123844
2022-10-24,0.0212508161516402,-0.00024236962360060123,-0.018883785162627842,0.01839904591542664,-0.028751954457834232,0.02826721521063303
2022-10-25,0.0018068551571817,-0.0005474265979664818,-0.019188842136993723,0.01809398894106076,-0.029057011432200113,0.02796215823626715
2022-10-26,0.0155262432154565,0.0001222454511184798,-0.01851917008790876,0.01876366099014572,-0.02838733938311515,0.02863183028535211
2022-10-27,-0.001778993370133,-0.0003502658193883404,-0.018991681358415582,0.0182911497196389,-0.028859850653621972,0.02815931901484529
2022-10-28,0.0273726596435129,0.0002457461376133512,-0.018395669401413888,0.018887161676640594,-0.02826383869662028,0.028755330971846984
2022-10-31,-0.001589725445302,-0.0007582698246397,-0.01939968536366694,0.017883145714387542,-0.02926785465887333,0.027751315009593932
2022-11-01,-0.0006507522213842,0.00023922753581797848,-0.018402188003209263,0.01888064307484522,-0.028270357298415653,0.02874881237005161
2022-11-02,-0.009962606787067,0.00020688823401233538,-0.018434527305014905,0.018848303773039577,-0.028302696600221295,0.028716473068245967
2022-11-03,-0.0173982759541416,0.0005275990567484628,-0.018113816482278777,0.019169014595775705,-0.027981985777485167,0.029037183890982095
2022-11-04,0.018347991958706,0.0007836919284041845,-0.017857723610623058,0.019425107467431424,-0.027725892905829448,0.029293276762637814
2022-11-07,0.0100252743824498,-0.0004474500434995364,-0.019088865582526777,0.018193965495527705,-0.028957034877733167,0.028062134790734095
2022-11-08,0.0122137798825896,-0.0001608062194949853,-0.018802221758522225,0.018480609319532257,-0.028670391053728615,0.028348778614738647
2022-11-09,-0.0072520411255434,-0.00023618082876981458,-0.018877596367797057,0.018405234710257425,-0.028745765663003447,0.028273404005463815
2022-11-10,0.0275660126523021,0.0004342441039562221,-0.01820717143507102,0.019075659642983463,-0.02807534073027741,0.028943828938189854
2022-11-11,0.0136429676138528,-0.0007649291213555035,-0.019406344660382744,0.017876486417671738,-0.029274513955589134,0.027744655712878128
2022-11-14,0.007168326325833,-0.000285403673682684,-0.018926819212709924,0.01835601186534456,-0.028794988507916314,0.02822418116055095
2022-11-15,0.0009704188010941,-6.24096911462021e-05,-0.018703825230173443,0.01857900584788104,-0.028571994525379833,0.02844717514308743
2022-11-16,0.0012461468509337,0.0001904515716546385,-0.018466088750983014,0.01884699189429229,-0.028342264622991924,0.0287231677663012
2022-11-17,0.0108052345592685,0.00018126287567815094,-0.018475277446959502,0.0188378031983158,-0.028351453318968413,0.028713979070324712
2022-11-18,0.0105538234723893,-0.00013729575778538255,-0.018793836080423034,0.01851924456485227,-0.028670011952431945,0.02839542043686118
2022-11-21,-0.0065235431178425,-0.0001289174297777853,-0.018785457752415437,0.018527622892859866,-0.028661633624424348,0.028403798764868777
2022-11-22,0.0163639994122154,0.0004401894484232225,-0.01821635087421443,0.019096729771060875,-0.02809252674622334,0.028972905643069785
2022-11-23,-0.0023501584314219,-0.0003225427802345947,-0.018979083102872246,0.018333997542403058,-0.028855258974881157,0.028210173414411968
2022-11-25,-0.0025579654420922,0.0003011105150366622,-0.01835542980760099,0.018957650837674315,-0.0282316056796099,0.028833826709683225
2022-11-28,-0.0148704693408435,0.0003080357279192213,-0.018348504594718432,0.01896457605055687,-0.028224680466727343,0.028840751922565782
2022-11-29,0.0021186713840531,0.0007183525422613193,-0.017938187780376334,0.01937489286489897,-0.027814363652385245,0.02925106873690788
2022-11-30,0.0163176669730481,0.00015218580981007945,-0.018504354512827573,0.01880872613244773,-0.028380530384836483,0.02868490200445664
2022-12-01,0.0017446605945515,-0.0003209987418329698,-0.01897753906447062,0.018335541580804682,-0.028853714936479532,0.028211717452813593
2022-12-02,-0.003290582151357,0.00016464979901486117,-0.01849189052362279,0.018821190121652513,-0.028368066395631702,0.028697365993661423
2022-12-05,-0.0085112891129969,0.000332450335764325,-0.018324089986873328,0.018988990658401976,-0.02820026585888224,0.028865166530410886
2022-12-06,0.0006105233133652,0.0005064315069971681,-0.018150108815640484,0.01916297182963482,-0.028026284687649394,0.02903914770164373
2022-12-07,-0.0015604897873698,0.00020244516542202766,-0.018454095157215623,0.01885898548805968,-0.028330271029224533,0.02873516136006859
2022-12-08,0.0034569104265165,0.0002747946393157081,-0.018381745683321946,0.01893133496195336,-0.028257921555330856,0.02880751083396227
2022-12-09,-0.0049520728357887,0.00010758870874540561,-0.018548951613892247,0.018764129031383057,-0.028425127485901158,0.028640304903391967
2022-12-12,0.0145820042390419,0.0003878198666332028,-0.018268720456004448,0.019044360189270856,-0.02814489632801336,0.028920536061279766
2022-12-13,0.009073677907644,-0.0002631574116172739,-0.018919697734254927,0.018393382911020377,-0.028795873606263837,0.028269558783029287
2022-12-14,-0.004726521758064,-7.959126363943621e-05,-0.01873613158627709,0.018576949058998215,-0.028612307458286,0.028453124931007125
2022-12-15,-0.0513426454919457,0.00038768581633366866,-0.018242060341152052,0.01901743197381939,-0.028104052238918802,0.02887942387158614
2022-12-16,-0.0155742972762205,0.0019396066404640045,-0.016690139517021717,0.020569352797949726,-0.026552131414788467,0.030431344695716477
2022-12-19,-0.0092466308644181,0.0007488245677713459,-0.017880921589714376,0.019378570725257067,-0.027742913487481126,0.029240562623023818
2022-12-20,0.0172056872008699,0.0005381670423047061,-0.018091579115181014,0.01916791319979043,-0.027953571012947764,0.02902990509755718
2022-12-21,0.006068530555845,-0.0003424703844876471,-0.01897221654197337,0.018287275772998074,-0.02883420843974012,0.028149267670764824
2022-12-22,-0.0089037452101041,2.8302299609492422e-05,-0.01860144385787623,0.018658048457095212,-0.02846343575564298,0.028520040354861963
2022-12-23,0.0054505479634758,0.0005267518635081325,-0.01810299429397759,0.019156498020993853,-0.02796498619174434,0.029018489918760604
2022-12-27,0.0054211807949694,4.887586895049585e-05,-0.018580870288535226,0.018678622026436217,-0.028442862186301977,0.028540613924202967
2022-12-28,-0.0169951276987052,4.98535461295553e-05,-0.018579892611356168,0.018679599703615275,-0.028441884509122918,0.028541591601382026
2022-12-29,0.0074001918346881,0.0007961261480743272,-0.017833620009411393,0.01942587230556005,-0.027695611907178144,0.0292878642033268
2022-12-30,-0.0012059420714139,-1.6030705878532838e-05,-0.018645776863364254,0.01861371545160719,-0.028507768761131005,0.02847570734937394
2023-01-03,0.004673557224808,0.00027048042705863924,-0.018359265730427083,0.01890022658454436,-0.028221257628193833,0.02876221848231111
2023-01-04,0.0073904966555492,7.474305847441899e-05,-0.018555003099011303,0.01870448921596014,-0.028416994996778053,0.02856648111372689
2023-01-05,-0.0105036924197006,-1.5707938792937516e-05,-0.018645454096278657,0.018614038218692786,-0.028507445994045408,0.028476030116459536
2023-01-06,0.0181879408862576,0.0005800165108704213,-0.0180497296466153,0.019209762668356143,-0.02791172154438205,0.029071754566122893
2023-01-09,-0.0010444547443942,-0.000375171086022468,-0.01900491724350819,0.018254575071463254,-0.02886690914127494,0.028116566969230004
2023-01-10,0.0086702828927868,0.0002651042712232525,-0.01836464188626247,0.018894850428708972,-0.02822663378402922,0.028756842326475723
2023-01-11,0.0031716600876411,-5.831394617662039e-05,-0.018688060103662342,0.0185714322113091,-0.028550052001429092,0.02843342410907585
2023-01-12,0.0019943365210957,0.00012474347155417382,-0.018505002685931547,0.018754489629039896,-0.028366994583698298,0.028616481526806646
2023-01-13,0.0023333482369055,0.0001639383426269313,-0.01846580781485879,0.018793684500112654,-0.02832779971262554,0.028655676397879404
2023-01-17,-0.0048097622773605,0.000147237309176415,-0.018484676300868048,0.018779150919220878,-0.028347815578711393,0.028642290197064223
2023-01-18,-0.0334763246202721,0.0003793957386416723,-0.01825251787140279,0.019011309348686136,-0.028115657149246135,0.02887444862652948
2023-01-19,0.0014943442155208,0.0013110884624776978,-0.017320825147566766,0.01994300207252216,-0.02718396442541011,0.029806141350365505
2023-01-20,0.004115976312808,0.00017450580173728115,-0.01845740780830718,0.018806419411781745,-0.028320547086150526,0.02866955868962509
2023-01-23,0.0046634419624114,8.930006550705483e-05,-0.018542613544537408,0.018721213675551518,-0.028405752822380753,0.028584352953394863
2023-01-24,-0.0026115776309487,7.15068695115198e-05,-0.018560406740532942,0.018703420479555984,-0.028423546018376288,0.02856655975739933
2023-01-25,-0.0051725462287721,0.0003079524795507768,-0.018323961130493685,0.01893986608959524,-0.02818710040833703,0.028803005367438586
2023-01-26,-0.0458641701017695,0.0003911865897319233,-0.018240727020312538,0.019023100199776388,-0.028103866298155884,0.028886239477619733
2023-01-27,-0.0004463785821063,0.0017137061660256097,-0.016918207444018854,0.02034561977607007,-0.0267813467218622,0.030208759053913417
2023-01-30,0.0067484985489965,0.00023758128626530194,-0.018394332323779163,0.018869494896309763,-0.028257471601622508,0.02873263417415311
2023-01-31,-0.0042218198916946,3.740388575654334e-06,-0.01862817322146881,0.018635653998620116,-0.028491312499312155,0.02849879327646346
2023-02-01,0.0026685455081487,0.0003602870071444279,-0.018271626602900035,0.01899220061718889,-0.02813476588074338,0.028855339895032237
2023-02-02,0.009577075378115,0.00013634305353002067,-0.01849557055651444,0.018768256663574484,-0.028358709834357787,0.02863139594141783
2023-02-03,0.0040245826078296,-8.819126402281405e-05,-0.018720104874067278,0.018543722346021647,-0.028583244151910624,0.028406861623864993
2023-02-06,-0.0055654969892893,9.227045480292547e-05,-0.018539643155241536,0.01872418406484739,-0.028402782433084882,0.028587323342690735
2023-02-07,-0.0024996158605773,0.0004039578931069245,-0.018227955716937538,0.019035871503151388,-0.028091094994780883,0.028899010780994733
2023-02-08,0.0010301103772644,0.0003043136070011135,-0.01832760000304335,0.018936227217045576,-0.028190739280886695,0.02879936649488892
2023-02-09,-0.004327112583258,0.00018959387836426145,-0.0184423197316802,0.018821507488408724,-0.028305459009523547,0.02868464676625207
2023-02-10,0.0137370321392102,0.00036370912778202816,-0.018268204482262435,0.01899562273782649,-0.02813134376010578,0.028858762015669837
2023-02-13,0.0128230611232872,-0.0002233941320689454,-0.018855307742113407,0.01840851947797552,-0.028718447019956753,0.028271658755818864
2023-02-14,-0.0098041705559427,-0.00019701026189909254,-0.01882643945586586,0.018432418932067672,-0.02868826356328113,0.02829424303948294
2023-02-15,0.0028633079657696,0.0005231783930280251,-0.01810625080093874,0.01915260758699479,-0.02796807490835401,0.02901443169441006
2023-02-16,-0.010316838010011,0.00011999277813708198,-0.018509436415829684,0.018749421972103848,-0.028371260523244953,0.028611246079519117
2023-02-17,0.000148391219283,0.0005394957795030694,-0.018089933414463695,0.019168924973469836,-0.027951757521878964,0.029030749080885106
2023-02-21,-0.0248205509466202,0.0002064042432075557,-0.01842302495075921,0.01883583343717432,-0.02828484905817448,0.02869765754458959
2023-02-22,-0.0056342508514849,0.0010011258038623335,-0.017628303390104433,0.0196305549978291,-0.027490127497519702,0.029492379105244368
2023-02-23,-0.0013755323002604,0.000390456507042114,-0.01823897268692465,0.01901988570100888,-0.02810079679433992,0.02888170980842415
2023-02-24,-0.001683283152817,0.00025490829555078576,-0.01837452089841598,0.018884337489517553,-0.028236345005831248,0.028746161596932822
2023-02-27,-0.0006129004193725,0.0002647035137947771,-0.01836472568017199,0.01889413270776154,-0.02822654978758726,0.02875595681517681
2023-02-28,-0.0091612981882011,0.00023063494049403995,-0.018398794253472725,0.018860064134460806,-0.028260618360887994,0.028721888241876076
2023-03-01,-0.0086219189179034,0.0005027167920519488,-0.018126712401914817,0.019132145986018714,-0.027988536509330086,0.028993970093433984
2023-03-02,0.0057561540077405,0.0004855492111176959,-0.01814387998284907,0.01911497840508446,-0.02800570409026434,0.02897680251249973
2023-03-03,0.0054917888626861,2.791810769515348e-05,-0.018601511086271613,0.01865734730166192,-0.028463335193686882,0.028519171409077188
2023-03-06,0.0042335462364768,3.633242814430972e-05,-0.018593096765822457,0.018665761622111074,-0.028454920873237727,0.028527585729526343
2023-03-07,-0.0150134003728214,7.638028187152628e-05,-0.01855304891209524,0.018705809475838293,-0.028414873019510508,0.028567633583253562
2023-03-08,-0.0015607083278638,0.000688979860401863,-0.017940449333564902,0.01931840905436863,-0.02780227344098017,0.0291802331617839
2023-03-09,-0.0148697219427326,0.0002608021528345672,-0.018368627041132197,0.018890231346801335,-0.028230451148547466,0.028752055454216604
2023-03-10,-0.0056437692988401,0.0006844068053868,-0.017945022388579965,0.019313835999353567,-0.027806846495995234,0.029175660106768836
2023-03-13,0.0010357910043332,0.0003907594640231055,-0.01823866972994366,0.01902018865798987,-0.02810049383735893,0.02888201276540514
2023-03-14,-0.0074332019563062,0.0001781597249811145,-0.01845126946898565,0.01880758891894788,-0.02831309357640092,0.02866941302636315
2023-03-15,-0.0110516408608909,0.00042355166168741405,-0.018181605549739088,0.019028708873113916,-0.028030580845735707,0.028877684169110535
2023-03-16,0.0114525234863362,0.0005379879048684515,-0.01806716930655805,0.019143145116294953,-0.02791614460255467,0.028992120412291572
2023-03-17,-0.0081323718186494,-0.0001737256522023394,-0.018778882863628842,0.01843143155922416,-0.02862785815962546,0.02828040685522078
2023-03-20,0.0180271544489076,0.000445663510056771,-0.018159493701369732,0.019050820721483272,-0.02800846899736635,0.02889979601747989
2023-03-21,0.00498979587474,-0.0003816540123316508,-0.018986811223758154,0.01822350319909485,-0.028835786519754773,0.02807247849509147
2023-03-22,-0.0201107431670346,3.0663668185622474e-05,-0.01857449354324088,0.018635820879612124,-0.0284234688392375,0.028484796175608743
2023-03-23,-0.0054965282633805,0.0008244898085469224,-0.01778066740287958,0.019429647019973423,-0.0276296426988762,0.029278622315970042
2023-03-24,0.0154429010248878,0.00036230269009218967,-0.018242854521334312,0.018967459901518692,-0.02809182981733093,0.02881643519751531
2023-03-27,0.0315815902363655,-0.0002999247746491092,-0.01890508198607561,0.018305232436777393,-0.02875405728207223,0.028154207732774012
2023-03-28,0.0002319465171943,-0.000810324704543688,-0.01941548191597019,0.017794832506882814,-0.02926445721196681,0.027643807802879432
2023-03-29,0.002856693636748,0.0001811347471387527,-0.01842402246428775,0.018786291958565255,-0.028272997760284368,0.028635267254561874
2023-03-30,-0.0037848681208911,9.812486149956191e-05,-0.01850703234992694,0.018703282072926063,-0.02835600764592356,0.02855225736892268
2023-03-31,0.0143677797322061,0.00030816996560124307,-0.01829698724582526,0.018913327177027744,-0.02814596254182188,0.028762302473024363
2023-04-03,0.0073722681273528,-0.0002659231388766917,-0.018871080350303195,0.01833923407254981,-0.028720055646299814,0.02818820936854643
2023-04-04,-0.0034892999488624,-4.468406636549171e-05,-0.018649841277791995,0.01856047314506101,-0.028498816573788614,0.028409448441057628
2023-04-05,0.0040948520909907,0.00029882236789329365,-0.01830633484353321,0.018903979579319795,-0.028155310139529828,0.028752954875316414
2023-04-06,-0.0124887134055882,5.896703523728953e-05,-0.018546190176189213,0.01866412424666379,-0.028395165472185832,0.02851309954266041
2023-04-10,0.0040530767162346,0.0005834365603605766,-0.018021720651065925,0.01918859377178708,-0.027870695947062544,0.029037569067783698
2023-04-11,-0.0046664357094753,6.0288217401927084e-05,-0.018544868994024574,0.01866544542882843,-0.028393844290021193,0.02851442072482505
2023-04-12,-0.0145198911207702,0.0003360502989737146,-0.018269106912452787,0.018941207510400217,-0.028118082208449406,0.028790182806396836
2023-04-13,-0.0049912860508444,0.0006498857981925084,-0.017944245176761554,0.01924401677314657,-0.02778738353575244,0.029087155132137457
2023-04-14,0.0018746859641905,0.0003510149633624101,-0.01824311601159165,0.018945145938316473,-0.02808625437058254,0.02878828429730736
2023-04-17,-0.0025003851422316,0.00013565932914369098,-0.01845847164581037,0.018729790304097754,-0.028301610004801258,0.02857292866308864
2023-04-18,-0.0003129964625852,0.00027288625212157835,-0.018321244722832485,0.01886701722707564,-0.028164383081823372,0.028710155586066526
2023-04-19,-0.0114917382313661,0.0002042773974165825,-0.01838985357753748,0.018798408372370644,-0.028232991936528368,0.02864154673136153
2023-04-20,0.0003166804366453,0.0005549058325618806,-0.01803922514239218,0.019149036807515944,-0.027882363501383067,0.02899217516650683
2023-04-21,-0.0049981086262368,0.00018452717593450856,-0.018409603799019555,0.01877865815088857,-0.028252742158010442,0.028621796509879456
2023-04-24,-0.0026282181662088,0.0003512289578336107,-0.018242902017120453,0.018945359932787672,-0.02808604037611134,0.02878849829177856
2023-04-25,0.0038998729492459,0.00027689581724832564,-0.018317235157705735,0.01887102679220239,-0.028160373516696622,0.028714165151193276
2023-04-26,-0.0003176613273243,7.213803505407553e-05,-0.018521992939899985,0.01866626901000814,-0.028365131298890872,0.028509407368999026
2023-04-27,0.008859991233952,0.0002044237139034883,-0.018389707261050575,0.01879855468885755,-0.028232845620041462,0.028641693047848436
2023-04-28,-0.0044202166686077,-8.343926946503081e-05,-0.018677570244419094,0.01851069170548903,-0.02852070860340998,0.028353830064479918
2023-05-01,-0.0025347148410132,0.0003331030043964877,-0.018261027970557574,0.01892723397935055,-0.02810416632954846,0.028770372338341437
2023-05-02,-0.0074029585664415,0.0002739630252335951,-0.018320167949720467,0.018868094000187657,-0.028163306308711354,0.028711232359178544
2023-05-03,-0.0137567223194384,0.0004266586250299747,-0.018167472349924087,0.019020789599984038,-0.028010610708914974,0.028863927958974925
2023-05-04,-0.0071537453851663,0.0006259485172267755,-0.017968182457727286,0.01922007949218084,-0.027811320816718173,0.029063217851171726
2023-05-05,0.0087725618440495,0.0004188418930957837,-0.018175289081858278,0.019012972868049847,-0.028018427440849165,0.028856111227040734
2023-05-08,-0.0020238961027915,-8.06969903426315e-05,-0.018674827965296695,0.01851343398461143,-0.02851796632428758,0.028356572343602317
2023-05-09,-0.0046931076219991,0.00025794086652108526,-0.018336190108432977,0.018852071841475148,-0.028179328467423864,0.028695210200466035
2023-05-10,0.0069904036632794,0.00034166240490255827,-0.018252468570051503,0.01893579337985662,-0.02809560692904239,0.028778931738847508
2023-05-11,-0.0092211583573033,-3.285735895849521e-05,-0.018594466778649982,0.01852875206073299,-0.02842038926621723,0.02835467454830024
2023-05-12,0.0159188305295655,0.00047243287018206834,-0.01808917654950942,0.019034042289873553,-0.027915099037076667,0.0288599647774408
2023-05-15,0.004224351268436,-0.0003111431189242896,-0.018872752538615777,0.018250466300767196,-0.028698675026183024,0.028076388788334444
2023-05-16,0.0008102424000855,5.3356372120022413e-05,-0.018508253047571463,0.01861496579181151,-0.02833417553513871,0.028440888279378757
2023-05-17,0.0180604472140314,0.00015976905772116274,-0.018401840361970324,0.018721378477412648,-0.028227762849537572,0.028547300964979896
2023-05-18,0.0034939941133957,-0.00037789411946644063,-0.018939503539157927,0.018183715300225046,-0.028765426026725174,0.028009637787792294
2023-05-19,0.008760685651301,7.612051623865917e-05,-0.018485488903452828,0.018637729935930145,-0.028311411391020076,0.028463652423497392
2023-05-22,0.0018839762384733,-8.803441038852727e-05,-0.018649643830080012,0.01847357500930296,-0.02847556631764726,0.028299497496870208
2023-05-23,0.0053191284992166,0.00012630237409461806,-0.018435307045596868,0.018687911793786104,-0.028261229533164116,0.028513834281353352
2023-05-24,-0.0196963388403414,1.923379731219905e-05,-0.018542375622379287,0.018580843217003686,-0.028368298109946535,0.028406765704570933
2023-05-25,0.0085563858824308,0.0007989286353552773,-0.01776268078433621,0.019360538055046762,-0.027588603271903458,0.02918646054261401
2023-05-26,0.0166638001975904,-8.166669104755803e-05,-0.018643276110739043,0.01847994272864393,-0.02846919859830629,0.028305865216211177
2023-05-30,0.0045670922077593,-0.0003343627132965746,-0.018895972132988062,0.01822724670639491,-0.02872189462055531,0.028053169193962158
2023-05-31,-0.0068973797083701,4.2673647805940715e-05,-0.018518935771885545,0.018604283067497427,-0.028344858259452793,0.028430205555064675
2023-06-01,0.0095199384989307,0.0004000041526716503,-0.018161605267019834,0.018961613572363138,-0.027987527754587085,0.028787536059930383
2023-06-02,0.0198296302640524,-0.00011169919018379633,-0.018673308609875282,0.01844991022950769,-0.02849923109744253,0.02827583271707494
2023-06-05,0.0016600582925121,-0.00043303691863666997,-0.018994646338328158,0.018128572501054815,-0.028820568825895405,0.027954494988622063
2023-06-06,0.000376953398459,0.000133281562779815,-0.01842832785691167,0.0186948909824713,-0.02825425034447892,0.02852081347003855
2023-06-07,0.0126561087936645,0.00017327403019932192,-0.018388335389492163,0.01873488344989081,-0.02821425787705941,0.028560805937458057
2023-06-08,0.0002232357786942,-0.00020944894463916072,-0.018771058364330646,0.018352160475052327,-0.028596980851897894,0.028178082962619574
2023-06-09,0.0065996414664564,0.00019863841129469305,-0.01834429971667906,0.01874157653926845,-0.02816033821945744,0.028557615042046826
2023-06-12,0.0082437825174593,5.84620721203827e-07,-0.01854235350725255,0.01854352274869496,-0.028358392010030927,0.028359561251473337
2023-06-13,0.0086128484547037,-5.048307843940028e-05,-0.018593421206413156,0.018492455049534354,-0.028409459709191533,0.02830849355231273
2023-06-14,-0.0029115238018437,-6.194641866931962e-05,-0.018604884546643073,0.018480991709304437,-0.02842092304942145,0.028297030212082814
2023-06-15,0.0087084192821463,0.00029600533677963343,-0.01824693279119412,0.01883894346475339,-0.028062971293972498,0.028654981967531766
2023-06-16,-0.0066696631480422,-6.491488798732103e-05,-0.018607853015961077,0.018478023239986433,-0.028423891518739454,0.02829406174276481
2023-06-20,-0.0111178161382743,0.00041273469489536596,-0.01813020343307839,0.01895567282286912,-0.027946241935856767,0.028771711325647497
2023-06-21,-0.0168369626387192,0.0005508961613869132,-0.017992041966586842,0.019093834289360668,-0.02780808046936522,0.028909872792139045
2023-06-22,-0.0190294876603817,0.0007285352105195819,-0.01781440291745417,0.01927147333849334,-0.02763044142023255,0.029087511841271715
2023-06-23,-0.0133540196441176,0.0007966359419866659,-0.01774630218598709,0.01933957406996042,-0.027562340688765466,0.029155612572738798
2023-06-26,0.0146492640250052,0.0006203535645875906,-0.017922584563386166,0.019163291692561344,-0.027738623066164543,0.02897933019533972
2023-06-27,0.0075848252842689,-0.00024943997596752474,-0.01879237810394128,0.01829349815200623,-0.028608416606719658,0.028109536654784606
2023-06-28,-0.0043922482648559,-3.0015594993412222e-05,-0.01857295372296717,0.01851292253298034,-0.028388992225745546,0.02832896103575872
2023-06-29,0.0173054376345558,0.00034199724931702116,-0.018200940878656733,0.018884935377290777,-0.02801697938143511,0.028700973880069154
2023-06-30,-0.0018665219599262,-0.0003319418238035877,-0.01887487995177734,0.01821099630417017,-0.02869091845455572,0.028027034806948545
2023-07-03,-0.0010468484790373,0.0002635471485647186,-0.018279390979409036,0.018806485276538474,-0.028095429482187413,0.02862252377931685
2023-07-05,0.0042552937659973,0.0002380877521787295,-0.018304850375795025,0.018781025880152485,-0.0281208888785734,0.028597064382930863
2023-07-06,-0.0156159997618803,7.340102721009462e-05,-0.01846953710076366,0.01861633915518385,-0.028285575603542036,0.028432377657962228
2023-07-07,-0.0006055249201529,0.0006906115999858989,-0.017852326527987857,0.019233549727959653,-0.027668365030766234,0.02904958823073803
2023-07-10,0.0061891125223241,0.00022438006041843424,-0.01831855806755532,0.01876731818839219,-0.028134596570333698,0.028583356691170566
2023-07-11,0.0115209912454972,1.3863611157927163e-05,-0.018510293409691424,0.018538020632007275,-0.028316389794916175,0.028344117017232027
2023-07-12,-0.0119725871946106,-0.0001482808809962548,-0.018672437901845605,0.018375876139853094,-0.028478534287070357,0.028181972525077845
2023-07-13,0.0080972517653596,0.0005661679170418033,-0.017957989103807546,0.019090324937891152,-0.027764085489032298,0.028896421323115904
2023-07-14,-0.0038905371839468,-4.416364050794164e-05,-0.01856832066135729,0.018479993380341408,-0.028374417046582043,0.02828608976556616
2023-07-17,0.0062772935274098,0.000320389653397445,-0.018203767367451905,0.018844546674246794,-0.028009863752676657,0.028650643059471546
2023-07-18,0.0083086076647637,1.11819927210477e-05,-0.018512975028128303,0.018535339013570396,-0.028319071413353054,0.028341435398795148
2023-07-19,0.0008861228653135,-5.059105507454169e-05,-0.01857474807592389,0.018473565965774808,-0.028380844461148642,0.02827966235099956
2023-07-20,0.0211793282598441,0.0001751295756476727,-0.018349027445201678,0.01869928659649702,-0.02815512383042643,0.028505382981721773
2023-07-21,0.004038820084435,-0.0004419946414835213,-0.01896615166233287,0.01808216237936583,-0.02877224804755762,0.02788825876459058
2023-07-24,0.0043089489551009,7.925483504476998e-05,-0.01844490218580458,0.01860341185589412,-0.02825099857102933,0.02840950824111887
2023-07-25,0.0056456090442233,7.104011171283362e-05,-0.018453116909136515,0.018595197132562184,-0.028259213294361266,0.028401293517786936
2023-07-26,0.0052594243165863,3.039176193106406e-05,-0.018493765258918285,0.018554548782780414,-0.028299861644143037,0.028360645168005166
2023-07-27,0.0133787609806833,4.21357887162677e-05,-0.01848202123213308,0.018566292809565618,-0.028288117617357833,0.02837238919479037
2023-07-28,0.0033516892224446,-0.00020477637646616924,-0.018728933397315517,0.018319380644383182,-0.02853502978254027,0.028125477029607934
2023-07-31,0.0050757740327477,0.00010015075005811704,-0.018424006270791233,0.018624307770907466,-0.028230102656015985,0.028430404156132218
2023-08-01,-0.0059125855471182,4.772066480835931e-05,-0.01847643635604099,0.018571877685657708,-0.028282532741265742,0.02837797407088246
2023-08-02,0.0058432598643497,0.0003818809254199458,-0.018142276095429403,0.018906037946269296,-0.027948372480654154,0.028712134331494048
2023-08-03,0.001940113344148,2.438112412079884e-05,-0.018499775896728552,0.018548538144970147,-0.028305872281953304,0.0283546345301949
2023-08-04,-0.0014545874108699,0.00014307731793535586,-0.018381079702913992,0.018667234338784706,-0.028187176088138744,0.028473330724009458
2023-08-07,0.0133599553962097,0.00024631147957251764,-0.018277845541276833,0.018770468500421866,-0.028083941926501585,0.028576564885646617
2023-08-08,-0.0018486268245984,-0.00018322363842970024,-0.01868160024490482,0.01831515296804542,-0.028474049303132708,0.028107602026273305
2023-08-09,-0.0122759418851856,0.00027811059961631464,-0.018220266006858808,0.018776487206091434,-0.028012715065086694,0.02856893626431932
2023-08-10,0.0053194433839528,0.0005944107897655402,-0.01790396581670958,0.019092787396240662,-0.027696414874937465,0.028885236454468548
2023-08-11,-0.0009078555004317,6.0675722392986085e-05,-0.018437700884082135,0.018559052328868106,-0.02823014994231002,0.028351501387095992
2023-08-14,-0.0084904391555939,0.0002495734213502051,-0.018248803185124916,0.018747950027825325,-0.028041252243352802,0.02854039908605321
2023-08-15,-0.0002819343411619,0.00047958207055804366,-0.018018794535917076,0.018977958677033165,-0.027811243594144962,0.02877040773526105
2023-08-16,-0.0087078380327985,0.00023058684805256157,-0.01826778975842256,0.01872896345452768,-0.028060238816650446,0.028521412512755567
2023-08-17,0.0001423859023942,0.00048617660671605733,-0.018012199999759063,0.018984553213191178,-0.02780464905798695,0.028777002271419064
2023-08-18,0.0053177728028968,0.0002177155985562984,-0.018280661007918822,0.01871609220503142,-0.028073110066146708,0.028508541263259305
2023-08-21,0.0061334841648909,6.0726397480734187e-05,-0.018437650208994388,0.018559103003955853,-0.028230099267222274,0.02835155206218374
2023-08-22,-0.0055679780729039,3.598276430129442e-05,-0.018462393842173828,0.018534359370776413,-0.028254842900401714,0.0283268084290043
2023-08-23,0.0134788095523203,0.00039093269238278563,-0.018107443914092334,0.018889309298857907,-0.02789989297232022,0.028681758357085793
2023-08-24,0.0009754328307726,-0.0001868289377765957,-0.018685205544251716,0.018311547668698525,-0.028477654602479602,0.02810399672692641
2023-08-25,0.0124614492047791,0.00019244611160608078,-0.01830593049486904,0.0186908227180812,-0.028098379553096926,0.028483271776309087
2023-08-28,0.0045987421477912,-0.0001559685226545995,-0.01865434512912972,0.01834240808382052,-0.028446794187357606,0.028134857142048407
2023-08-29,0.0029406596766681,8.253733650113974e-05,-0.01841583926997398,0.01858091394297626,-0.028208288328201866,0.028373363001204147
2023-08-30,0.0027957940834433,0.00013283329455477508,-0.018365543311920345,0.018631209901029896,-0.02815799237014823,0.028423658959257782
2023-08-31,-0.0002045685293449,0.00013722761988366796,-0.01836114898659145,0.01863560422635879,-0.028153598044819338,0.028428053284586675
2023-09-01,0.0075313785125449,0.00022824004824392624,-0.018270136558231193,0.018726616654719048,-0.02806258561645908,0.028519065712946934
2023-09-05,0.0012836259135998,-6.420696743315857e-06,-0.018504797303218436,0.018491955909731805,-0.028297246361446322,0.02828440496795969
2023-09-06,-0.0004728521420445,0.00018754046770001236,-0.01827967957536676,0.01865476051076679,-0.028055635345210692,0.02843071628061072
2023-09-07,-0.0036537816795763,0.00024083210200892603,-0.01822638794105785,0.0187080521450757,-0.02800234371090178,0.028484007914919632
2023-09-08,0.0010839985886155,0.0003373416673472675,-0.018129878375719506,0.018804561710414044,-0.027905834145563437,0.028580517480257975
2023-09-11,0.0047288235348767,0.00019359717098016102,-0.018273622872086615,0.018660817214046936,-0.028049578641930546,0.028436772983890867
2023-09-12,-0.014116967370418,8.301299514489364e-05,-0.01838420704792188,0.01855023303821167,-0.028160162817765812,0.0283261888080556
2023-09-13,0.0017070366325981,0.0006547952579291658,-0.017812424785137608,0.019122015300995943,-0.02758838055498154,0.028897971070839874
2023-09-14,0.0054439801868735,0.00017469416476623915,-0.018292525878300537,0.018641914207833014,-0.028068481648144468,0.028417869977676945
2023-09-15,-0.0092724209424379,6.131510563848561e-05,-0.01840590493742829,0.018528535148705262,-0.02818186070727222,0.028304490918549193
2023-09-18,-0.0061838296214231,0.0005078114707973829,-0.01795940857226939,0.01897503151386416,-0.027735364342113322,0.02875098728370809
2023-09-19,0.0098077193811878,0.0004141034516847677,-0.018053116591382007,0.018881323494751544,-0.027829072361225938,0.028657279264595475
2023-09-20,0.0223392277981834,-7.10809653602884e-05,-0.018538301008427065,0.018396139077706486,-0.028314256778270996,0.028172094847550417
2023-09-21,-0.0164869618658065,-0.000451287573550811,-0.018918507616617588,0.018015932469515963,-0.02869446338646152,0.027791888239359894
2023-09-22,-0.0031942275502376,0.000726701012490986,-0.017740519030575788,0.019193921055557762,-0.02751647480041972,0.028969876825401693
2023-09-25,-0.0029312135405731,0.0003233987714897467,-0.01814382127157703,0.01879061881455652,-0.02791977704142096,0.028566574584400452
2023-09-26,-0.0223672406362522,0.00031541891294490406,-0.01815180113012187,0.01878263895601168,-0.0279277568999658,0.02855859472585561
2023-09-27,-0.000488998550524,0.0009051089720223178,-0.017562111071044457,0.019372329015089094,-0.027338066840888388,0.029148284784933025
2023-09-28,-0.0111675848178375,0.0002413219848704436,-0.01822589805819633,0.01870854202793722,-0.02800185382804026,0.02848449779778115
2023-09-29,-0.0090821883382438,0.0005653108399917292,-0.017901909203075047,0.019032530883058504,-0.027677864972918978,0.028808486652902435
2023-10-02,0.0035576067627935,0.0005020398038279225,-0.01796518023923885,0.0189692598468947,-0.027741136009082783,0.02874521561673863
2023-10-03,-0.0029163004318341,0.00011854777208887839,-0.018348672270977896,0.018585767815155654,-0.028124628040821827,0.028361723584999585
2023-10-04,0.0048321654475051,0.00030235506964734066,-0.01814497485138649,0.01874968499068117,-0.027910401426646858,0.02851511156594154
2023-10-05,0.0031849741105284,6.730514544799098e-05,-0.01838002477558584,0.01851463506648182,-0.028145451350846208,0.02828006164174219
2023-10-06,0.0035970294963357,0.0001172727396695219,-0.01833005718136431,0.018564602660703353,-0.028095483756624677,0.02833002923596372
2023-10-09,0.0011962949948762,0.00010477302828043344,-0.0183425568927534,0.018552102949314263,-0.028107983468013766,0.02831752952457463
2023-10-10,-0.0006331407122996,0.00017759937498933095,-0.0182697305460445,0.018624929296023163,-0.028035157121304867,0.02839035587128353
2023-10-11,0.007850349101417,0.0002330953571612144,-0.018214234563872618,0.018680425278195044,-0.027979661139132986,0.02844585185345541
2023-10-12,-0.0139913096384156,-2.425153817416217e-05,-0.018471581459207992,0.01842307838285967,-0.02823700803446836,0.028188504958120038
2023-10-13,-0.0198789708313276,0.0006383157765861553,-0.017809014144447674,0.019085645697619988,-0.027574440719708042,0.028851072272880356
2023-10-16,0.0054021580619267,0.0008169181397707809,-0.01763041178126305,0.019264248060804613,-0.027395838356523417,0.02902967463606498
2023-10-17,0.007941757015341,5.001440391278893e-05,-0.01839731551712104,0.01849734432494662,-0.02816274209238141,0.02826277090020699
2023-10-18,-0.0024973198821117,-2.7024399741036554e-05,-0.018474354320774867,0.018420305521292795,-0.028239780896035235,0.028185732096553163
2023-10-19,-0.0141020135121343,0.00028964528322163717,-0.018157684637812192,0.01873697520425547,-0.02792311121307256,0.028502401779515837
2023-10-20,-0.0061780153849467,0.0006416739816207207,-0.01780565593941311,0.019089003902654552,-0.027571082514673478,0.02885443047791492
2023-10-23,-0.005703000342418,0.00040129928188595537,-0.018046030639147875,0.018848629202919787,-0.027811457214408242,0.028614055778180155
2023-10-24,0.0102858692652442,0.00038688968758966567,-0.018060440233444164,0.018834219608623498,-0.02782586680870453,0.028599646183883866
2023-10-25,-0.0051662928255214,-9.813310890160432e-05,-0.018545463029935434,0.018349196812132228,-0.028310889605195802,0.028114623387392595
2023-10-26,0.0475803857842223,0.00037060865039749755,-0.018076721270636333,0.01881793857143133,-0.0278421478458967,0.028583365146691696
2023-10-27,-0.0086626587126546,-0.00122946328668704,-0.01967679320772087,0.017217866634346792,-0.029442219782981238,0.02698329320960716
2023-10-30,0.0007715076646003,0.0004766710051321533,-0.017970658915901678,0.018924000926165984,-0.027736085491162046,0.028689427501426352
2023-10-31,0.0139937934751231,0.0001904853102618122,-0.018256844610772018,0.018637815231295644,-0.028022271186032385,0.028403241806556012
2023-11-01,0.0052408079838806,-0.00021084705214817386,-0.01865398516164623,0.01823229105734988,-0.028417192725919905,0.027995498621623555
2023-11-02,0.0110119003529266,5.833565432154214e-05,-0.018384802455176513,0.018501473763819595,-0.02814801001945019,0.02826468132809327
2023-11-03,0.0060359480661701,-0.00011914416267813258,-0.018562282272176187,0.01832399394681992,-0.028325489836449863,0.028087201511093597
2023-11-06,0.0072087058093355,3.388251663641873e-05,-0.018409255592861634,0.018477020626134474,-0.02817246315713531,0.02824022819040815
2023-11-07,-0.0009402590576117,-2.1835894544033137e-06,-0.01844532169895246,0.01844095452004365,-0.028208529263226135,0.028204162084317325
2023-11-08,-0.0053899193745801,0.0002484235228281622,-0.01819471458666989,0.018691561632326218,-0.027957922150943566,0.028454769196599894
2023-11-09,0.0017065729341351,0.00038526501630382686,-0.01805787309319423,0.01882840312580188,-0.027821080657467905,0.028591610690075556
2023-11-10,0.0162362484984998,0.0001670248503612786,-0.018276113259136775,0.018610162959859334,-0.02803932082341045,0.02837337052413301
2023-11-13,-0.0061925420109924,-0.0002798098206724781,-0.01872294793017053,0.018163328288825577,-0.028486155494444207,0.027926535853099253
2023-11-14,0.0154771719820518,0.0004099482668084102,-0.018033189842689645,0.018853086376306463,-0.02779639740696332,0.02861629394058014
2023-11-15,0.0143240349176566,-0.00025646575465985733,-0.01869960386415791,0.018186672354838198,-0.028462811428431586,0.027949879919111874
2023-11-16,0.0031409173924387,-0.0002210030481084746,-0.018664141157606527,0.01822213506138958,-0.028427348721880203,0.027985342625663257
2023-11-17,-0.0011113803419031,0.00012291410395568917,-0.018320224005542365,0.018566052213453744,-0.02808343156981604,0.02832925977772742
2023-11-20,0.0095040294501772,0.0002536860575925828,-0.01818945205190547,0.018696824167090637,-0.027952659616179147,0.028460031731364313
2023-11-21,-0.0028546236550833,-7.277223951944359e-05,-0.0185159103490175,0.01837036586997861,-0.028279117913291175,0.028133573434252285
2023-11-22,0.0078956204077375,0.00030729644613333544,-0.018135841663364717,0.01875043455563139,-0.027899049227638396,0.028513642119905064
2023-11-24,0.0003219065304596,-2.330844232847806e-05,-0.018466446551826533,0.018419829667169575,-0.02822965411610021,0.02818303723144325
2023-11-27,0.0025104034567353,0.00020960783538644286,-0.018233530274111613,0.018652745944884495,-0.027996737838385286,0.028415953509158175
2023-11-28,0.0005139427387215,0.0001423044534369404,-0.018300833656061114,0.018585442562934994,-0.02806404122033479,0.02834865012720867
2023-11-29,0.0048709435758661,0.0002037020988429698,-0.018239436010655086,0.018646840208341023,-0.02800264357492876,0.0284100477726147
2023-11-30,0.0136523132947267,8.93416055756843e-05,-0.018326376331187045,0.01850505954233841,-0.028075068532821577,0.028253751743972943
2023-12-01,0.0124721652457731,-0.00017829907655639903,-0.018594017013319128,0.018237418860206328,-0.02834270921495366,0.02798611106184086
2023-12-04,0.0034200910981723,-0.0001423302426556472,-0.018558048179418377,0.01827338769410708,-0.02830674038105291,0.02802207989574161
2023-12-05,0.0017984033475853,0.0001335610336643328,-0.018282156903098395,0.01854927897042706,-0.028030849104732927,0.028297971172061592
2023-12-06,-0.0069016422647375,0.00018298721997330245,-0.018232730716789426,0.01859870515673603,-0.027981422918423957,0.028347397358370562
2023-12-07,-0.0003743726401146,0.00044814928657678423,-0.017967568650185943,0.018863867223339513,-0.027716260851820475,0.028612559424974045
2023-12-08,0.0108016144891415,0.00024920960510067255,-0.018166508331662057,0.0186649275418634,-0.02791520053329659,0.02841361974349793
2023-12-11,0.0095246838683113,-9.141479798636582e-05,-0.018507132734749094,0.018324303138776362,-0.028255824936383626,0.028072995340410894
2023-12-12,0.0073123673795481,-5.249620176096031e-05,-0.01846821413852369,0.018363221735001767,-0.02821690634015822,0.0281119139366363
2023-12-13,-0.0066399278933322,1.4931308194908596e-05,-0.018400786628567818,0.018430649244957638,-0.02814947883020235,0.02817934144659217
2023-12-14,-0.0043486728131389,0.00044017269350198854,-0.01797554524326074,0.018855890630264716,-0.027724237444895272,0.028604582831899247
2023-12-15,-0.0041828481386035,0.00037033927431631914,-0.018045378662446408,0.01878605721107905,-0.02779407086408094,0.02853474941271358
2023-12-18,0.003138900517659,0.0003652852303086215,-0.018050432706454105,0.01878100316707135,-0.027799124908088637,0.028529695368705883
2023-12-19,-0.0072773260052044,0.00014213122728868926,-0.01827358670947404,0.018557849164051416,-0.02802227891110857,0.028306541365685948
2023-12-20,-0.009390173723139,0.0004595994652827937,-0.017956118471479935,0.01887531740204552,-0.027704810673114467,0.028624009603680053
2023-12-21,0.0045505957365977,0.0005239953423012373,-0.01789172259446149,0.018939713279063967,-0.02764041479609602,0.0286884054806985
2023-12-22,0.008423144397523,9.910524347800213e-05,-0.018316612693284724,0.018514823180240732,-0.028065304894919256,0.028263515381875264
2023-12-26,0.0065774132731218,-1.8923218866960452e-05,-0.018434641155629688,0.018396794717895768,-0.02818333335726422,0.0281454869195303
2023-12-27,0.0015307234137659,3.733141486132434e-05,-0.018378386521901404,0.018453049351624052,-0.028127078723535936,0.028201741553258584
2023-12-28,0.0017726608565558,0.00019114563288314982,-0.01822457230387958,0.018606863569645877,-0.02797326450551411,0.02835555577128041
2023-12-29,-0.0012221814976516,0.0001934609425013671,-0.018193662086133475,0.01858058397113621,-0.02792721705777621,0.028314138942778948
2024-01-02,-0.0126135884417093,0.00028307845844226893,-0.018104044570192573,0.018670201487077112,-0.02783759954183531,0.02840375645871985
2024-01-03,-0.0087064495444649,0.0006239543619649333,-0.01776316866666991,0.019011077390599776,-0.027496723638312646,0.028744632362242513
2024-01-04,0.0047357732127113,0.0005070373289480867,-0.017880085699686757,0.01889416035758293,-0.027613640671329494,0.028627715329225666
2024-01-05,-0.0106245584189971,0.00010479291346825726,-0.018282330115166584,0.0184919159421031,-0.02801588508680932,0.02822547091374584
2024-01-08,0.0123635937055924,0.0005644347249740513,-0.01782268830366079,0.018951557753608895,-0.027556243275303528,0.028685112725251632
2024-01-09,-0.0065999278621192,-0.00012346161340349995,-0.018510584642038343,0.018263661415231343,-0.02824413961368108,0.02799721638687408
2024-01-10,0.0071581281482652,0.00044400187728825026,-0.01794312115134659,0.018831124905923095,-0.027676676122989328,0.02856467987756583
2024-01-11,0.0057517417806052,3.230648300671916e-05,-0.018354816545628122,0.018419429511641564,-0.02808837151727086,0.0281529844832843
2024-01-12,0.0221987156834301,7.439111979762409e-05,-0.01831273190883722,0.018461514148432466,-0.028046286880479956,0.028195069120075203
2024-01-16,0.0069721132857729,-0.0004177673218129335,-0.018804890350447776,0.01796935570682191,-0.028538445322090513,0.027702910678464646
2024-01-17,-0.005284750322751,3.7872782642233755e-05,-0.01834925024599261,0.018424995811277076,-0.028082805217635346,0.028158550782919813
2024-01-18,0.0045657405568994,0.0004046465690083796,-0.017982476459626463,0.018791769597643223,-0.0277160314312692,0.02852532456928596
2024-01-19,0.0274313528796542,0.00010988096233376413,-0.01827724206630108,0.018497003990968607,-0.028010797037943815,0.028230558962611344
2024-01-22,0.0078417759100071,-0.0005743485010148267,-0.01896147152964967,0.017812774527620017,-0.028695026501292405,0.027546329499262754
2024-01-23,0.0064019878282496,1.1849040864633103e-05,-0.01837527398777021,0.018398972069499475,-0.028108828959412947,0.028132527041142212
2024-01-24,-5.748623391491522e-05,5.493318891240968e-05,-0.018332189839722433,0.018442056217547253,-0.02806574481136517,0.02817561118918999
2024-01-25,0.0906316248138591,0.00024822617440882803,-0.018138896854226014,0.01863534920304367,-0.02787245182586875,0.028368904174686408
2024-01-26,-0.0159325100488809,-0.0024655503432673568,-0.0208526733719022,0.015921572685367487,-0.030586228343544936,0.025655127657010224
2024-01-29,-0.0014950057278385,0.0007232696096004042,-0.01766385341903444,0.019110392638235246,-0.027397408390677176,0.028843947609877983
2024-01-30,0.0038931417770248,0.00032002486642185676,-0.01812554261448198,0.018765592347325694,-0.027890036210294573,0.028530085943138286
2024-01-31,-0.022663905600672,0.00015473110217454974,-0.01829083637872929,0.018600298583078385,-0.02805532997454188,0.028364792178890978
2024-02-01,0.0174873620077946,0.0009694293494648206,-0.017476138131439018,0.019414996830368656,-0.02724063172725161,0.02917949042618125
2024-02-02,-0.0059566496549352,-0.00026230273587882083,-0.01870787021678266,0.018183264745025015,-0.028472363812595252,0.027947758340837608
2024-02-05,-0.0128383590988752,0.0004568960116114243,-0.01798867146929241,0.018902463492515263,-0.027753165065105004,0.028666957088327855
2024-02-06,-5.44260616307093e-05,0.0006680082087846425,-0.017777559272119194,0.01911357568968848,-0.027542052867931786,0.028878069285501073
2024-02-07,0.0017975161627168,0.00027583178605226953,-0.018169735694851568,0.018721399266956106,-0.02793422929066416,0.0284858928627687
2024-02-08,0.0124442014862407,0.0002190192171397381,-0.0182265482637641,0.018664586698043575,-0.027991041859576692,0.028429080293856167
2024-02-09,0.0106826449953095,-0.00010759223740812153,-0.018553159718311958,0.018337975243495716,-0.02831765331412455,0.02810246883930831
2024-02-12,-0.0009664554975558,-5.3552457862835595e-05,-0.018499119938766673,0.018392015023041,-0.028263613534579266,0.028156508618853594
2024-02-13,-0.0133026116446711,0.000303810377661415,-0.018141757103242423,0.01874937785856525,-0.027906250699055016,0.028513871454377844
2024-02-14,-0.0007077885241076,0.0006822502188236654,-0.01776331726208017,0.019127817699727503,-0.027527810857892764,0.028892311295540096
2024-02-15,0.0178170893210411,0.00029587517587098143,-0.018149692305032855,0.01874144265677482,-0.027914185900845448,0.028505936252587412
2024-02-16,0.004112155843665,-0.000272417876329685,-0.018717985357233523,0.01817314960457415,-0.028482478953046116,0.027937643200386744
2024-02-20,-0.0226377112402693,0.00014801234411059667,-0.01829755513679324,0.018593579825014434,-0.028062048732605833,0.028358073420827027
2024-02-21,-0.0205989032393569,0.0009686257774710873,-0.01747694170343275,0.019414193258374925,-0.02724143529924534,0.029178686854187518
2024-02-22,0.0247877005029741,0.0009060806729162915,-0.017539486807987545,0.01935164815382013,-0.027303980403800138,0.029116141749632722
2024-02-23,0.0081637986017802,-0.00048625733791200234,-0.018931824818815838,0.017959310142991836,-0.02869631841462843,0.02772380373880443
2024-02-26,-0.0085981562163949,2.371892373379244e-05,-0.018421848557170044,0.01846928640463763,-0.028186342152982637,0.028233780000450223
2024-02-27,0.0040106928916655,0.0005379302747665328,-0.017907637206137306,0.01898349775567037,-0.0276721308019499,0.02874799135148296
2024-02-28,0.0023233171681495,0.00014851428513873173,-0.018291269107907293,0.018588297678184755,-0.02805270079256406,0.02834972936284152
2024-02-29,-0.001458090720258,0.00020064234186134572,-0.01823914105118468,0.01864042573490737,-0.028000572735841445,0.028401857419564136
2024-03-01,0.0169871835605136,0.00031746128274755855,-0.018122322110298465,0.018757244675793584,-0.02788375379495523,0.02851867636045035
2024-03-04,0.0254957851225811,-0.00025236812191444224,-0.018692151514960467,0.01818741527113158,-0.028453583199617234,0.027948846955788347
2024-03-05,-0.00576617485752,-0.000515224140687413,-0.018955007533733435,0.017924559252358613,-0.028716439218390205,0.027685990937015376
2024-03-06,0.0216959558967487,0.00045055082003510723,-0.017989232573010917,0.01889033421308113,-0.027750664257667684,0.028651765897737897
2024-03-07,0.0019351530343014,-0.00039783610987723783,-0.018837619502923262,0.018041947283168786,-0.028599051187580028,0.027803378967825552
2024-03-08,-0.0030063773445097,0.0002126338869007373,-0.018227149506145287,0.01865241727994676,-0.027988581190802053,0.028413848964603527
2024-03-11,-0.0217714794437998,0.0003652924633477409,-0.018074490929698282,0.018805075856393766,-0.02783592261435505,0.028566507541050532
2024-03-12,0.0310672125085773,0.0009450023009405074,-0.017494781092105515,0.019384785693986533,-0.02725621277676228,0.0291462173786433
2024-03-13,-0.0054755653199684,-0.000687342109883964,-0.019127125502929988,0.01775244128316206,-0.028888557187586754,0.027513872967818827
2024-03-14,-0.0167640869200797,0.0004415730267395769,-0.017998210366306448,0.0188813564197856,-0.027759642050963214,0.028642788104442367
2024-03-15,-0.0122757151996389,0.0007903090468708253,-0.017649474346175198,0.01923009243991685,-0.027410906030831964,0.028991524124573616
2024-03-18,0.0032395599574582,0.0006516498897106231,-0.017788133503335402,0.019091433282756646,-0.02754956518799217,0.028852864967413412
2024-03-19,0.0085707563222188,0.00017233687590783068,-0.018267446517138193,0.018612120268953855,-0.02802887820179496,0.02837355195361062
2024-03-20,0.0032018356071023,7.64035774140757e-06,-0.018432143035304615,0.018447423750787433,-0.02819357471996138,0.0282088554354442
2024-03-21,-0.0106777428479701,0.0001735022933354789,-0.018266281099710544,0.018613285686381504,-0.02802771278436731,0.02837471737103827
2024-03-22,-0.005538953405826,0.0006022837691554519,-0.01783749962389057,0.019042067162201477,-0.027598931308547337,0.028803498846858244
2024-03-25,-0.0108001777718335,0.0004435312733168347,-0.01799625211972919,0.01888331466636286,-0.027757683804385955,0.028644746351019625
2024-03-26,-0.0015370992556437,0.0006060661482468622,-0.017833717244799163,0.019045849541292886,-0.02759514892945593,0.028807281225949652
2024-03-27,0.0121276244439101,0.00032305273890694306,-0.018112734248841814,0.0187588397266557,-0.027872050364326103,0.02851815584213999
2024-03-28,0.0008382620919684,-0.00010022553353200987,-0.018536012521280766,0.018335561454216748,-0.028295328636765055,0.028094877569701037
2024-04-01,-0.0059350106193834,0.0002494735821129902,-0.018186313405635767,0.018685260569861747,-0.027945629521120056,0.028444576685346036
2024-04-02,-0.0050169927331162,0.00045928237408384494,-0.01797650461366491,0.018895069361832603,-0.0277358207291492,0.028654385477316892
2024-04-03,0.0106377479920374,0.0004308458660716173,-0.01800494112167714,0.018866632853820373,-0.02776425723716143,0.028625948969304663
2024-04-04,-0.015626970687207,-5.407514333299348e-05,-0.01848986213108175,0.018381711844415765,-0.028249178246566038,0.028141027959900054
2024-04-05,0.0063647152038408,0.0007595003809938308,-0.017676286606754927,0.019195287368742587,-0.027435602722239216,0.028954603484226876
2024-04-08,0.0035888762150609,7.828625499677427e-05,-0.018357500732751983,0.01851407324274553,-0.028116816848236272,0.02827338935822982
2024-04-09,-0.0026904062442646,0.00016427060108185556,-0.0182715163866669,0.018600057588830612,-0.02803083250215119,0.028359373704314902
2024-04-10,-0.0174243178987506,0.00035877755855705907,-0.018077009429191698,0.018794564546305816,-0.027836325544675987,0.028553880661790106
2024-04-11,-0.0007527904381808,0.0008151749807444271,-0.01762061200700433,0.019250961968493185,-0.027379928122488618,0.029010278083977475
2024-04-12,-0.0197196943575614,0.0002987580009661258,-0.01813702898678263,0.018734544988714883,-0.02789634510226692,0.028493861104199172
2024-04-15,-0.0056119722133364,0.0008862765268455167,-0.01754951046090324,0.019322063514594274,-0.02730882657638753,0.029081379630078563
2024-04-16,0.0136988752984084,0.00044927594135608543,-0.01798651104639267,0.018885062929104843,-0.02774582716187696,0.028644379044589132
2024-04-17,-0.0035436149239849,-0.0001488965759828708,-0.01858468356373163,0.018286890411765885,-0.028343999679215918,0.028046206527250175
2024-04-18,-0.0089420687378911,0.000385206537577961,-0.018050580450170797,0.018820993525326717,-0.027809896565655086,0.028580309640811007
2024-04-19,0.0006059553079454,0.0005524289603969681,-0.01788335802735179,0.018988215948145724,-0.02764267414283608,0.028747532063630014
2024-04-22,0.0017607507193265,0.00025666951350385435,-0.018179117474244902,0.018692456501252612,-0.02793843358972919,0.0284517726167369
2024-04-23,0.0015930928044865,0.00022089858849307033,-0.018214888399255686,0.018656685576241828,-0.027974204514739975,0.028416001691726117
2024-04-24,0.0104290060610095,0.00022609195750034194,-0.018209695030248416,0.018661878945249098,-0.027969011145732706,0.028421195060733387
2024-04-25,-0.0861130028205571,-5.487850471454843e-05,-0.01846888386579471,0.01835912685636561,-0.028216669484625426,0.028106912475196328
2024-04-26,-0.0105941477476252,0.002946520438317133,-0.015467484922763026,0.021360525799397293,-0.025215270541593744,0.03110831141822801
2024-04-29,0.0017932307319587,0.0005987112884897291,-0.01781529407259043,0.01901271664956989,-0.027563079691421147,0.028760502268400608
2024-04-30,-0.0073733729891573,0.0002135995106607987,-0.01820040585041936,0.01862760487174096,-0.027948191469250077,0.028375390490571677
2024-05-01,-0.0107069756312393,0.0004985804742690772,-0.017915424886811082,0.018912585835349237,-0.0276632105056418,0.028660371454179955
2024-05-02,0.0015799589295279,0.0006022189997394432,-0.017811786361340717,0.0190162243608196,-0.027559571980171435,0.02876400997965032
2024-05-03,0.0061743361587069,0.0002202299275105198,-0.01819377543356964,0.018634235288590678,-0.02794156105240036,0.028382020907421396
2024-05-06,0.017349083153972,7.739512306323418e-05,-0.018336610238016925,0.018491400484143394,-0.028084395856847643,0.02823918610297411
2024-05-07,-0.0013648196524429,-0.00027001709891963675,-0.018684022459999797,0.018143988262160522,-0.028431808078830514,0.02789177388099124
2024-05-08,0.0089864961516455,0.00031178028393859155,-0.018102225077141567,0.018725785645018752,-0.027850010695972285,0.02847357126384947
2024-05-09,-0.0117189448596969,-1.003224796647178e-05,-0.01842403760904663,0.01840397311311369,-0.028171823227877348,0.028151758731944407
2024-05-10,0.005278505050069,0.000633680157507553,-0.017780325203572606,0.019047685518587713,-0.027528110822403324,0.02879547113741843
2024-05-13,0.0024499978352191,0.00010524565749637542,-0.018308759703583782,0.018519251018576537,-0.0280565453224145,0.028267036637407254
2024-05-14,-0.0011945063310892,0.00019318124805801874,-0.01822082411302214,0.01860718660913818,-0.027968609731852858,0.028354972227968896
2024-05-15,0.0053634118980669,0.0003064854052778181,-0.018107519955802343,0.018720490766357976,-0.02785530557463306,0.028468276385188694
2024-05-16,0.0042106112712466,0.00010260598460382482,-0.018311399376476335,0.018516611345683984,-0.028059184995307053,0.0282643969645147
2024-05-17,0.0003550485473133,0.00013844545617634304,-0.018275559904903815,0.018552450817256504,-0.028023345523734533,0.02830023643608722
2024-05-20,0.0052515996435489,0.0002583112225765623,-0.018155694138503597,0.01867231658365672,-0.027903479757334315,0.02842010220248744
2024-05-21,0.0206768426842067,0.00010608212091397769,-0.018307923240166182,0.018520087481994137,-0.0280557088589969,0.028267873100824854
2024-05-22,0.0012675563694014,-0.0003734739676177264,-0.018787479328697884,0.018040531393462435,-0.028535264947528602,0.027788317012293152
2024-05-23,-0.0175403636202642,0.00021912270607285484,-0.018237668460415368,0.018675913872561078,-0.028008103516479785,0.028446348928625496
2024-05-24,0.0012881511061137,0.0007960283536366324,-0.01766076281285159,0.019252819520124854,-0.02743119786891601,0.02902325457618927
2024-05-28,-0.0072235090229931,0.00021849099241573895,-0.018238300174072485,0.01867528215890396,-0.028008735230136902,0.02844571721496838
2024-05-29,-0.015503188633751,0.00047957381291493704,-0.017977217353573285,0.01893636497940316,-0.027747652409637703,0.028706800035467578
2024-05-30,-0.0085368216699979,0.0007335409677140586,-0.017723250198774163,0.019190332134202282,-0.02749368525483858,0.0289607671902667
2024-05-31,0.0073387622542539,0.000519857772198596,-0.017936933394289627,0.018976648938686818,-0.027707368450354045,0.028747083994751236
2024-06-03,-0.0094542385606188,3.2897277401402786e-05,-0.01842389388908682,0.018489688443889627,-0.028194328945151236,0.028260123499954045
2024-06-04,0.0032017037087639,0.0005479982037646815,-0.01790879296272354,0.019004789370252906,-0.027679228018787957,0.028775224426317324
2024-06-05,0.0094240636320801,0.0001597955436906355,-0.018296995622797588,0.018616586710178858,-0.028067430678862006,0.028387021766243276
2024-06-06,0.0048869184059337,-3.1066315723274785e-05,-0.018487857482211496,0.01842572485076495,-0.028258292538275914,0.028196159906829367
2024-06-07,0.0107034370100552,0.00010810402880281482,-0.018348687137685407,0.018564895195291038,-0.028119122193749825,0.028335330251355456
2024-06-10,0.0021742035837728,-7.030923718945152e-05,-0.018527100403677676,0.01838648192929877,-0.028297535459742094,0.028156916985363187
2024-06-11,-0.006240744988427,0.00019131261869444042,-0.01826547854779378,0.018648103785182665,-0.0280359136038582,0.028418538841247083
2024-06-12,-0.0018919277707359,0.00044942895255423393,-0.018007362213933988,0.018906220119042458,-0.027777797269998405,0.028676655175106876
2024-06-13,0.0007098451211206,0.0003160352963451937,-0.01814075587014303,0.018772826462833417,-0.027911190926207446,0.028543261518897835
2024-06-14,0.0005320060713427,0.00023622968914274392,-0.01822056147734548,0.018693020855630967,-0.027990996533409897,0.028463455911695384
2024-06-17,0.0017124554098344,0.00024168464387620833,-0.018215106522612014,0.01869847581036443,-0.027985541578676432,0.02846891086642885
2024-06-18,0.0061757697324538,0.0002054760737412343,-0.018251315092746988,0.018662267240229458,-0.028021750148811406,0.028432702296293876
2024-06-20,0.019566763630247,6.857038502146803e-05,-0.018388220781466756,0.01852536155150969,-0.028158655837531174,0.028295796607574107
2024-06-21,-0.0084300232932332,-0.00034217891688825017,-0.018798970083376474,0.01811461224959997,-0.028569405139440892,0.02788504730566439
2024-06-24,0.014677605096001,0.000512408742761277,-0.017921487940863935,0.018946305426386492,-0.02767980338979093,0.02870462087531349
2024-06-25,-0.0138661706070928,-0.00019199998433687253,-0.018625896667962088,0.01824189669928834,-0.028384212116889084,0.028000212148215336
2024-06-26,-0.0042384570409186,0.0006781232654795805,-0.01775577341814563,0.019112019949104796,-0.027514088867072628,0.028870335398031792
2024-06-27,-0.0059524357766613,0.0003846338020098458,-0.018049262881615367,0.01881853048563506,-0.027807578330542364,0.028576845934562056
2024-06-28,0.0122165568218768,0.0004368824170204762,-0.017997014266604737,0.01887077910064569,-0.027755329715531733,0.028629094549572687
2024-07-01,0.0123547953142304,-0.00011697783784473829,-0.018550874521469952,0.018316918845780475,-0.02830918997039695,0.02807523429470747
2024-07-02,0.012485882382754,-0.00012119187481965068,-0.018555088558444864,0.018312704808805563,-0.02831340400737186,0.02807102025773256
2024-07-03,-0.0088944322266611,-0.00012518790909553325,-0.018559084592720747,0.01830870877452968,-0.028317400041647744,0.028067024223456676
2024-07-05,0.0016487895354479,0.0005265656999417622,-0.017907330983683453,0.018960462383566974,-0.02766564643261045,0.02871877783249397
2024-07-08,0.0091615321138582,0.00020516805169064142,-0.018228728631934574,0.018639064735315854,-0.02798704408086157,0.02839738018424285
2024-07-09,-0.0065515832739567,-2.3849022131595542e-05,-0.018457745705756808,0.01841004766149362,-0.028216061154683805,0.028168363110420615
2024-07-10,0.0076766424303123,0.00045514671999457646,-0.017978749963630636,0.01888904340361979,-0.027737065412557632,0.028647358852546788
2024-07-11,0.0026393750787176,2.1416084016426804e-05,-0.018412480599608788,0.01845531276764164,-0.028170796048535784,0.028213628216568636
2024-07-12,0.0250332751271333,0.00017497122275333986,-0.018258925460871874,0.018608867906378553,-0.02801724090979887,0.02836718335530555
2024-07-15,0.0002735282087875,-0.0005076803398456578,-0.018941577023470872,0.017926216343779555,-0.02869989247239787,0.02768453179270655
2024-07-16,0.0158944095352928,0.0002470912670125349,-0.01818680541661268,0.01868098795063775,-0.027945120865539675,0.028439303399564745
2024-07-17,0.0087874789562404,-0.00022909282881970343,-0.018662989512444918,0.01820480385480551,-0.028421304961371914,0.027963119303732506
2024-07-18,-0.0119679726700603,-1.2446453932630033e-05,-0.018446343137557844,0.018421450229692583,-0.02820465858648484,0.02817976567861958
2024-07-19,-0.0106929151285138,0.0006202589459534644,-0.01781363773767175,0.019054155629578677,-0.027571953186598747,0.028812471078505673
2024-07-22,0.0048992152108064,0.0005813903245316262,-0.01785250635909359,0.01901528700815684,-0.027610821808020585,0.028773602457083835
2024-07-23,-0.0002713808014305,0.00011879310208254677,-0.01829942649687668,0.018537012701041772,-0.028049442998483106,0.0282870292026482
2024-07-24,-0.0004346930319609,0.0002763020089263441,-0.01814191759003288,0.01869452160788557,-0.027891934091639307,0.028444538109491997
2024-07-25,0.0423467678124297,0.0002812768959305093,-0.018136942703028715,0.018699496494889736,-0.02788695920463514,0.028449512996496163
2024-07-26,-0.0011988097092399,-0.0010219502590886069,-0.01944016985804783,0.01739626933987062,-0.029190186359654258,0.027146285841477047
2024-07-29,-0.001304715204327,0.00030455374491551864,-0.01811366585404371,0.018722773343874743,-0.027863682355650135,0.02847278984548117
2024-07-30,-0.002404827815681,0.00030777988339557825,-0.01811043971556365,0.018725999482354802,-0.027860456217170072,0.028476015983961232
2024-07-31,0.0057413590943809,0.0003412919842074305,-0.018076927614751794,0.018759511583166657,-0.02782694411635822,0.028509528084773084
2024-08-01,-0.0129912439884585,9.313935497233219e-05,-0.018325080243986894,0.018511358953931557,-0.02807509674559332,0.028261375455537984
2024-08-02,-0.002851244263767,0.0006637799207666643,-0.01775443967819256,0.01908199951972589,-0.027504456179798988,0.028832016021332316
2024-08-05,-0.0312029545641138,0.00035489091295156516,-0.01806332868600766,0.01877311051191079,-0.027813345187614087,0.028523127013517217
2024-08-06,0.0188597122893432,0.0012185528362561723,-0.017199666762703052,0.0196367724352154,-0.02694968326430948,0.029386788936821825
2024-08-07,0.0,-0.0003064775298972796,-0.018724697128856504,0.018111742069061947,-0.02847471363046293,0.027861758570668374
2024-08-08,0.0306289099205896,0.0002680350909017005,-0.018150184508057526,0.018686254689860925,-0.027900201009663953,0.02843627119146735
2024-08-09,0.0026673942025555,-0.0006649958610411318,-0.019083215460000358,0.017753223737918093,-0.028833231961606785,0.02750324023952452
2024-08-12,-0.0103431890994715,0.000186779788036869,-0.018231439810922356,0.018604999386996095,-0.027981456312528782,0.028355015888602522
2024-08-13,0.0079377622817717,0.0005831137403418908,-0.017835105858617334,0.019001333339301117,-0.02758512236022376,0.028751349840907544
2024-08-14,0.0069394809871376,2.6231581822889983e-05,-0.018391988017136335,0.018444451180782116,-0.028142004518742762,0.028194467682388542
2024-08-15,0.0084396492733725,5.664165351835856e-05,-0.01836157794544087,0.018474861252477583,-0.028111594447047295,0.02822487775408401
2024-08-16,-0.0008768581314576,1.0942885661155801e-05,-0.01840727671329807,0.01842916248462038,-0.028157293214904497,0.028179178986226808
2024-08-19,0.0048904773618857,0.0002947463182758985,-0.01812347328068333,0.018712965917235123,-0.027873489782289755,0.02846298241884155
2024-08-20,0.0066536925753508,0.00012940765081016076,-0.018292449003260453,0.018551264304880775,-0.028044390845541788,0.02830320614716211
2024-08-21,0.0060015850402767,7.494701391369963e-05,-0.018346909640156915,0.018496803667984313,-0.02809885148243825,0.028248745510265648
2024-08-22,-0.0063585870432796,9.508873649748101e-05,-0.018326767917573133,0.018516945390568095,-0.028078709759854468,0.02826888723284943
2024-08-23,0.0007141193295495,0.0004768588339193737,-0.01794499782015124,0.01889871548798999,-0.027696939662432574,0.028650657330271324
2024-08-26,0.0095412216828482,0.0002584033154413078,-0.018163453338629305,0.018680259969511923,-0.02791539518091064,0.02843220181179326
2024-08-27,0.0037811162876746,-1.4240439240322824e-05,-0.018436097093310937,0.01840761621483029,-0.028188038935592272,0.028159558057111626
2024-08-28,-0.0013595394600622,0.00016367261755290293,-0.018258184036517713,0.018585529271623515,-0.028010125878799048,0.02833747111390485
2024-08-29,0.0022146457673993,0.0003224526598014103,-0.018099403994269205,0.018744309313872023,-0.02785134583655054,0.028496251156153358
2024-08-30,0.0161089094215833,0.00021205637783481944,-0.018209800276235793,0.018633913031905435,-0.027961742118517128,0.02838585487418677
2024-09-03,-0.0042141996534637,-0.00021709738742061455,-0.01863895404149123,0.018204759266649998,-0.028390895883772565,0.027956701108931333
2024-09-04,0.0139620997386774,0.00041062488691717735,-0.018011231767153437,0.01883248154098779,-0.027763173609434772,0.028584423383269126
2024-09-05,-0.0074748146384278,-0.00015078862276517662,-0.01857264527683579,0.01827106803130544,-0.028324587119117124,0.028023009873586774
2024-09-06,-0.0091736183646036,0.0005113358877066477,-0.017910520766363965,0.018933192541777263,-0.0276624626086453,0.0286851343840586
2024-09-09,0.0138028100521991,0.000563807039374967,-0.017858049614695646,0.018985663693445582,-0.02760999145697698,0.028737605535726917
2024-09-10,0.0087563723161547,-0.0001458686233740657,-0.01856772527744468,0.01827598803069655,-0.028319667119726014,0.028027929872977884
2024-09-11,0.0220137744787004,1.0001296000783767e-05,-0.01841185535806983,0.0184318579500714,-0.028163797200351164,0.028183799792352734
2024-09-12,0.0081614103481506,-0.00039948165301816204,-0.018821338307088775,0.018022375001052453,-0.02857328014937011,0.02777431684333379
2024-09-13,0.0149158373335823,2.8377956693835673e-05,-0.01839347869737678,0.01845023461076445,-0.028145420539658114,0.028202176453045784
2024-09-16,0.010973769191281,-0.00018024682869146523,-0.01860210348276208,0.01824160982537915,-0.028354045325043414,0.027993551667660484
2024-09-17,-0.014051159991737,-5.8487703611622875e-05,-0.018480344357682237,0.01836336895045899,-0.028232286199963572,0.028115310792740326
2024-09-18,0.0037755058517879,0.0007268609712054233,-0.017677519931983722,0.01913124187439457,-0.027420210670565444,0.028873932612976293
2024-09-19,-0.0048969969035654,0.00018384510346297687,-0.01822053579972617,0.018588226006652123,-0.027963226538307892,0.028330916745233845
2024-09-20,0.0176561886937011,0.00044801713936319936,-0.017956363763825946,0.018852398042552346,-0.02769905450240767,0.02859508878113407
2024-09-23,0.0127796458980848,-0.000238972663158086,-0.01864335356634723,0.018165408240031062,-0.028386044304928953,0.027908098978612784
2024-09-24,0.0021291474460822,-9.042889501949172e-05,-0.01849480979820864,0.018313952008169654,-0.02823750053679036,0.028056642746751376
2024-09-25,0.0011760189673399,0.00023399462363329378,-0.018170386279555854,0.01863837552682244,-0.027913077018137576,0.02838106626540416
2024-09-26,0.0098951946165069,0.0002630277525704293,-0.018141353150618718,0.018667408655759575,-0.02788404388920044,0.028410099394341297
2024-09-27,-0.0116596702617275,-2.5659805869672567e-06,-0.018406946883776115,0.018401814922602178,-0.028149637622357837,0.0281445056611839
2024-09-30,0.0010862878920855,0.0006540140977442288,-0.01775036680544492,0.019058395000933374,-0.02749305754402664,0.028801085739515096
2024-10-01,-0.0078560866451048,0.00026576103977738217,-0.018138619863411764,0.01867014194296653,-0.027881310601993486,0.02841283268154825
2024-10-02,0.0017308882149643,0.0005381536067112667,-0.01786622729647788,0.018942534509900414,-0.0276089180350596,0.028685225248482136
2024-10-03,0.0135158481005978,0.0002461259489114011,-0.018158254954277746,0.018650506852100547,-0.027900945692859468,0.02839319759068227
2024-10-04,0.0146197063017305,-0.00011285425943370733,-0.018517235162622853,0.01829152664375544,-0.028259925901204574,0.028034217382337162
2024-10-07,0.004943467811811,-0.0001464787478385546,-0.0185508596510277,0.018257902155350593,-0.028293550389609422,0.028000592893932315
2024-10-08,0.0065826065021122,0.0001482679583715139,-0.018256112944817632,0.01855264886156066,-0.027998803683399354,0.028295339600142383
2024-10-09,0.0245412250042931,9.833835706093443e-05,-0.018306042546128214,0.01850271926025008,-0.028048733284709935,0.0282454099988318
2024-10-10,-0.0054780671264154,-0.00044869690432864414,-0.01885307780751779,0.0179556839988605,-0.028595768546099513,0.027698374737442223
2024-10-11,0.0010294685664845,0.0004657170476943357,-0.01793866385549481,0.018870097950883482,-0.027681354594076533,0.028612788689465204
2024-10-14,0.0085374436591478,0.0002674918062407573,-0.01813688909694839,0.018671872709429903,-0.027879579835530112,0.028414563448011625
2024-10-15,-0.0098243939664343,3.879230372486265e-05,-0.018365588599464282,0.01844317320691401,-0.028108279338046004,0.028185863945495732
2024-10-16,0.0030431126929271,0.0006118095844814999,-0.01777407544605373,0.018997694615016728,-0.027506975061089633,0.02873059423005263
2024-10-17,-0.0033865702622299,0.00022295479233853802,-0.01816293023819669,0.018608839822873768,-0.027895829853232593,0.02834173943790967
2024-10-18,-0.0029242985980052,0.0004172591820902044,-0.017968625848445025,0.018803144212625432,-0.02770152546348093,0.028536043827661336
2024-10-21,-0.0019398025906006,0.0004032893776312419,-0.017982595652903985,0.01878917440816647,-0.02771549526793989,0.028522074023202375
2024-10-22,0.0021551572560374,0.00037353800462174144,-0.018012347025913488,0.01875942303515697,-0.027745246640949392,0.028492322650192872
2024-10-23,0.002150522539991,0.0002497887187537036,-0.018136096311781525,0.01863567374928893,-0.02786899592681743,0.028368573364324835
2024-10-24,-0.0636824569474848,0.0002499287794191126,-0.018135956251116116,0.01863581380995434,-0.02786885586615202,0.028368713424990245
2024-10-25,-0.0171805302876173,0.0022393949776845,-0.01614649005285073,0.020625280008219726,-0.02587938966788663,0.030358179623255634
2024-10-28,-0.0082323811054003,0.0008341113042997564,-0.01755177372623547,0.019219996334834986,-0.027284673341271375,0.02895289594987089
2024-10-29,-0.0117165877148859,0.0005636991116016653,-0.017822185918933562,0.018949584142136894,-0.027555085533969466,0.0286824837571728
2024-10-30,-0.026630975887175,0.0006689914944059884,-0.01771689353612924,0.019054876524941217,-0.027449793151165143,0.02878777613997712
2024-10-31,0.0088432298008077,0.0011197028455794996,-0.01726618218495573,0.019505587876114727,-0.026999081799991633,0.02923848749115063
2024-11-01,0.0073739467331696,4.767582088769425e-05,-0.018338209209647533,0.018433560851422923,-0.028071108824683437,0.028166460466458827
2024-11-04,-0.0093108375685109,9.207741142038117e-05,-0.01829380761911485,0.018477962441955608,-0.028026707234150752,0.028210862056991512
2024-11-05,0.0060404173920606,0.0005962899603884433,-0.017789595070146786,0.01898217499092367,-0.02752249468518269,0.028715074605959574
2024-11-06,0.0286363536683708,0.00013237653762104452,-0.018253508492914183,0.018518261568156273,-0.027986408107950087,0.028251161183192177
2024-11-07,0.0004211569684395,-0.0005504704456061071,-0.018936355476141337,0.01783541458492912,-0.02866925509117724,0.027568314199965024
2024-11-08,0.0001405442196707,0.00030219003777063745,-0.01808369499276459,0.018688075068305866,-0.027816594607800494,0.02842097468334177
2024-11-11,-0.0007021015060468,0.0003106701275800934,-0.018075214902955133,0.018696555158115323,-0.027808114517991037,0.028429454773151227
2024-11-12,-0.0049202000128928,0.0003361347989572517,-0.018049750231577975,0.01872201982949248,-0.02778264984661388,0.028454919444528385
2024-11-13,0.0002846286337782,0.00043535635938120375,-0.017972162494046102,0.01884287521280851,-0.027716514363142576,0.028587227081904983
2024-11-14,-0.0091924545843728,0.0002862459089721195,-0.018121272944455185,0.018693764762399426,-0.02786562481355166,0.0284381166314959
2024-11-15,-0.0193252256029822,0.0005577499762821367,-0.017849768877145167,0.018965268829709444,-0.02759412074624164,0.028709620698805918
2024-11-18,0.0150094901827314,0.0008480385050780526,-0.017559480348349255,0.019255557358505357,-0.027303832217445728,0.02899990922760183
2024-11-19,0.010326539257468,-0.00013559905208728812,-0.018543117905514595,0.018271919801340016,-0.02828746977461107,0.02801627167043649
2024-11-20,0.020478542979384,-1.4396072501789581e-06,-0.018408958460677485,0.018406079246177126,-0.02815331032977396,0.0281504311152736
2024-11-21,0.0357017445818112,-0.0002922791238397979,-0.018699797977267105,0.018115239729587507,-0.02844414984636358,0.02785959159868398
2024-11-22,0.0025596557367471,-0.000728400771967073,-0.01913591962539438,0.01767911808146023,-0.028880271494490854,0.027423469950556705
2024-11-25,0.0140728040041733,0.0002210698313247722,-0.018186449022102532,0.01862858868475208,-0.027930800891199006,0.028372940553848553
2024-11-26,0.0118694116803455,-0.00010876441305145845,-0.018516283266478764,0.018298754440375847,-0.028260635135575238,0.02804310630947232
2024-11-27,-0.0083818173422318,-4.564056323096117e-05,-0.018453159416658267,0.018361878290196344,-0.02819751128575474,0.028106230159292818
2024-11-29,0.0021568597222508,0.0005345264481893658,-0.01787299240523794,0.01894204530161667,-0.027617344274334415,0.028686397170713144
2024-12-02,-8.791865467140511e-05,0.00023260932651698033,-0.018174909526910324,0.018640128179944288,-0.027919261396006798,0.02838448004904076
2024-12-03,0.00705537654576,0.0002969188240189835,-0.01811060002940832,0.01870443767744629,-0.027854951898504794,0.028448789546542765
2024-12-04,0.0194172411036183,9.227424548465684e-05,-0.01831524460794265,0.018499793098911962,-0.028059596477039123,0.028244144968008436
2024-12-05,0.0053819217487008,-0.0002618744339915267,-0.01866939328741883,0.01814564441943578,-0.028413745156515305,0.027889996288532254
2024-12-06,0.0139175908894332,0.0001402161885279382,-0.018267302664899367,0.018547735041955244,-0.02801165453399584,0.028292086911051718
2024-12-09,-0.0343593921823747,-0.00010431779261120701,-0.01851183664603851,0.0183032010608161,-0.028256188515134985,0.028047552929912574
2024-12-10,0.0074504458593402,0.0012787445863651353,-0.01712877426706217,0.01968626343979244,-0.026873126136158644,0.029430615308888915
2024-12-11,-0.0069288278683275,8.095610856031653e-05,-0.01832656274486699,0.018488474961987623,-0.028070914613963462,0.028232826831084096
2024-12-12,0.0092564802869968,0.0005041791893933329,-0.017909535175054562,0.018917893553841224,-0.02765716674957327,0.02866552512835993
2024-12-13,-0.0062191536716115,5.249862745157393e-05,-0.01836121573699632,0.018466212991899468,-0.028108847311515025,0.028213844566418175
2024-12-16,-0.0064762713555467,0.00048437443579259264,-0.0179293399286553,0.018898088800240485,-0.027676971503174008,0.028645720374759192
2024-12-17,-0.0015709999502802,0.000491549773997495,-0.017922164590450398,0.01890526413844539,-0.027669796164969104,0.028652895712964095
2024-12-18,-0.0391910867187343,0.00035465922341018543,-0.018059055141037707,0.01876837358785808,-0.027806686715556413,0.028516005162376786
2024-12-19,0.0168889462053477,0.0014045164005985805,-0.017009197963849313,0.019818230765046473,-0.02675682953836802,0.02956586233956518
2024-12-20,-0.0025040268922012,-0.00016049926309943133,-0.018574213627547326,0.01825321510134846,-0.028321845202066032,0.028000846675867167
2024-12-23,-0.0064228629833536,0.000380697042980216,-0.018033017321467677,0.01879441140742811,-0.027780648895986384,0.028542042981946816
2024-12-24,0.0111128255438564,0.0004900593159022229,-0.01792365504854567,0.018903773680350115,-0.027671286623064378,0.028651405254868822
2024-12-26,0.0021366488108102,6.939252655090286e-07,-0.018413020439182384,0.018414408289713403,-0.02816065201370109,0.02816203986423211
2024-12-27,-0.0094266620311431,0.00025119051834626114,-0.018162523846101633,0.018664904882794153,-0.02791015542062034,0.02841253645731286
2024-12-30,-0.0114214971667449,0.0005738858102046726,-0.01783982855424322,0.018987600174652567,-0.027587460128761926,0.028735231749171274
2024-12-31,-0.0019086916844683,0.0006295553251983296,-0.017784159039249563,0.019043269689646224,-0.02753179061376827,0.02879090126416493
2025-01-02,0.000500222110618,0.00036408312753344384,-0.01804963123691445,0.018777797491981336,-0.027797262811433156,0.028525429066500043
2025-01-03,0.0122462620782905,0.00029685799186150366,-0.01811685637258639,0.018710572356309397,-0.027864487947105096,0.028458203930828103
2025-01-06,8.979026696518392e-05,-3.093668972714423e-05,-0.01844465105417504,0.018382777674720747,-0.028192282628693745,0.028130409249239454
2025-01-07,0.0057766163313117,0.0003083118414886368,-0.018105402522959255,0.01872202620593653,-0.027853034097477962,0.028469657780455238
2025-01-08,-0.0034888379028559,0.0001496105818178963,-0.018264103782629996,0.01856332494626579,-0.028011735357148702,0.028310956520784497
2025-01-10,-0.0154881187237445,0.0004081799914931622,-0.01800553437295473,0.018821894355941057,-0.027753165947473436,0.028569525930459763
2025-01-13,-0.0107515274764831,0.0007430418212503565,-0.017670672543197537,0.01915675618569825,-0.027418304117716244,0.028904387760216955
2025-01-14,0.0016086327983941,0.0006014087836071924,-0.017801975487646095,0.019004793054860476,-0.02754413864114998,0.02874695620836436
2025-01-15,0.0104162952469589,0.00025277458219370784,-0.01815060968905958,0.018656158853446993,-0.027892772842563463,0.028398322006950878
2025-01-16,0.0118820456007224,4.343146371939548e-06,-0.018399041124881346,0.018407727417625225,-0.02814120427838523,0.02814989057112911
2025-01-17,0.0095205920665414,-3.700022561446838e-05,-0.018440384496867752,0.01836638404563882,-0.028182547650371637,0.028108547199142703
2025-01-21,-0.0023605200821228,2.9607605413226187e-05,-0.018373776665840058,0.018432991876666513,-0.028115939819343943,0.028175155030170398
2025-01-22,-0.0044689983522141,0.0003647296389254289,-0.018038654632327858,0.018768113910178713,-0.027780817785831743,0.028510277063682598
2025-01-23,0.0123748621375788,0.0004242019775960752,-0.01797918229365721,0.01882758624884936,-0.027721345447161094,0.028569749402353246
2025-01-24,-0.0055006648746823,-5.0900749228187945e-05,-0.018454285020481475,0.018352483522025096,-0.02819644817398536,0.02809464667552898
2025-01-27,-0.0029849801232436,0.0004533014573913969,-0.01795008281386189,0.01885668572864468,-0.027692245967365775,0.028598848882148566
2025-01-28,0.0068032380313044,0.0003823433367181094,-0.018021040934535177,0.018785727607971394,-0.027763204088039062,0.02852789076147528
2025-01-29,0.0130755442473206,0.00010625406734933356,-0.01829713020390395,0.01850963833860262,-0.028039293357407836,0.028251801492106505
2025-01-30,0.1219004370017071,-7.066438839968526e-05,-0.01847404865965297,0.0183327198828536,-0.028216211813156856,0.028074883036357485
2025-01-31,-0.0100006322164371,-0.0031402103113962686,-0.021543594582649553,0.015263173959857016,-0.03128575773615344,0.025005337113360903
2025-02-03,0.0194805313988187,0.0005802288180153701,-0.017823155453237916,0.018983613089268655,-0.0275653186067418,0.02872577624277254
2025-02-04,0.0142045943085837,-0.00025132528040809046,-0.018654709551661375,0.018152058990845196,-0.02839687270516526,0.02789422214434908
2025-02-05,-0.0043959513228221,-0.00010251069602923722,-0.018505894967282523,0.018300873575224048,-0.028248058120786408,0.028043036728727933
2025-02-06,-0.0381669240989667,0.000422141592278138,-0.01798124267897515,0.018825525863531423,-0.027723405832479033,0.028567689017035307
2025-02-07,-0.0043497553732266,0.0013746952698140608,-0.017028689001439223,0.019778079541067348,-0.026770852154943108,0.029520242694571232
2025-02-10,-0.0056005655416304,0.00042083857616527254,-0.017982545695088014,0.018824222847418557,-0.0277247088485919,0.028566386000922442
2025-02-11,0.0215496813730182,0.00045611928405930164,-0.017947264987193984,0.018859503555312587,-0.02768942814069787,0.028601666708816472
2025-02-12,0.0043486308449583,-0.00025294801546777655,-0.018779891996599955,0.018273995965664404,-0.028587463709480614,0.028081567678545062
2025-02-13,0.0131265357272481,0.00021229611116065783,-0.018314647869971522,0.018739240092292837,-0.02812221958285218,0.028546811805173496
2025-02-14,0.0080312478550217,-2.5123614101262243e-05,-0.01855206759523344,0.018501820367030918,-0.0283596393081141,0.028309392079911577
2025-02-18,0.0068275244752095,0.0001126908032314097,-0.01841425317790077,0.01863963478436359,-0.028221824890781427,0.02844720649724425
2025-02-19,0.0047402751167928,0.00014524842124604144,-0.018381695559886137,0.01867219240237822,-0.028189267272766796,0.02847976411525888
2025-02-20,0.0015875161478215,0.00020170314203348544,-0.018325240839098693,0.018728647123165666,-0.02813281255197935,0.028536218836046325
2025-02-21,-0.0123901628994327,0.000286977154257113,-0.018239966826875068,0.01881392113538929,-0.028047538539755727,0.02862149284826995
2025-02-24,0.0014902139358218,0.0006650373820335511,-0.01786190659909863,0.01919198136316573,-0.027669478311979287,0.02899955307604639
2025-02-25,-0.0158580688767471,0.00028960892855293106,-0.018237335052579247,0.018816552909685112,-0.028044906765459905,0.02862412462256577
2025-02-26,-0.0074378988778209,0.000758835309376024,-0.017768108671756155,0.019285779290508204,-0.027575680384636814,0.029093351003388862
2025-02-27,-0.0102540173797808,0.0005310913915947875,-0.01799585258953739,0.01905803537272697,-0.02780342430241805,0.028865607085607627
2025-02-28,-0.0031245300582441,0.0006072601459850627,-0.017919683835147117,0.019134204127117242,-0.027727255548027775,0.0289417758399979
2025-03-03,-0.0089530068021442,0.000414425871310622,-0.01811251810982156,0.0189413698524428,-0.027920089822702217,0.028748941565323458
2025-03-04,0.0119986114514051,0.0005720711597693956,-0.017954872821362784,0.019099015140901576,-0.027762444534243442,0.028906586853782234
2025-03-05,-0.0073727762540032,5.383833322460487e-06,-0.01852156014780972,0.01853232781445464,-0.028329131860690377,0.0283398995273353
2025-03-06,-0.0106393500836043,0.0005293299923016227,-0.017997613988830558,0.0190562739734338,-0.027805185701711217,0.02886384568631446
2025-03-07,0.0503800932398919,0.0006176824034488898,-0.01790926157768329,0.01914462638458107,-0.027716833290563948,0.028952198097461728
2025-03-10,-0.0179002572841981,-0.00103273642242937,-0.019559680403561548,0.01749420755870281,-0.029367252116442207,0.02730177927158347
2025-03-11,-0.0314349075245617,0.0008140712474651154,-0.017712872733667066,0.019341015228597293,-0.027520444446547724,0.029148586941477952
2025-03-12,0.0027278399347502,0.0011801486867486753,-0.017346795294383505,0.019707092667880854,-0.027154367007264164,0.029514664380761512
2025-03-13,-0.0154616455358072,0.0002499679171071791,-0.018285317716440305,0.018785253550654663,-0.028097305233371016,0.028597241067585374
2025-03-14,0.0103208263098023,0.0007483130306585014,-0.017786972602888983,0.019283598664205984,-0.027598960119819695,0.029095586181136696
2025-03-17,0.0184319060931759,4.193962167277137e-05,-0.018493346011874714,0.018577225255220254,-0.028305333528805425,0.028389212772150965
2025-03-18,-0.0240851277458651,-0.0001802831004714016,-0.018715568734018886,0.018355002533076082,-0.028527556250949597,0.028166990050006793
2025-03-19,0.0213934143940599,0.000984574261254345,-0.017550711372293137,0.01951985989480183,-0.02736269888922385,0.02933184741173254
2025-03-20,-0.036201764126347,-0.0002614208101045919,-0.018796706443652077,0.01827386482344289,-0.028608693960582788,0.028085852340373602
2025-03-21,0.0022578140710212,0.0013165389307698869,-0.017218746702777597,0.01985182456431737,-0.027030734219708308,0.029663812081248082
2025-03-24,0.0186063565554618,0.00026284541673800895,-0.018272440216809474,0.018798131050285494,-0.028084427733740185,0.028610118567216205
2025-03-25,0.0058191408183199,-0.0001850625944036333,-0.018720348227951118,0.01835022303914385,-0.02853233574488183,0.02816221055607456
2025-03-26,0.0017591305520537,0.00016527422457049648,-0.018370011408976986,0.01870055985811798,-0.028181998925907698,0.028512547375048693
2025-03-27,-0.0166350649377061,0.0002765080624070299,-0.018258777571140455,0.018811793695954513,-0.028070765088071166,0.028623781212885224
2025-03-28,-0.0090167001410946,0.0007804617039142221,-0.017754823929633262,0.019315747337461706,-0.027566811446563973,0.029127734854392417
2025-03-31,0.0189183305588318,0.0005717381050093428,-0.01796354752853814,0.019107023738556828,-0.02777553504546885,0.02891901125548754
2025-04-01,0.0067334345199688,-0.0001936098796133298,-0.018728895513160815,0.018341675753934153,-0.028540883030091526,0.028153663270864864
2025-04-02,-0.0014389730696297,0.00014022492895930417,-0.01839506070458818,0.018675510562506787,-0.028207048221518892,0.028487498079437498
2025-04-03,-0.0263050371322495,0.0003641278752421134,-0.01817115775830537,0.018899413508789598,-0.02798314527523608,0.02871140102572031
2025-04-04,-0.0680136428442983,0.0010453940682259098,-0.017489891565321575,0.019580679701773393,-0.027301879082252286,0.029392667218704104
2025-04-07,-0.0075011897618607,0.0021881025787707847,-0.0163471830547767,0.02072338821231827,-0.02615917057170741,0.03053537572924898
2025-04-08,-0.0212626113728433,0.000530217018926396,-0.01800506861462109,0.01906550265247388,-0.0278170561315518,0.02887749016940459
2025-04-09,0.0626052610438946,0.0009072445729192461,-0.01762804106062824,0.01944253020646673,-0.02744002857755895,0.02925451772339744
2025-04-10,-0.0247829123982561,-0.0014094193889654927,-0.02002890694752465,0.017210068169593664,-0.029885468271055933,0.027066629493124945
2025-04-11,0.0255051104387218,0.0009928635801566236,-0.017626623978402534,0.019612351138715782,-0.027483185301933815,0.029468912462247063
2025-04-14,0.0150885792118152,-0.00038954385615473685,-0.019009031414713894,0.01822994370240442,-0.028865592738245176,0.028086505025935703
2025-04-15,0.0068368390253614,-0.00010319554861983369,-0.018722683107178992,0.018516292009939324,-0.028579244430710273,0.028372853333470605
2025-04-16,-0.0088885895063075,0.00012364309709989832,-0.01849584446145926,0.018743130655659055,-0.028352405784990542,0.028599691979190336
2025-04-17,0.0010054797095312,0.0005559319029619732,-0.018063555655597186,0.01917541946152113,-0.027920116979128468,0.02903198078505241
2025-04-21,-0.0109046735702693,0.0002839459689813423,-0.018335541589577814,0.0189034335275405,-0.028192102913109095,0.028759994851071783
2025-04-22,0.0196183302102623,0.00061135364048553,-0.018008133918073627,0.01923084119904469,-0.027864695241604908,0.02908740252257597
2025-04-23,0.0188335398374425,-0.0002277174747490813,-0.01884720503330824,0.018391770083810075,-0.028703766356839522,0.028248331407341357
2025-04-24,-0.068053389671181,-0.00020614374832025266,-0.01882563130687941,0.018413343810238906,-0.02868219263041069,0.028269905133770187
2025-04-25,0.0133409803021183,0.0021823601278484527,-0.016437127430710706,0.02080184768640761,-0.026293688754241987,0.03065840900993889
2025-04-28,0.0160065584041821,-5.515441293457539e-05,-0.01867464197149373,0.018564333145624584,-0.028531203295025016,0.028420894469155862
2025-04-29,0.013584425304839,-0.00012843060838786186,-0.01874791816694702,0.018491056950171295,-0.028604479490478302,0.028347618273702576
2025-04-30,0.0100996450530034,-6.18466661413663e-05,-0.018681334224700523,0.018557640892417793,-0.028537895548231804,0.028414202215949074
2025-05-01,-0.0089723828850988,3.3949228433080526e-05,-0.018585538330126078,0.018653436786992238,-0.02844209965365736,0.02850999811052352
2025-05-02,0.0242793264259581,0.0005582353657632502,-0.018061252192795908,0.019177722924322408,-0.02791781351632719,0.02903428424785369
2025-05-05,0.014674910539629,-0.00035584730498887775,-0.018975334863548035,0.01826364025357028,-0.028831896187079317,0.028120201577101562
2025-05-06,-0.0002408324038111,-9.182388164352245e-05,-0.01871131144020268,0.018527663676915634,-0.028567872763733963,0.028384225000446916
2025-05-07,0.0169162166603565,0.00031820683342285354,-0.018301280725136305,0.01893769439198201,-0.028157842048667586,0.028794255715513292
2025-05-08,0.0030344426622919,-0.0001534369273261525,-0.01877292448588531,0.018466050631233005,-0.028629485809416592,0.028322611954764286
2025-05-09,-0.0129970670621908,0.00023524259711226516,-0.018423358106593676,0.018893843300818208,-0.028300624678455934,0.028771109872680466
2025-05-12,0.0178572676430168,0.0007179404555345177,-0.017940660248171425,0.019376541159240458,-0.027817926820033683,0.029253807731102716
2025-05-13,0.0191307225712627,-0.00021106258542690761,-0.018869663289132848,0.018447538118279035,-0.028746929860995106,0.028324804690141293
2025-05-14,-0.0029821061569294,-0.0002494054475294594,-0.0189080061512354,0.018409195256176483,-0.02878527272309766,0.02828646182803874
2025-05-15,0.0337877010092726,0.00041639679157318415,-0.018242203912132757,0.019074997495279127,-0.028119470483995015,0.028952264067141385
2025-05-16,0.0003000708613756,-0.0006907171034219803,-0.01934931780712792,0.017967883600283962,-0.02922658437899018,0.02784515017214622
2025-05-19,0.0061663034563816,0.00031757267301377764,-0.018341028030692163,0.01897617337671972,-0.02821829460255442,0.02885343994858198
2025-05-20,-0.0054543449869838,0.00014094439786812047,-0.01851765630583782,0.018799545101574063,-0.02839492287770008,0.02867681167343632
2025-05-21,-0.0230392193164372,0.000490834221939032,-0.01816776648176691,0.019149434925644974,-0.028045033053629168,0.029026701497507232
2025-05-22,-0.0096295453181851,0.00102030283252714,-0.0176382978711788,0.019678903536233083,-0.02751556444304106,0.029556170108095338
2025-05-23,0.0010058809844992,0.0006165466653077914,-0.01804205403839815,0.019275147369013732,-0.02791932061026041,0.02915241394087599
2025-05-27,0.0176296563807733,0.0002963212100673893,-0.018362279493638552,0.01895492191377333,-0.02823954606550081,0.02883218848563559
2025-05-28,-0.0114240098458426,-0.0002042093650673841,-0.018862810068773325,0.01845439133863856,-0.028740076640635583,0.028331657910500817
2025-05-29,-0.0059736406738651,0.0006705767722285495,-0.01798802393147739,0.019329177475934493,-0.02786529050333965,0.02920644404779675
2025-05-30,0.0014291648138737,0.0005064698620161929,-0.018152130841689748,0.019165070565722135,-0.028029397413552006,0.029042337137584393
2025-06-02,0.0185104847330496,0.0002835764217439406,-0.018375024281962003,0.01894217712544988,-0.02825229085382426,0.02881944369731214
2025-06-03,0.0049141619673043,-0.00023073050790348658,-0.018889331211609427,0.018427870195802457,-0.028766597783471685,0.028305136767664715
2025-06-04,0.0012058496931146,0.00017864552680772603,-0.018479955176898214,0.01883724623051367,-0.028357221748760472,0.028714512802375927
2025-06-05,0.0050339872590315,0.00029030028820419706,-0.018368300415501745,0.01894890099191014,-0.028245566987364003,0.028826167563772397
2025-06-06,0.0075037252602378,0.00017503766873973566,-0.018483563034966205,0.018833638372445678,-0.028360829606828463,0.028710904944307936
2025-06-09,0.0118681585487837,0.00011419084170513223,-0.018538992729517687,0.018767374412927952,-0.02841339164466546,0.028641773328075725
2025-06-10,0.0151739598058517,-1.5860615520369077e-05,-0.01866904418674319,0.01863732295570245,-0.028543443101890963,0.028511721870850222
2025-06-11,0.0189334556566716,-0.00011436693749987761,-0.018767550508722697,0.018538816633722942,-0.02864194942387047,0.028413215548870715
2025-06-12,-0.0017420545898228,-0.00022639245868621483,-0.018879576029909036,0.018426791112536603,-0.02875397494505681,0.028301190027684376
2025-06-13,-0.0136499540412481,0.00038969674663950953,-0.01826348682458331,0.01904288031786233,-0.028137885739731083,0.0289172792330101
2025-06-16,0.0164924965603573,0.0007445285366491969,-0.01790865503457362,0.019397712107872018,-0.027783053949721394,0.02927211102301979
2025-06-17,0.0043195228670545,-0.0001536567180949586,-0.018806840289317776,0.018499526853127862,-0.02868123920446555,0.028373925768275635
2025-06-18,0.0005652482444519,0.00020907375867426433,-0.018444109812548556,0.018862257329897082,-0.02831850872769633,0.028736656245044855
2025-06-20,-0.0079408193438101,0.00032094369761354356,-0.018332239873609275,0.018974127268836363,-0.02820663878875705,0.028848526183984136
2025-06-23,0.0288013514973758,0.0005744076440130177,-0.0180787759272098,0.01922759121523584,-0.027953174842357573,0.02910199013038361
2025-06-24,0.0158158671939261,-0.0005204361864712289,-0.01917361975769405,0.01813274738475159,-0.029048018672841822,0.028007146299899362
2025-06-25,-0.0093357244893065,-0.00013349450474714898,-0.018786678075969968,0.01851968906647567,-0.02866107699111774,0.028394087981623444
2025-06-26,0.0029845326144233,0.0006159730512193212,-0.018037210520003497,0.019269156622442142,-0.02791160943515127,0.029143555537589915
2025-06-27,-0.0076680697077931,0.00024885382088581716,-0.018404329750337,0.018902037392108637,-0.028278728665484774,0.02877643630725641
2025-06-30,0.0173834458292924,0.0005662802457286109,-0.01808690332549421,0.01921946381695143,-0.027961302240641982,0.029093862732099202
2025-07-01,-0.0122190275423007,-0.00018020523953601137,-0.01883338881075883,0.018472978331686808,-0.028707787725906604,0.02834737724683458
2025-07-02,-0.0122658366742944,0.0007018897645412389,-0.01795129380668158,0.01935507333576406,-0.027825692721829352,0.029229472250911832
2025-07-03,0.0149065576378834,0.000703284583851049,-0.01794989898737177,0.01935646815507387,-0.027824297902519543,0.02923086707022164
2025-07-07,0.0017110423045875,-0.00010639888315916793,-0.018759582454381987,0.01854678468806365,-0.02863398136952976,0.028421183603211424
2025-07-08,-0.0070338164445295,0.0002868013067578902,-0.01836638226446493,0.01893998487798071,-0.028240781179612703,0.028814383793128482
2025-07-09,-0.000964578573143,0.0005607229081575127,-0.018084828513833057,0.019206274330148085,-0.027955187213228302,0.02907663302954333
2025-07-10,-0.0093843255345265,0.0003804201870046056,-0.018265131234985965,0.019025971608995176,-0.02813548993438121,0.028896330308390422
2025-07-11,-0.0134498104663671,0.0006305509811383276,-0.018015000440852243,0.019276102403128898,-0.02788535914024749,0.029146461102524144
2025-07-14,0.0007049739283515,0.0007513269354756627,-0.01789422448651491,0.019396878357466233,-0.027764583185910154,0.02926723705686148
2025-07-15,-0.0038481870360908,0.00033082172579643865,-0.018314729696194132,0.01897637314778701,-0.028185088395589378,0.028846731847182255
2025-07-16,-0.0027629165408077,0.00046608538313412646,-0.018179466038856444,0.019111636805124697,-0.02804982473825169,0.028981995504519943
2025-07-17,0.0002837417589989,0.0004338445602115271,-0.018211706861779045,0.019079395982202096,-0.02808206556117429,0.028949754681597342
2025-07-18,0.0136300183759826,0.00034333553856516865,-0.018302215883425402,0.01898888696055574,-0.028172574582820648,0.028859245659950985
2025-07-21,-0.0040660750928583,-5.315081479501804e-05,-0.01869870223678559,0.018592400607195553,-0.028569060936180835,0.0284627593065908
2025-07-22,-0.0097058591944389,0.0004725583226323644,-0.018172993099358208,0.019118109744622934,-0.028043351798753453,0.02898846844401818
2025-07-23,0.0001773917424719,0.0006401029866871256,-0.018005448435303446,0.019285654408677695,-0.027875807134698692,0.02915601310807294
2025-07-24,-0.0793013222422627,0.0003464949463492788,-0.01829905647564129,0.01899204636833985,-0.028169415175036537,0.028862405067735096
2025-07-25,-0.003037191281526,0.002707619804009135,-0.015937931617981436,0.021353171225999706,-0.02580829031737668,0.03122352992539495
2025-07-28,0.0133480658054582,0.0004419926149002652,-0.018203558807090306,0.019087544036890836,-0.02807391750648555,0.02895790273628608
2025-07-29,-0.0030439358103105,-4.4774669918364463e-05,-0.018690326091908935,0.018600776752072206,-0.02856068479130418,0.028471135451467452
2025-07-30,-0.0082270567244387,0.0004421929789193577,-0.018203358443071214,0.019087744400909927,-0.02807371714246646,0.028958103100305173
2025-07-31,-0.0276990339434583,0.0005961712583484298,-0.018049380163642142,0.019241722680339,-0.027919738863037388,0.029112081379734246
2025-08-01,-0.0123211804578229,0.001174637707219811,-0.01747091371477076,0.01982018912921038,-0.027341272414166007,0.029690547828605626
2025-08-04,0.0076887099089613,0.0007177980038325765,-0.017927753418157995,0.019363349425823146,-0.02779811211755324,0.029233708125218392
2025-08-05,-0.0052123733318552,0.0001233514259332773,-0.018522199996057292,0.01876890284792385,-0.028392558695452538,0.028639261547319095
2025-08-06,0.0064022620563577,0.00047079504280935245,-0.018209122652459452,0.019150712738078158,-0.028097673758007813,0.02903926384362652
2025-08-07,-0.0084389020437303,0.00013703589443703044,-0.018542881800831773,0.018816953589705837,-0.028431432906380134,0.028705504695254198
2025-08-08,-0.0253094676245059,0.000563512845743326,-0.01811640484952548,0.01924343054101213,-0.02800495595507384,0.02913198164656049
2025-08-11,-0.0249506450265846,0.0010483068502553736,-0.017631610845013433,0.019728224545524177,-0.02752016195056179,0.02961677565107254
2025-08-12,-0.0064958773493361,0.0010379956936244477,-0.017641922001644356,0.019717913388893255,-0.02753047310719272,0.02960646449444161
2025-08-13,0.0223243093578009,0.0005076779232002101,-0.018172239772068596,0.019187595618469014,-0.028060790877616957,0.029076146724017374
2025-08-14,-0.0124064988862063,-0.0003205014082893683,-0.019000419103558173,0.018359416286979437,-0.028888970209106534,0.028247967392527797
2025-08-15,0.0109474305553101,0.0006775260453805172,-0.01800239164988829,0.01935744374064932,-0.02789094275543665,0.029245994846197682
2025-08-18,-0.0011269534250324,6.425546654733694e-06,-0.018673492148614072,0.018686343241923538,-0.028562043254162433,0.0285748943474719
2025-08-19,0.0076135175897565,0.0003533960695942051,-0.0183265216256746,0.01903331376486301,-0.02821507273122296,0.02892186487041137
2025-08-20,0.0052497215187991,0.00010222915261724706,-0.018577688542651558,0.018782146847886053,-0.028466239648199918,0.028670697953434413
2025-08-21,-0.01307211421312,0.00017015539715258874,-0.018509762298116215,0.018850073092421395,-0.028398313403664575,0.028738624197969756
2025-08-22,0.0111738155175504,0.0006966532239125041,-0.0179832644713563,0.01937657091918131,-0.02787181557690466,0.02926512202472967
2025-08-25,-0.0110484594408728,-7.987083588359856e-08,-0.018679997566104688,0.018679837824432922,-0.02856854867165305,0.028568388929981283
2025-08-26,0.0132766235186117,0.0006385013086082791,-0.018041416386660528,0.019318419003877083,-0.027929967492208888,0.029206970109425443
2025-08-27,0.0090671736989911,-6.050634004188012e-05,-0.018740424035310684,0.018619411355226927,-0.028628975140859044,0.028507962460775287
2025-08-28,0.003628476776048,6.045676727515196e-05,-0.01861946092799365,0.01874037446254396,-0.028508012033542012,0.02862892556809232
2025-08-29,-0.0091574350300827,0.00021674362369242928,-0.018463174071576376,0.018896661318961235,-0.028351725177124736,0.028785212424509595
2025-09-02,-0.0082064506170283,0.0005841606706286234,-0.018095757024640183,0.019264078365897427,-0.027984308130188543,0.029152629471445788
2025-09-03,0.0107085313977559,0.0005568331018150124,-0.018123084593453794,0.019236750797083816,-0.028011635699002155,0.029125301902632177
2025-09-04,0.0125388384251,9.214774475223059e-06,-0.018662288244429327,0.018680717793379775,-0.028546384889384123,0.02856481443833457
2025-09-05,0.0054467063763944,-4.319371005807621e-05,-0.018714696728962626,0.018628309308846475,-0.028598793373917422,0.02851240595380127
2025-09-08,0.0299653829925384,0.0001598803574234043,-0.018511622661481146,0.018831383376327955,-0.028395719306435942,0.02871548002128275
2025-09-09,0.0117237028853958,-0.0005421803706494987,-0.01921368338955405,0.01812932264825505,-0.029097780034508844,0.02801341929320985
2025-09-10,-0.0086435768073384,-1.9853353666001447e-05,-0.018691356372570554,0.018651649665238548,-0.02857545301752535,0.028535746310193344
2025-09-11,0.0005059491469005,0.000563337469958239,-0.01810816554894631,0.01923484048886279,-0.027992262193901107,0.029118937133817586
2025-09-12,-0.0139879162786932,0.00030135257764454045,-0.01837015044126001,0.01897285559654909,-0.028254247086214806,0.028856952241503888
2025-09-15,0.0109873968649255,0.0007163657479142204,-0.01795513727099033,0.01938786876681877,-0.027839233915945127,0.029271965411773567
2025-09-16,0.0049828732152795,1.229820964862387e-06,-0.018670273197939687,0.018672732839869415,-0.028554369842894483,0.02855682948482421
2025-09-17,0.0060394989704415,0.0001731616226358289,-0.01849834139626872,0.01884466464154038,-0.028382438041223517,0.028728761286495177
2025-09-18,0.0225930322510827,0.00014290650493175284,-0.018528596513972796,0.018814409523836305,-0.028412693158927593,0.0286985061687911
2025-09-19,0.0052689964864677,-0.00033108260178593647,-0.019002585620690488,0.018340420417118614,-0.028886682265645284,0.02822451706207341
2025-09-22,0.0184842940132203,0.00016496885125449244,-0.01850653416765006,0.018836471870159043,-0.028390630812604855,0.02872056851511384
2025-09-23,0.0032008147723268,-0.00021343417385914792,-0.0188849371927637,0.018458068845045403,-0.028769033837718495,0.0283421654900002
2025-09-24,-0.0174523417814014,0.0002241885710929107,-0.01844731444781164,0.01889569158999746,-0.028331411092766438,0.028779788234952256
2025-09-25,0.0506876093014815,0.0008155651104599206,-0.01785593790844463,0.01948706812936447,-0.027740034553399427,0.029371164774319267
2025-09-26,0.0101458841825212,-0.0011355346335043277,-0.019807037652408876,0.017535968385400225,-0.029691134297363676,0.027420065030355018
2025-09-29,-0.0159901187887638,2.5325452867864173e-05,-0.018646177566036686,0.018696828471772415,-0.028530274210991483,0.02858092511672721
2025-09-30,0.0083992864590731,0.0007736962382166217,-0.01789780678068793,0.01944519925712117,-0.027781903425642726,0.029329295902075968
2025-10-01,0.0152292951185649,7.533702929067408e-05,-0.018596165989613875,0.018746840048195226,-0.02848026263456867,0.028630936693150023
2025-10-02,0.0008025174906645,-8.443588972490974e-05,-0.018770778632305335,0.018601906852855517,-0.028662730952448586,0.028493859172998768
2025-10-03,0.005738259488364,0.0003232084065460212,-0.018363134336034405,0.019009551149126447,-0.028255086656177656,0.028901503469269698
2025-10-06,0.0036345691169864,0.00018374364697726144,-0.018502599095603166,0.018870086389557686,-0.028394551415746417,0.028762038709700937
2025-10-07,0.0152585830440196,0.00024318570695285144,-0.018443157035627575,0.018929528449533276,-0.028335109355770827,0.028821480769676527
2025-10-08,-0.0151204003803927,-8.526345191995781e-05,-0.018771606194500384,0.018601079290660467,-0.028663558514643635,0.02849303161080372
2025-10-09,-0.0042583035218576,0.0007731277729867994,-0.017913214969593628,0.019459470515567224,-0.02780516728973688,0.029351422835710475
2025-10-10,-0.0367854393677238,0.00046620740974774675,-0.01822013533283268,0.01915255015232817,-0.02811208765297593,0.029044502472471423
2025-10-13,-0.0021619913323544,0.0013852970182237328,-0.017301045724356694,0.020071639760804158,-0.027192998044499945,0.02996359208094741
2025-10-14,-0.0038672384248462,0.00040697382832748796,-0.018279368914252938,0.019093316570907914,-0.02817132123439619,0.028985268891051165
2025-10-15,0.0165204605420851,0.00045515744000543663,-0.01823118530257499,0.019141500182585862,-0.02812313762271824,0.029033452502729113
2025-10-16,-0.0171724208617797,-0.0001209191733808768,-0.018807261915961302,0.01856542356919955,-0.028699214236104553,0.0284573758893428
2025-10-17,0.019058453428704,0.0008311098440108109,-0.017855232898569613,0.01951745258659124,-0.027747185218712868,0.029409404906734486
2025-10-20,0.0083904183691326,-0.00019263292338736118,-0.018878975665967787,0.018493709819193065,-0.02877092798611104,0.028385662139336316
2025-10-21,-0.0056567548703616,0.0001088040126088236,-0.0185775387299716,0.01879514675518925,-0.028469491050114853,0.0286870990753325
2025-10-22,0.0191733363921879,0.0005057221739267945,-0.018180620568653633,0.01919206491650722,-0.028072572888796884,0.02908401723665047
2025-10-23,-0.0087684656710081,-0.00019587906649781874,-0.018882221809078243,0.01849046367608261,-0.028774174129221494,0.02838241599622586
2025-10-24,0.0758557945772059,0.0005936469477220918,-0.018092695794858334,0.019279989690302517,-0.027984648115001585,0.02917194201044577
2025-10-27,0.0181456812281347,-0.0017975035854099395,-0.020483846327990364,0.016888839157170488,-0.030375798648133615,0.02678079147731374
2025-10-28,-0.0016621604538557,-0.0001668415518868292,-0.018853184294467255,0.018519501190693597,-0.028745136614610506,0.028411453510836848
2025-10-29,-0.0140471172339509,0.00039285056310670583,-0.01829349217947372,0.019079193305687133,-0.02818544449961697,0.028971145625830384
2025-10-30,0.0059844972676166,0.0007525611064561366,-0.017978503284226063,0.01948362549713834,-0.02789412981482318,0.029399252027735457
2025-10-31,-0.008583518887097,0.00019100913407612993,-0.01854005525660607,0.01892207352475833,-0.028455681787203188,0.02883770005535545
2025-11-03,-0.0087562661434571,0.0005993984930418323,-0.01813166589764037,0.01933046288372403,-0.02804729242823749,0.02924608941432115
2025-11-04,-0.0128143520517734,0.0006042411662334844,-0.018126823224448717,0.019335305556915684,-0.028042449755045835,0.029250932087512803
2025-11-05,0.0194865666201589,0.000718002647901585,-0.018013061742780615,0.019449067038583786,-0.027928688273377734,0.029364693569180905
2025-11-06,0.0182501369092668,-0.00018749823364195672,-0.018918562624324158,0.018543566157040243,-0.028834189154921277,0.02845919268763736
2025-11-07,-0.0195222168426324,-0.00015283704630698837,-0.01888390143698919,0.01857822734437521,-0.028799527967586308,0.02849385387497233
2025-11-10,0.0144341845228595,0.0009060461380291787,-0.01782501825265302,0.01963711052871138,-0.02774064478325014,0.029552737059308498
2025-11-11,0.0147389235206884,-4.58633628364158e-05,-0.018776927753518618,0.018685201027845783,-0.028692554284115736,0.028600827558442902
2025-11-12,0.004008314108159,-5.4406198226869876e-05,-0.01878547058890907,0.01867665819245533,-0.028701097119506188,0.02859228472305245
2025-11-13,-0.0326565698500307,0.0002464080411832296,-0.01848465634949897,0.01897747243186543,-0.02840028288009609,0.02889309896246255
2025-11-14,0.0027189368304512,0.0012742452083868193,-0.017456819182295382,0.02000530959906902,-0.0273724457128925,0.029920936129666138
2025-11-17,-0.0282671890848864,0.0002825535227859292,-0.01844851086789627,0.01901361791346813,-0.02836413739849339,0.02892924444406525
2025-11-18,-0.024595795311993,0.0011511964433459003,-0.0175798679473363,0.019882260834028102,-0.027495494477933417,0.02979788736462522
2025-11-19,-0.0049095581094642,0.0010482752127885415,-0.01768278917789366,0.019779339603470742,-0.027598415708490778,0.02969496613406786
2025-11-20,0.0064602404489916,0.0004964053009072174,-0.018234659089774983,0.019227469691589418,-0.0281502856203721,0.029143096222186537
2025-11-21,0.0239532504030172,0.00017767248955221675,-0.018553391901129982,0.01890873688023442,-0.0284690184317271,0.028824363410831538
2025-11-24,0.0222098053214402,-0.00031271405626402183,-0.019043778446946224,0.018418350334418177,-0.028959404977543343,0.028333976865015296
2025-11-25,0.001183083200008,-0.00026383956218771205,-0.018994903952869912,0.01846722482849449,-0.02891053048346703,0.028382851359091608
2025-11-26,-0.0041798260198565,0.0003256085464034655,-0.018405455844278735,0.019056672937085666,-0.028321082374875853,0.028972299467682785
2025-11-28,0.0175555364475858,0.00046783213316943636,-0.018274100387621266,0.019209764653960137,-0.028195480158770776,0.029131144425109647
2025-12-01,-0.0094750108708624,-0.00011918897048797253,-0.018861121491278676,0.018622743550302728,-0.028782501262428185,0.028544123321452237
2025-12-02,-0.0128078253336959,0.0006108426424242771,-0.018131089878366424,0.01935277516321498,-0.028052469649515934,0.02927415493436449
2025-12-03,0.0027796103359924,0.000700854135316952,-0.01804107838547375,0.019442786656107654,-0.02796245815662326,0.029364166427257164
2025-12-04,0.017589363595533,0.00027987409858117496,-0.018462058422209528,0.019021806619371875,-0.028383438193359038,0.028943186390521385
2025-12-05,-0.0001622453322397,-0.00012010256232483727,-0.018862035083115538,0.018621829958465865,-0.028783414854265048,0.028543209729615375
2025-12-08,0.0040185765160503,0.0003593267124381192,-0.018382605808352583,0.01910125923322882,-0.028303985579502092,0.02902263900437833
2025-12-09,0.0041959642750824,0.000246412531261963,-0.01849551998952874,0.018988345052052664,-0.02841689976067825,0.028909724823202174
2025-12-10,0.0070288251341369,0.0002416217044129369,-0.018500310816377763,0.01898355422520364,-0.028421690587527273,0.02890493399635315
2025-12-11,-0.0061918001452149,0.00016511278442225342,-0.018576819736368447,0.018907045305212956,-0.028498199507517957,0.028828425076362466
2025-12-12,-0.004838939812151,0.0005221708299989546,-0.018219761690791748,0.019264103350789655,-0.028141141461941258,0.029185483121939165
2025-12-15,-0.0018772579951028,0.00048563324904077733,-0.018256299271749925,0.01922756576983148,-0.028177679042899435,0.029148945540980988
2025-12-16,-0.0179136957721956,0.00040564517745789294,-0.01833628734333281,0.019147577698248593,-0.02825766711448232,0.029068957469398103
2025-12-17,0.0004617146353662,0.0008387517068172873,-0.017903180813973414,0.01958068422760799,-0.027824560585122924,0.0295020639987575
2025-12-18,-0.0095070020795044,0.00034247501882727146,-0.01839945750196343,0.019084407539617973,-0.02832083727311294,0.029005787310767483
2025-12-19,0.001762509033933,0.0006117066498514589,-0.018130225870939244,0.01935363917064216,-0.028051605642088754,0.02927501894179167
2025-12-22,0.0059955929284983,0.0003073436165043585,-0.018434588904286342,0.01904927613729506,-0.028355968675435852,0.02897065590844457
2025-12-23,0.003264318941358,0.00019301796017429703,-0.018548914560616404,0.018934950480965,-0.028470294331765914,0.02885633025211451
2025-12-24,0.0025643425136515,0.00026678325728970054,-0.018475149263501002,0.0190087157780804,-0.028396529034650512,0.02893009554922991
2025-12-26,0.0017386442535122,0.0002856879769943723,-0.01845624454379633,0.019027620497785072,-0.028377624314945837,0.028949000268934585
2025-12-29,0.0021282073074318,0.0003078675855867673,-0.01841109172624021,0.019026826897413744,-0.028320310215171986,0.02893604538634552
2025-12-30,-0.0121424574277855,0.00029735381356400646,-0.01842160549826297,0.019016313125390986,-0.028330823987194744,0.02892553161432276
2025-12-31,-0.019523880363497,0.0006824994636191401,-0.01803645984820784,0.019401458775446117,-0.027945678337139613,0.02931067726437789
2026-01-02,-0.0160286234205391,0.0008817139352401209,-0.017837245376586857,0.0196006732470671,-0.02774646386551863,0.029509891735998873
2026-01-05,0.0118336141006316,0.0007873817487314494,-0.01793157756309553,0.019506341060558426,-0.027840796052027304,0.0294155595494902
2026-01-06,0.0251084690584621,3.5418208056311876e-05,-0.018683541103770667,0.01875437751988329,-0.02859275959270244,0.028663596008815063
2026-01-07,-0.0191594628079428,-0.0003228519031813193,-0.019041811215008298,0.018396107408645657,-0.028951029703940073,0.028305325897577432
2026-01-08,0.0199855930748581,0.0008718788056978329,-0.017847080506129143,0.019590838117524812,-0.027756298995060918,0.029500056606456587
2026-01-09,0.0049429039333237,-0.0001845925132043496,-0.018903551825031326,0.01853436679862263,-0.0288127703139631,0.028443585287554404
2026-01-12,0.0258287639503406,0.000221389015721629,-0.01849757029610535,0.018940348327548606,-0.028406788785037124,0.02884956681648038
2026-01-13,-0.0293191519581743,-0.0003422916734731208,-0.0190612509853001,0.018376667638353855,-0.028970469474231875,0.02828588612728563
2026-01-14,0.0191775698643911,0.0011460748683709018,-0.017572884443456074,0.01986503418019788,-0.02748210293238785,0.029774252669129656
2026-01-15,-0.036512556485025,-0.00016278507602961526,-0.018881744387856593,0.018556174235797362,-0.028790962876788367,0.028465392724729137
2026-01-16,0.0255803154805145,0.0013402149812534055,-0.017378744330573574,0.020059174293080382,-0.027287962819505348,0.029968392782012156
2026-01-20,-0.0479807351239689,-0.0003355863903491866,-0.019054545702176164,0.018383372921477792,-0.028963764191107938,0.028292591410409566
2026-01-21,0.0210233729323644,0.001649725378897625,-0.01706923393292935,0.020368684690724604,-0.026978452421861126,0.03027790317965638
2026-01-22,-0.0096925823041424,-0.0002126007668666344,-0.01893156007869361,0.018506358544960345,-0.028840778567625385,0.02841557703389212
2026-01-23,-0.0075966334904531,0.0006163806972857893,-0.01810257861454119,0.019335340009112766,-0.028011797103472964,0.02924455849804454
2026-01-26,0.0132140892611766,0.000559813916178633,-0.018159145395648345,0.01927877322800561,-0.02806836388458012,0.029187991716937384
2026-01-27,-0.008370223638485,-1.8389213737540853e-06,-0.018720798233200733,0.018717120390453222,-0.028630016722132508,0.028626338879384997
2026-01-28,0.0010205124283528,0.0006121868284878391,-0.018146416898876316,0.019370790555851992,-0.02807662187369546,0.029300995530671135
2026-01-29,0.0499937291686492,0.00031554856773724065,-0.018443055159626912,0.019074152295101395,-0.028373260134446056,0.02900435726992054
2026-01-30,-0.0082475166911619,-0.0012314366455417327,-0.019990040372905887,0.01752716708182242,-0.02992024534772503,0.027457372056641564
2026-02-02,0.0258450246594577,0.0006083107132209561,-0.0181502930141432,0.01936691444058511,-0.028080497988962342,0.029297119415404253
2026-02-03,-0.0670814754825022,-0.0004686178788336094,-0.019227221606197765,0.018289985848530543,-0.02915742658101691,0.028220190823349686
2026-02-04,-0.018033998306484,0.00246678092095755,-0.016291822806406606,0.021225384648321702,-0.026222027781225746,0.03115558962314085
2026-02-05,0.0029019551453345,0.0009174499398560856,-0.017841153787508068,0.01967605366722024,-0.02777135876232721,0.029606258642039383
2026-02-06,0.0307077477317788,0.00025611681592406597,-0.01850248691144009,0.01901472054328822,-0.028432691886259232,0.028944925518107362
2026-02-09,-0.0087018874492361,-0.0006222234859360215,-0.019380827213300176,0.01813638024142813,-0.02931103218811932,0.028066585216247275
2026-02-10,-0.009890581735606,0.0006226635552614255,-0.018135940172102728,0.01938126728262558,-0.02806614514692187,0.029311472257444723
2026-02-11,-0.0671560067320094,0.0006602124974490509,-0.018098391229915103,0.019418816224813205,-0.028028596204734246,0.02934902119963235
2026-02-12,-0.0499418446460614,0.002469135243352305,-0.01628946848401185,0.021227738970716458,-0.026219673458830993,0.0311579439455356
2026-02-13,0.0109601246687966,0.0019253675274767575,-0.016833236199887396,0.02068397125484091,-0.02676344117470654,0.030614176229660055
2026-02-17,-0.0156334486887781,1.5721907466492474e-06,-0.018757031536617504,0.018760175918110803,-0.028687236511436648,0.028690380892929947
2026-02-18,0.0095551139508058,0.0008416204352918518,-0.0179169832920723,0.019600224162656006,-0.027847188266891445,0.02953042913747515
2026-02-19,-0.0174449265169505,4.5954221372826334e-05,-0.018712649505991327,0.01880455794873698,-0.02864285448081047,0.028734762923556124
2026-02-20,0.0034278815064139,0.0008988421087062425,-0.01785976161865791,0.019657445836070396,-0.027789966593477055,0.02958765081088954
2026-02-23,-0.1409583983888106,0.00023950364737975838,-0.018519100079984394,0.018998107374743913,-0.028449305054803538,0.028928312349563057
2026-02-24,0.0263783648537764,0.0048004341899406345,-0.013958169537423518,0.02355903791730479,-0.023888374512242662,0.03348924289212393
2026-02-25,0.035217562102901,-0.00048546523845537337,-0.019244068965819528,0.01827313848890878,-0.02917427394063867,0.028203343463727923
2026-02-26,0.0186430228369654,-0.0008136581499404221,-0.01985301985791358,0.018225703558032734,-0.029931849129950363,0.028304532830069517
2026-02-27,-0.007465456216263,-0.0002864394851971153,-0.01932580119317027,0.018752922222776042,-0.029404630465207054,0.028831751494812825
2026-03-02,-0.0035031171129414,0.0005440437785646467,-0.01849531792940851,0.019583405486537805,-0.028574147201445292,0.029662234758574588
2026-03-03,0.0243899585570294,0.00041800593836918443,-0.018621355769603973,0.01945736764634234,-0.028700185041640756,0.029536196918379123
2026-03-04,0.0193004691568416,-0.0004692434671409673,-0.019508605175114123,0.01857011824083219,-0.029587434447150906,0.028648947512868974
2026-03-05,0.0256226505029108,-0.00030735216128084246,-0.019346713869254,0.018732009546692314,-0.029425543141290783,0.028810838818729097
2026-03-06,0.0089252371207807,-0.0005084541016762577,-0.019547815809649413,0.0185309076062969,-0.029626645081686196,0.028609736878333684
2026-03-09,-0.0215557730683565,2.2673059492329646e-05,-0.01901668864848083,0.019062034767465486,-0.02909551792051761,0.02914086403950227
2026-03-10,-0.0124324080233696,0.0009922419406600753,-0.01804711976731308,0.020031603648633232,-0.028125949039349864,0.030110432920670015
2026-03-11,-0.0053299336797548,0.0007020372924458471,-0.01833732441552731,0.019741399000419005,-0.028416153687564092,0.029820228272455788
2026-03-12,-0.0047930913257171,0.0004761150523320543,-0.018563246655641102,0.01951547676030521,-0.028642075927677885,0.029594306032341994
2026-03-13,-0.005668465743622,0.0004590386615780074,-0.01858032304639515,0.019498400369551163,-0.028659152318431934,0.029577229641587946
2026-03-16,0.0119873137555044,0.00048688340129314294,-0.018552478306680015,0.0195262451092663,-0.0286313075787168,0.02960507438130308
