date,actual,predicted,lower_80,upper_80,lower_95,upper_95
2022-01-03,-0.0155033009737006,0.0003079812357892451,-0.014242232009286569,0.014858194480865058,-0.021944649633267883,0.022560612104846372
2022-01-04,0.0073395148031692,0.0003079812357892451,-0.014242232009286569,0.014858194480865058,-0.021944649633267883,0.022560612104846372
2022-01-05,-0.0030121970522097,0.0003079812357892451,-0.014242232009286569,0.014858194480865058,-0.021944649633267883,0.022560612104846372
2022-01-06,-0.0123197037802094,0.0003079812357892451,-0.014242232009286569,0.014858194480865058,-0.021944649633267883,0.022560612104846372
2022-01-07,0.0045408125722829,0.0003079812357892451,-0.014242232009286569,0.014858194480865058,-0.021944649633267883,0.022560612104846372
2022-01-10,0.0030355936239956,0.0003079812357892451,-0.014242232009286569,0.014858194480865058,-0.021944649633267883,0.022560612104846372
2022-01-11,0.0119924571366455,0.0003079812357892451,-0.014242232009286569,0.014858194480865058,-0.021944649633267883,0.022560612104846372
2022-01-12,0.0026391371424113,0.0003079812357892451,-0.014242232009286569,0.014858194480865058,-0.021944649633267883,0.022560612104846372
2022-01-13,-0.003402771341298,0.0003079812357892451,-0.014242232009286569,0.014858194480865058,-0.021944649633267883,0.022560612104846372
2022-01-14,-0.0028838291505565,0.0003079812357892451,-0.014242232009286569,0.014858194480865058,-0.021944649633267883,0.022560612104846372
2022-01-18,-0.0016516182679313,0.0003079812357892451,-0.014242232009286569,0.014858194480865058,-0.021944649633267883,0.022560612104846372
2022-01-19,0.0157557506051342,0.0003079812357892451,-0.014242232009286569,0.014858194480865058,-0.021944649633267883,0.022560612104846372
2022-01-20,-0.0025020112544038,0.0003079812357892451,-0.014242232009286569,0.014858194480865058,-0.021944649633267883,0.022560612104846372
2022-01-21,-0.0032677719138099,0.0003079812357892451,-0.014242232009286569,0.014858194480865058,-0.021944649633267883,0.022560612104846372
2022-01-24,0.005479160681096,0.0003079812357892451,-0.014242232009286569,0.014858194480865058,-0.021944649633267883,0.022560612104846372
2022-01-25,0.0031920345769763,0.0003079812357892451,-0.014242232009286569,0.014858194480865058,-0.021944649633267883,0.022560612104846372
2022-01-26,-0.0162985679043135,0.0003079812357892451,-0.014242232009286569,0.014858194480865058,-0.021944649633267883,0.022560612104846372
2022-01-27,-0.0129821153205973,0.0003079812357892451,-0.014242232009286569,0.014858194480865058,-0.021944649633267883,0.022560612104846372
2022-01-28,-0.0029877523376664,0.0003079812357892451,-0.014242232009286569,0.014858194480865058,-0.021944649633267883,0.022560612104846372
2022-01-31,0.0059070563312306,0.0003079812357892451,-0.014242232009286569,0.014858194480865058,-0.021944649633267883,0.022560612104846372
2022-02-01,0.0008325368758188,0.00030262539207561806,-0.0142333141711825,0.014838564955333736,-0.021928175764434923,0.02253342654858616
2022-02-02,0.0036194338899541,0.00030262539207561806,-0.0142333141711825,0.014838564955333736,-0.021928175764434923,0.02253342654858616
2022-02-03,-0.0014224174555621,0.00030262539207561806,-0.0142333141711825,0.014838564955333736,-0.021928175764434923,0.02253342654858616
2022-02-04,0.001540891086981,0.00030262539207561806,-0.0142333141711825,0.014838564955333736,-0.021928175764434923,0.02253342654858616
2022-02-07,0.0073753173535773,0.00030262539207561806,-0.0142333141711825,0.014838564955333736,-0.021928175764434923,0.02253342654858616
2022-02-08,0.0030522079460774,0.00030262539207561806,-0.0142333141711825,0.014838564955333736,-0.021928175764434923,0.02253342654858616
2022-02-09,0.0033934142753984,0.00030262539207561806,-0.0142333141711825,0.014838564955333736,-0.021928175764434923,0.02253342654858616
2022-02-10,-0.0038037857675304,0.00030262539207561806,-0.0142333141711825,0.014838564955333736,-0.021928175764434923,0.02253342654858616
2022-02-11,0.0188756078655614,0.00030262539207561806,-0.0142333141711825,0.014838564955333736,-0.021928175764434923,0.02253342654858616
2022-02-14,0.0053364517771822,0.00030262539207561806,-0.0142333141711825,0.014838564955333736,-0.021928175764434923,0.02253342654858616
2022-02-15,-0.0095452603702391,0.00030262539207561806,-0.0142333141711825,0.014838564955333736,-0.021928175764434923,0.02253342654858616
2022-02-16,0.0102317313073376,0.00030262539207561806,-0.0142333141711825,0.014838564955333736,-0.021928175764434923,0.02253342654858616
2022-02-17,0.0135755081689762,0.00030262539207561806,-0.0142333141711825,0.014838564955333736,-0.021928175764434923,0.02253342654858616
2022-02-18,-0.0007337240197317,0.00030262539207561806,-0.0142333141711825,0.014838564955333736,-0.021928175764434923,0.02253342654858616
2022-02-22,0.0020868588568963,0.00030262539207561806,-0.0142333141711825,0.014838564955333736,-0.021928175764434923,0.02253342654858616
2022-02-23,0.0044971001402729,0.00030262539207561806,-0.0142333141711825,0.014838564955333736,-0.021928175764434923,0.02253342654858616
2022-02-24,-0.0064710234538261,0.00030262539207561806,-0.0142333141711825,0.014838564955333736,-0.021928175764434923,0.02253342654858616
2022-02-25,-0.0033362372759372,0.00030262539207561806,-0.0142333141711825,0.014838564955333736,-0.021928175764434923,0.02253342654858616
2022-02-28,0.0103119939512437,0.00030262539207561806,-0.0142333141711825,0.014838564955333736,-0.021928175764434923,0.02253342654858616
2022-03-01,0.0180004317657538,0.00030262539207561806,-0.0142333141711825,0.014838564955333736,-0.021928175764434923,0.02253342654858616
2022-03-02,-0.0104608643845172,0.00031901422178328255,-0.01418887849972786,0.014826906943294424,-0.02186889299180518,0.022506921435371745
2022-03-03,0.0059357638448758,0.00031901422178328255,-0.01418887849972786,0.014826906943294424,-0.02186889299180518,0.022506921435371745
2022-03-04,0.015803608419049,0.00031901422178328255,-0.01418887849972786,0.014826906943294424,-0.02186889299180518,0.022506921435371745
2022-03-07,0.0147534952702928,0.00031901422178328255,-0.01418887849972786,0.014826906943294424,-0.02186889299180518,0.022506921435371745
2022-03-08,0.0269914293684263,0.00031901422178328255,-0.01418887849972786,0.014826906943294424,-0.02186889299180518,0.022506921435371745
2022-03-09,-0.0301614952662056,0.00031901422178328255,-0.01418887849972786,0.014826906943294424,-0.02186889299180518,0.022506921435371745
2022-03-10,0.0031163668784777,0.00031901422178328255,-0.01418887849972786,0.014826906943294424,-0.02186889299180518,0.022506921435371745
2022-03-11,-0.007052696024243,0.00031901422178328255,-0.01418887849972786,0.014826906943294424,-0.02186889299180518,0.022506921435371745
2022-03-14,-0.0151884750581415,0.00031901422178328255,-0.01418887849972786,0.014826906943294424,-0.02186889299180518,0.022506921435371745
2022-03-15,-0.018882610033681,0.00031901422178328255,-0.01418887849972786,0.014826906943294424,-0.02186889299180518,0.022506921435371745
2022-03-16,0.0062412859954877,0.00031901422178328255,-0.01418887849972786,0.014826906943294424,-0.02186889299180518,0.022506921435371745
2022-03-17,0.004876733952655,0.00031901422178328255,-0.01418887849972786,0.014826906943294424,-0.02186889299180518,0.022506921435371745
2022-03-18,-0.0088287107078973,0.00031901422178328255,-0.01418887849972786,0.014826906943294424,-0.02186889299180518,0.022506921435371745
2022-03-21,0.0076117550195462,0.00031901422178328255,-0.01418887849972786,0.014826906943294424,-0.02186889299180518,0.022506921435371745
2022-03-22,-0.0072771899242425,0.00031901422178328255,-0.01418887849972786,0.014826906943294424,-0.02186889299180518,0.022506921435371745
2022-03-23,0.0135672095760514,0.00031901422178328255,-0.01418887849972786,0.014826906943294424,-0.02186889299180518,0.022506921435371745
2022-03-24,0.0072341375131086,0.00031901422178328255,-0.01418887849972786,0.014826906943294424,-0.02186889299180518,0.022506921435371745
2022-03-25,-0.0041038605376913,0.00031901422178328255,-0.01418887849972786,0.014826906943294424,-0.02186889299180518,0.022506921435371745
2022-03-28,-0.018371517706821,0.00031901422178328255,-0.01418887849972786,0.014826906943294424,-0.02186889299180518,0.022506921435371745
2022-03-29,0.0004466880684897,0.00031901422178328255,-0.01418887849972786,0.014826906943294424,-0.02186889299180518,0.022506921435371745
2022-03-30,0.0080062833792575,0.0003143817879557729,-0.014220422698177958,0.014849186274089503,-0.02191468341789676,0.022543446993808305
2022-03-31,0.0003875207880489,0.0003143817879557729,-0.014220422698177958,0.014849186274089503,-0.02191468341789676,0.022543446993808305
2022-04-01,-0.0063862158789015,0.0003143817879557729,-0.014220422698177958,0.014849186274089503,-0.02191468341789676,0.022543446993808305
2022-04-04,0.0048350616826839,0.0003143817879557729,-0.014220422698177958,0.014849186274089503,-0.02191468341789676,0.022543446993808305
2022-04-05,-0.0062845490460992,0.0003143817879557729,-0.014220422698177958,0.014849186274089503,-0.02191468341789676,0.022543446993808305
2022-04-06,0.0023404756196963,0.0003143817879557729,-0.014220422698177958,0.014849186274089503,-0.02191468341789676,0.022543446993808305
2022-04-07,0.0037777415804509,0.0003143817879557729,-0.014220422698177958,0.014849186274089503,-0.02191468341789676,0.022543446993808305
2022-04-08,0.0062464197486159,0.0003143817879557729,-0.014220422698177958,0.014849186274089503,-0.02191468341789676,0.022543446993808305
2022-04-11,0.0049472061408498,0.0003143817879557729,-0.014220422698177958,0.014849186274089503,-0.02191468341789676,0.022543446993808305
2022-04-12,0.0076474353017589,0.0003143817879557729,-0.014220422698177958,0.014849186274089503,-0.02191468341789676,0.022543446993808305
2022-04-13,0.0047771092877693,0.0003143817879557729,-0.014220422698177958,0.014849186274089503,-0.02191468341789676,0.022543446993808305
2022-04-14,-0.0033090194372707,0.0003143817879557729,-0.014220422698177958,0.014849186274089503,-0.02191468341789676,0.022543446993808305
2022-04-18,0.0030924062818564,0.0003143817879557729,-0.014220422698177958,0.014849186274089503,-0.02191468341789676,0.022543446993808305
2022-04-19,-0.0152282681121338,0.0003143817879557729,-0.014220422698177958,0.014849186274089503,-0.02191468341789676,0.022543446993808305
2022-04-20,0.0048830061930919,0.0003143817879557729,-0.014220422698177958,0.014849186274089503,-0.02191468341789676,0.022543446993808305
2022-04-21,-0.0035639435023602,0.0003143817879557729,-0.014220422698177958,0.014849186274089503,-0.02191468341789676,0.022543446993808305
2022-04-22,-0.0097696613524008,0.0003143817879557729,-0.014220422698177958,0.014849186274089503,-0.02191468341789676,0.022543446993808305
2022-04-25,-0.0181344325202295,0.0003143817879557729,-0.014220422698177958,0.014849186274089503,-0.02191468341789676,0.022543446993808305
2022-04-26,0.00152385538733,0.0003143817879557729,-0.014220422698177958,0.014849186274089503,-0.02191468341789676,0.022543446993808305
2022-04-27,-0.0075857232426336,0.0003143817879557729,-0.014220422698177958,0.014849186274089503,-0.02191468341789676,0.022543446993808305
2022-04-28,0.005383804789463,0.0003088662984777664,-0.014207635217871672,0.014825367814827205,-0.021892206930655446,0.022509939527610975
2022-04-29,-0.0001129833478409,0.0003088662984777664,-0.014207635217871672,0.014825367814827205,-0.021892206930655446,0.022509939527610975
2022-05-02,-0.0187145229029449,0.0003088662984777664,-0.014207635217871672,0.014825367814827205,-0.021892206930655446,0.022509939527610975
2022-05-03,0.002645759356915,0.0003088662984777664,-0.014207635217871672,0.014825367814827205,-0.021892206930655446,0.022509939527610975
2022-05-04,0.0097746167754347,0.0003088662984777664,-0.014207635217871672,0.014825367814827205,-0.021892206930655446,0.022509939527610975
2022-05-05,-0.0038184194446891,0.0003088662984777664,-0.014207635217871672,0.014825367814827205,-0.021892206930655446,0.022509939527610975
2022-05-06,0.0016545049194706,0.0003088662984777664,-0.014207635217871672,0.014825367814827205,-0.021892206930655446,0.022509939527610975
2022-05-09,-0.0145853476425463,0.0003088662984777664,-0.014207635217871672,0.014825367814827205,-0.021892206930655446,0.022509939527610975
2022-05-10,-0.0084810656535207,0.0003088662984777664,-0.014207635217871672,0.014825367814827205,-0.021892206930655446,0.022509939527610975
2022-05-11,0.008133958004822,0.0003088662984777664,-0.014207635217871672,0.014825367814827205,-0.021892206930655446,0.022509939527610975
2022-05-12,-0.0154527061706768,0.0003088662984777664,-0.014207635217871672,0.014825367814827205,-0.021892206930655446,0.022509939527610975
2022-05-13,-0.0081426276988109,0.0003088662984777664,-0.014207635217871672,0.014825367814827205,-0.021892206930655446,0.022509939527610975
2022-05-16,0.0094932796520766,0.0003088662984777664,-0.014207635217871672,0.014825367814827205,-0.021892206930655446,0.022509939527610975
2022-05-17,-0.0062990940856839,0.0003088662984777664,-0.014207635217871672,0.014825367814827205,-0.021892206930655446,0.022509939527610975
2022-05-18,0.0005313437048441,0.0003088662984777664,-0.014207635217871672,0.014825367814827205,-0.021892206930655446,0.022509939527610975
2022-05-19,0.0145902771602608,0.0003088662984777664,-0.014207635217871672,0.014825367814827205,-0.021892206930655446,0.022509939527610975
2022-05-20,0.000697767757192,0.0003088662984777664,-0.014207635217871672,0.014825367814827205,-0.021892206930655446,0.022509939527610975
2022-05-23,0.0046395898938689,0.0003088662984777664,-0.014207635217871672,0.014825367814827205,-0.021892206930655446,0.022509939527610975
2022-05-24,0.007493711725538,0.0003088662984777664,-0.014207635217871672,0.014825367814827205,-0.021892206930655446,0.022509939527610975
2022-05-25,-0.0060482487965583,0.0003088662984777664,-0.014207635217871672,0.014825367814827205,-0.021892206930655446,0.022509939527610975
2022-05-26,-0.0018506096399272,0.0003036679693366323,-0.014199841622966319,0.014807177561639583,-0.02187753582659888,0.022484871765272144
2022-05-27,0.0005208853826908,0.0003036679693366323,-0.014199841622966319,0.014807177561639583,-0.02187753582659888,0.022484871765272144
2022-05-31,-0.0099422702551653,0.0003036679693366323,-0.014199841622966319,0.014807177561639583,-0.02187753582659888,0.022484871765272144
2022-06-01,0.0063488366174163,0.0003036679693366323,-0.014199841622966319,0.014807177561639583,-0.02187753582659888,0.022484871765272144
2022-06-02,0.0122340400879811,0.0003036679693366323,-0.014199841622966319,0.014807177561639583,-0.02187753582659888,0.022484871765272144
2022-06-03,-0.010203900438868,0.0003036679693366323,-0.014199841622966319,0.014807177561639583,-0.02187753582659888,0.022484871765272144
2022-06-06,-0.004413447852864,0.0003036679693366323,-0.014199841622966319,0.014807177561639583,-0.02187753582659888,0.022484871765272144
2022-06-07,0.0064972678121684,0.0003036679693366323,-0.014199841622966319,0.014807177561639583,-0.02187753582659888,0.022484871765272144
2022-06-08,-0.0009256257836888,0.0003036679693366323,-0.014199841622966319,0.014807177561639583,-0.02187753582659888,0.022484871765272144
2022-06-09,-0.0031883338247287,0.0003036679693366323,-0.014199841622966319,0.014807177561639583,-0.02187753582659888,0.022484871765272144
2022-06-10,0.0133231352281609,0.0003036679693366323,-0.014199841622966319,0.014807177561639583,-0.02187753582659888,0.022484871765272144
2022-06-13,-0.0267673588244725,0.0003036679693366323,-0.014199841622966319,0.014807177561639583,-0.02187753582659888,0.022484871765272144
2022-06-14,-0.0080354072032867,0.0003036679693366323,-0.014199841622966319,0.014807177561639583,-0.02187753582659888,0.022484871765272144
2022-06-15,0.0129665096766109,0.0003036679693366323,-0.014199841622966319,0.014807177561639583,-0.02187753582659888,0.022484871765272144
2022-06-16,0.0111804468161364,0.0003036679693366323,-0.014199841622966319,0.014807177561639583,-0.02187753582659888,0.022484871765272144
2022-06-17,-0.0082568101440456,0.0003036679693366323,-0.014199841622966319,0.014807177561639583,-0.02187753582659888,0.022484871765272144
2022-06-21,-0.0037437854344901,0.0003036679693366323,-0.014199841622966319,0.014807177561639583,-0.02187753582659888,0.022484871765272144
2022-06-22,0.0039772683354227,0.0003036679693366323,-0.014199841622966319,0.014807177561639583,-0.02187753582659888,0.022484871765272144
2022-06-23,-0.0061481182984487,0.0003036679693366323,-0.014199841622966319,0.014807177561639583,-0.02187753582659888,0.022484871765272144
2022-06-24,-0.0009989609969459,0.0003036679693366323,-0.014199841622966319,0.014807177561639583,-0.02187753582659888,0.022484871765272144
2022-06-27,-0.001117694441858,0.00029833950861661866,-0.014196320841575384,0.014792999858808623,-0.021869330539404062,0.0224660095566373
2022-06-28,-0.0016493806069405,0.00029833950861661866,-0.014196320841575384,0.014792999858808623,-0.021869330539404062,0.0224660095566373
2022-06-29,-0.000766651706858,0.00029833950861661866,-0.014196320841575384,0.014792999858808623,-0.021869330539404062,0.0224660095566373
2022-06-30,-0.0060955876983352,0.00029833950861661866,-0.014196320841575384,0.014792999858808623,-0.021869330539404062,0.0224660095566373
2022-07-01,-0.0008313996785857,0.00029833950861661866,-0.014196320841575384,0.014792999858808623,-0.021869330539404062,0.0224660095566373
2022-07-05,-0.0214377996803844,0.00029833950861661866,-0.014196320841575384,0.014792999858808623,-0.021869330539404062,0.0224660095566373
2022-07-06,-0.0159690175874046,0.00029833950861661866,-0.014196320841575384,0.014792999858808623,-0.021869330539404062,0.0224660095566373
2022-07-07,0.00055489929127,0.00029833950861661866,-0.014196320841575384,0.014792999858808623,-0.021869330539404062,0.0224660095566373
2022-07-08,0.0004314382372538,0.00029833950861661866,-0.014196320841575384,0.014792999858808623,-0.021869330539404062,0.0224660095566373
2022-07-11,-0.0053749265251639,0.00029833950861661866,-0.014196320841575384,0.014792999858808623,-0.021869330539404062,0.0224660095566373
2022-07-12,-0.0037236489059839,0.00029833950861661866,-0.014196320841575384,0.014792999858808623,-0.021869330539404062,0.0224660095566373
2022-07-13,0.0047762659636861,0.00029833950861661866,-0.014196320841575384,0.014792999858808623,-0.021869330539404062,0.0224660095566373
2022-07-14,-0.0141466492616412,0.00029833950861661866,-0.014196320841575384,0.014792999858808623,-0.021869330539404062,0.0224660095566373
2022-07-15,-0.0020104758163567,0.00029833950861661866,-0.014196320841575384,0.014792999858808623,-0.021869330539404062,0.0224660095566373
2022-07-18,0.0009429497894323,0.00029833950861661866,-0.014196320841575384,0.014792999858808623,-0.021869330539404062,0.0224660095566373
2022-07-19,0.0023846238326167,0.00029833950861661866,-0.014196320841575384,0.014792999858808623,-0.021869330539404062,0.0224660095566373
2022-07-20,-0.0094465093392112,0.00029833950861661866,-0.014196320841575384,0.014792999858808623,-0.021869330539404062,0.0224660095566373
2022-07-21,0.0140117966022655,0.00029833950861661866,-0.014196320841575384,0.014792999858808623,-0.021869330539404062,0.0224660095566373
2022-07-22,0.0024926409954947,0.00029833950861661866,-0.014196320841575384,0.014792999858808623,-0.021869330539404062,0.0224660095566373
2022-07-25,-0.0027423043036363,0.00029833950861661866,-0.014196320841575384,0.014792999858808623,-0.021869330539404062,0.0224660095566373
2022-07-26,-0.0011865143173863,0.0002835772331147825,-0.014185166946959241,0.014752321413188807,-0.02184445745304134,0.022411611919270904
2022-07-27,0.0101334672497858,0.0002835772331147825,-0.014185166946959241,0.014752321413188807,-0.02184445745304134,0.022411611919270904
2022-07-28,0.0121116800437174,0.0002835772331147825,-0.014185166946959241,0.014752321413188807,-0.02184445745304134,0.022411611919270904
2022-07-29,0.0028071459585694,0.0002835772331147825,-0.014185166946959241,0.014752321413188807,-0.02184445745304134,0.022411611919270904
2022-08-01,0.0056512328686964,0.0002835772331147825,-0.014185166946959241,0.014752321413188807,-0.02184445745304134,0.022411611919270904
2022-08-02,-0.0059559901489022,0.0002835772331147825,-0.014185166946959241,0.014752321413188807,-0.02184445745304134,0.022411611919270904
2022-08-03,0.0024352760679877,0.0002835772331147825,-0.014185166946959241,0.014752321413188807,-0.02184445745304134,0.022411611919270904
2022-08-04,0.016404693683584,0.0002835772331147825,-0.014185166946959241,0.014752321413188807,-0.02184445745304134,0.022411611919270904
2022-08-05,-0.0113097814507426,0.0002835772331147825,-0.014185166946959241,0.014752321413188807,-0.02184445745304134,0.022411611919270904
2022-08-08,0.0084343482908361,0.0002835772331147825,-0.014185166946959241,0.014752321413188807,-0.02184445745304134,0.022411611919270904
2022-08-09,0.0030548677970775,0.0002835772331147825,-0.014185166946959241,0.014752321413188807,-0.02184445745304134,0.022411611919270904
2022-08-10,-0.0025151110588634,0.0002835772331147825,-0.014185166946959241,0.014752321413188807,-0.02184445745304134,0.022411611919270904
2022-08-11,-0.0026417069148636,0.0002835772331147825,-0.014185166946959241,0.014752321413188807,-0.02184445745304134,0.022411611919270904
2022-08-12,0.0091559768227203,0.0002835772331147825,-0.014185166946959241,0.014752321413188807,-0.02184445745304134,0.022411611919270904
2022-08-15,-0.0129505280899891,0.0002835772331147825,-0.014185166946959241,0.014752321413188807,-0.02184445745304134,0.022411611919270904
2022-08-16,-0.00175162996283,0.0002835772331147825,-0.014185166946959241,0.014752321413188807,-0.02184445745304134,0.022411611919270904
2022-08-17,-0.0064893459471051,0.0002835772331147825,-0.014185166946959241,0.014752321413188807,-0.02184445745304134,0.022411611919270904
2022-08-18,-0.0026198444873023,0.0002835772331147825,-0.014185166946959241,0.014752321413188807,-0.02184445745304134,0.022411611919270904
2022-08-19,-0.0073475529581149,0.0002835772331147825,-0.014185166946959241,0.014752321413188807,-0.02184445745304134,0.022411611919270904
2022-08-22,-0.006659303367833,0.0002835772331147825,-0.014185166946959241,0.014752321413188807,-0.02184445745304134,0.022411611919270904
2022-08-23,0.0069665512175815,0.00028424663041233577,-0.014168349594015547,0.014736842854840218,-0.02181909188873709,0.02238758514956176
2022-08-24,0.0029445805046794,0.00028424663041233577,-0.014168349594015547,0.014736842854840218,-0.02181909188873709,0.02238758514956176
2022-08-25,0.0030581063588208,0.00028424663041233577,-0.014168349594015547,0.014736842854840218,-0.02181909188873709,0.02238758514956176
2022-08-26,-0.0122271532019299,0.00028424663041233577,-0.014168349594015547,0.014736842854840218,-0.02181909188873709,0.02238758514956176
2022-08-29,0.0006180465249853,0.00028424663041233577,-0.014168349594015547,0.014736842854840218,-0.02181909188873709,0.02238758514956176
2022-08-30,-0.00837555613648,0.00028424663041233577,-0.014168349594015547,0.014736842854840218,-0.02181909188873709,0.02238758514956176
2022-08-31,-0.0077553096129762,0.00028424663041233577,-0.014168349594015547,0.014736842854840218,-0.02181909188873709,0.02238758514956176
2022-09-01,-0.0088290234746503,0.00028424663041233577,-0.014168349594015547,0.014736842854840218,-0.02181909188873709,0.02238758514956176
2022-09-02,0.008766173723188,0.00028424663041233577,-0.014168349594015547,0.014736842854840218,-0.02181909188873709,0.02238758514956176
2022-09-06,-0.0058565782593561,0.00028424663041233577,-0.014168349594015547,0.014736842854840218,-0.02181909188873709,0.02238758514956176
2022-09-07,0.0101172860901148,0.00028424663041233577,-0.014168349594015547,0.014736842854840218,-0.02181909188873709,0.02238758514956176
2022-09-08,-0.0060203788974946,0.00028424663041233577,-0.014168349594015547,0.014736842854840218,-0.02181909188873709,0.02238758514956176
2022-09-09,0.005269846503477,0.00028424663041233577,-0.014168349594015547,0.014736842854840218,-0.02181909188873709,0.02238758514956176
2022-09-12,0.0050553861933215,0.00028424663041233577,-0.014168349594015547,0.014736842854840218,-0.02181909188873709,0.02238758514956176
2022-09-13,-0.0130967289066481,0.00028424663041233577,-0.014168349594015547,0.014736842854840218,-0.02181909188873709,0.02238758514956176
2022-09-14,-0.0038550345553118,0.00028424663041233577,-0.014168349594015547,0.014736842854840218,-0.02181909188873709,0.02238758514956176
2022-09-15,-0.0188558017376182,0.00028424663041233577,-0.014168349594015547,0.014736842854840218,-0.02181909188873709,0.02238758514956176
2022-09-16,0.0055337676270803,0.00028424663041233577,-0.014168349594015547,0.014736842854840218,-0.02181909188873709,0.02238758514956176
2022-09-19,0.000769790767981,0.00028424663041233577,-0.014168349594015547,0.014736842854840218,-0.02181909188873709,0.02238758514956176
2022-09-20,-0.0057229320552936,0.00028424663041233577,-0.014168349594015547,0.014736842854840218,-0.02181909188873709,0.02238758514956176
2022-09-21,0.0046322283209624,0.00027371433206544517,-0.014164076790058263,0.014711505454189155,-0.02180698173703845,0.022354410401169342
2022-09-22,-0.0005778441890031,0.00027371433206544517,-0.014164076790058263,0.014711505454189155,-0.02180698173703845,0.022354410401169342
2022-09-23,-0.0174278164066748,0.00027371433206544517,-0.014164076790058263,0.014711505454189155,-0.02180698173703845,0.022354410401169342
2022-09-26,-0.0117014143217974,0.00027371433206544517,-0.014164076790058263,0.014711505454189155,-0.02180698173703845,0.022354410401169342
2022-09-27,0.0020477436877313,0.00027371433206544517,-0.014164076790058263,0.014711505454189155,-0.02180698173703845,0.022354410401169342
2022-09-28,0.0205735578321778,0.00027371433206544517,-0.014164076790058263,0.014711505454189155,-0.02180698173703845,0.022354410401169342
2022-09-29,-0.0001939471718055,0.00027371433206544517,-0.014164076790058263,0.014711505454189155,-0.02180698173703845,0.022354410401169342
2022-09-30,6.462035224685361e-05,0.00027371433206544517,-0.014164076790058263,0.014711505454189155,-0.02180698173703845,0.022354410401169342
2022-10-03,0.0240190059453634,0.00027371433206544517,-0.014164076790058263,0.014711505454189155,-0.02180698173703845,0.022354410401169342
2022-10-04,0.0142264445961119,0.00027371433206544517,-0.014164076790058263,0.014711505454189155,-0.02180698173703845,0.022354410401169342
2022-10-05,-0.0055536594329764,0.00027371433206544517,-0.014164076790058263,0.014711505454189155,-0.02180698173703845,0.022354410401169342
2022-10-06,-0.0011269264553861,0.00027371433206544517,-0.014164076790058263,0.014711505454189155,-0.02180698173703845,0.022354410401169342
2022-10-07,-0.0110233861426891,0.00027371433206544517,-0.014164076790058263,0.014711505454189155,-0.02180698173703845,0.022354410401169342
2022-10-10,-0.0153182032171569,0.00027371433206544517,-0.014164076790058263,0.014711505454189155,-0.02180698173703845,0.022354410401169342
2022-10-11,-0.0020602123309399,0.00027371433206544517,-0.014164076790058263,0.014711505454189155,-0.02180698173703845,0.022354410401169342
2022-10-12,0.0053350716717094,0.00027371433206544517,-0.014164076790058263,0.014711505454189155,-0.02180698173703845,0.022354410401169342
2022-10-13,-0.0069476110871142,0.00027371433206544517,-0.014164076790058263,0.014711505454189155,-0.02180698173703845,0.022354410401169342
2022-10-14,-0.0125371607930224,0.00027371433206544517,-0.014164076790058263,0.014711505454189155,-0.02180698173703845,0.022354410401169342
2022-10-17,0.0028720806307473,0.00027371433206544517,-0.014164076790058263,0.014711505454189155,-0.02180698173703845,0.022354410401169342
2022-10-18,0.0021486600903921,0.00027371433206544517,-0.014164076790058263,0.014711505454189155,-0.02180698173703845,0.022354410401169342
2022-10-19,-0.0134889259883384,0.00027058149456242806,-0.0141631100483209,0.014704273037445757,-0.02180384480914229,0.022345007798267147
2022-10-20,-0.0015834633753089,0.00027058149456242806,-0.0141631100483209,0.014704273037445757,-0.02180384480914229,0.022345007798267147
2022-10-21,0.0176705974145265,0.00027058149456242806,-0.0141631100483209,0.014704273037445757,-0.02180384480914229,0.022345007798267147
2022-10-24,-0.0032488658845126,0.00027058149456242806,-0.0141631100483209,0.014704273037445757,-0.02180384480914229,0.022345007798267147
2022-10-25,0.0022753535606352,0.00027058149456242806,-0.0141631100483209,0.014704273037445757,-0.02180384480914229,0.022345007798267147
2022-10-26,0.0063434463543533,0.00027058149456242806,-0.0141631100483209,0.014704273037445757,-0.02180384480914229,0.022345007798267147
2022-10-27,-0.0015497241473593,0.00027058149456242806,-0.0141631100483209,0.014704273037445757,-0.02180384480914229,0.022345007798267147
2022-10-28,-0.0102631741011786,0.00027058149456242806,-0.0141631100483209,0.014704273037445757,-0.02180384480914229,0.022345007798267147
2022-10-31,-0.0081948861927748,0.00027058149456242806,-0.0141631100483209,0.014704273037445757,-0.02180384480914229,0.022345007798267147
2022-11-01,0.0101517261727974,0.00027058149456242806,-0.0141631100483209,0.014704273037445757,-0.02180384480914229,0.022345007798267147
2022-11-02,-0.0069969702028922,0.00027058149456242806,-0.0141631100483209,0.014704273037445757,-0.02180384480914229,0.022345007798267147
2022-11-03,-0.0038132974339371,0.00027058149456242806,-0.0141631100483209,0.014704273037445757,-0.02180384480914229,0.022345007798267147
2022-11-04,0.0302345832528433,0.00027058149456242806,-0.0141631100483209,0.014704273037445757,-0.02180384480914229,0.022345007798267147
2022-11-07,-0.0039702607393793,0.00027058149456242806,-0.0141631100483209,0.014704273037445757,-0.02180384480914229,0.022345007798267147
2022-11-08,0.0228363289406868,0.00027058149456242806,-0.0141631100483209,0.014704273037445757,-0.02180384480914229,0.022345007798267147
2022-11-09,-0.0050298947591616,0.00027058149456242806,-0.0141631100483209,0.014704273037445757,-0.02180384480914229,0.022345007798267147
2022-11-10,0.0299901530039926,0.00027058149456242806,-0.0141631100483209,0.014704273037445757,-0.02180384480914229,0.022345007798267147
2022-11-11,0.0065845979471178,0.00027058149456242806,-0.0141631100483209,0.014704273037445757,-0.02180384480914229,0.022345007798267147
2022-11-14,0.0021852662272774,0.00027058149456242806,-0.0141631100483209,0.014704273037445757,-0.02180384480914229,0.022345007798267147
2022-11-15,0.0035106980811025,0.00027058149456242806,-0.0141631100483209,0.014704273037445757,-0.02180384480914229,0.022345007798267147
2022-11-16,-0.0022987420952167,0.0002856227105142027,-0.014156757705604778,0.014728003126633183,-0.021802092078075534,0.02237333749910394
2022-11-17,-0.0072939599616732,0.0002856227105142027,-0.014156757705604778,0.014728003126633183,-0.021802092078075534,0.02237333749910394
2022-11-18,-0.0069175073823137,0.0002856227105142027,-0.014156757705604778,0.014728003126633183,-0.021802092078075534,0.02237333749910394
2022-11-21,-0.0056056352070885,0.0002856227105142027,-0.014156757705604778,0.014728003126633183,-0.021802092078075534,0.02237333749910394
2022-11-22,0.0011730356909015,0.0002856227105142027,-0.014156757705604778,0.014728003126633183,-0.021802092078075534,0.02237333749910394
2022-11-23,0.0062125033172795,0.0002856227105142027,-0.014156757705604778,0.014728003126633183,-0.021802092078075534,0.02237333749910394
2022-11-25,0.0008581023409725,0.0002856227105142027,-0.014156757705604778,0.014728003126633183,-0.021802092078075534,0.02237333749910394
2022-11-28,-0.0079348936653714,0.0002856227105142027,-0.014156757705604778,0.014728003126633183,-0.021802092078075534,0.02237333749910394
2022-11-29,0.0049282615630087,0.0002856227105142027,-0.014156757705604778,0.014728003126633183,-0.021802092078075534,0.02237333749910394
2022-11-30,0.0127009210150128,0.0002856227105142027,-0.014156757705604778,0.014728003126633183,-0.021802092078075534,0.02237333749910394
2022-12-01,0.0182178423963075,0.0002856227105142027,-0.014156757705604778,0.014728003126633183,-0.021802092078075534,0.02237333749910394
2022-12-02,-0.0034616677176241,0.0002856227105142027,-0.014156757705604778,0.014728003126633183,-0.021802092078075534,0.02237333749910394
2022-12-05,-0.0173078053027201,0.0002856227105142027,-0.014156757705604778,0.014728003126633183,-0.021802092078075534,0.02237333749910394
2022-12-06,0.0027336344458788,0.0002856227105142027,-0.014156757705604778,0.014728003126633183,-0.021802092078075534,0.02237333749910394
2022-12-07,0.0089984935565378,0.0002856227105142027,-0.014156757705604778,0.014728003126633183,-0.021802092078075534,0.02237333749910394
2022-12-08,0.000841342527782,0.0002856227105142027,-0.014156757705604778,0.014728003126633183,-0.021802092078075534,0.02237333749910394
2022-12-09,0.0035378943750204,0.0002856227105142027,-0.014156757705604778,0.014728003126633183,-0.021802092078075534,0.02237333749910394
2022-12-12,-0.0082948418335018,0.0002856227105142027,-0.014156757705604778,0.014728003126633183,-0.021802092078075534,0.02237333749910394
2022-12-13,0.0169368897336953,0.0002856227105142027,-0.014156757705604778,0.014728003126633183,-0.021802092078075534,0.02237333749910394
2022-12-14,-0.0024359858905979,0.0002856227105142027,-0.014156757705604778,0.014728003126633183,-0.021802092078075534,0.02237333749910394
2022-12-15,-0.0164946003829018,0.00028776487897766336,-0.014142229694828808,0.014717759452784134,-0.02178100739843782,0.022356537156393148
2022-12-16,0.00867101949516,0.00028776487897766336,-0.014142229694828808,0.014717759452784134,-0.02178100739843782,0.022356537156393148
2022-12-19,-0.0028218082489996,0.00028776487897766336,-0.014142229694828808,0.014717759452784134,-0.02178100739843782,0.022356537156393148
2022-12-20,0.01645829894144,0.00028776487897766336,-0.014142229694828808,0.014717759452784134,-0.02178100739843782,0.022356537156393148
2022-12-21,-0.0016573862871153,0.00028776487897766336,-0.014142229694828808,0.014717759452784134,-0.02178100739843782,0.022356537156393148
2022-12-22,-0.0121589801689325,0.00028776487897766336,-0.014142229694828808,0.014717759452784134,-0.02178100739843782,0.022356537156393148
2022-12-23,0.0029938350392547,0.00028776487897766336,-0.014142229694828808,0.014717759452784134,-0.02178100739843782,0.022356537156393148
2022-12-27,0.0083946773027696,0.00028776487897766336,-0.014142229694828808,0.014717759452784134,-0.02178100739843782,0.022356537156393148
2022-12-28,-0.0045159890327506,0.00028776487897766336,-0.014142229694828808,0.014717759452784134,-0.02178100739843782,0.022356537156393148
2022-12-29,0.005582639597805,0.00028776487897766336,-0.014142229694828808,0.014717759452784134,-0.02178100739843782,0.022356537156393148
2022-12-30,0.0046677580293306,0.00028776487897766336,-0.014142229694828808,0.014717759452784134,-0.02178100739843782,0.022356537156393148
2023-01-03,0.0083358168719463,0.00028776487897766336,-0.014142229694828808,0.014717759452784134,-0.02178100739843782,0.022356537156393148
2023-01-04,0.0093678899395659,0.00028776487897766336,-0.014142229694828808,0.014717759452784134,-0.02178100739843782,0.022356537156393148
2023-01-05,-0.0125296308674875,0.00028776487897766336,-0.014142229694828808,0.014717759452784134,-0.02178100739843782,0.022356537156393148
2023-01-06,0.0185346638111992,0.00028776487897766336,-0.014142229694828808,0.014717759452784134,-0.02178100739843782,0.022356537156393148
2023-01-09,0.0022426010679794,0.00028776487897766336,-0.014142229694828808,0.014717759452784134,-0.02178100739843782,0.022356537156393148
2023-01-10,0.0036693044744913,0.00028776487897766336,-0.014142229694828808,0.014717759452784134,-0.02178100739843782,0.022356537156393148
2023-01-11,-0.0006870298860052,0.00028776487897766336,-0.014142229694828808,0.014717759452784134,-0.02178100739843782,0.022356537156393148
2023-01-12,0.0115016032132319,0.00028776487897766336,-0.014142229694828808,0.014717759452784134,-0.02178100739843782,0.022356537156393148
2023-01-13,0.0119303337025929,0.00028776487897766336,-0.014142229694828808,0.014717759452784134,-0.02178100739843782,0.022356537156393148
2023-01-17,-0.0065665912906243,0.00029993877817894953,-0.014126044361130886,0.014725921917488786,-0.021762698539589866,0.022362576095947762
2023-01-18,-0.0028758838411488,0.00029993877817894953,-0.014126044361130886,0.014725921917488786,-0.021762698539589866,0.022362576095947762
2023-01-19,0.0157439313774708,0.00029993877817894953,-0.014126044361130886,0.014725921917488786,-0.021762698539589866,0.022362576095947762
2023-01-20,-0.0033409804213138,0.00029993877817894953,-0.014126044361130886,0.014725921917488786,-0.021762698539589866,0.022362576095947762
2023-01-23,0.0018946378029897,0.00029993877817894953,-0.014126044361130886,0.014725921917488786,-0.021762698539589866,0.022362576095947762
2023-01-24,0.0036119840879409,0.00029993877817894953,-0.014126044361130886,0.014725921917488786,-0.021762698539589866,0.022362576095947762
2023-01-25,0.004593393795208,0.00029993877817894953,-0.014126044361130886,0.014725921917488786,-0.021762698539589866,0.022362576095947762
2023-01-26,-0.009096515003608,0.00029993877817894953,-0.014126044361130886,0.014725921917488786,-0.021762698539589866,0.022362576095947762
2023-01-27,-0.0013939615756237,0.00029993877817894953,-0.014126044361130886,0.014725921917488786,-0.021762698539589866,0.022362576095947762
2023-01-30,-0.0025700149312909,0.00029993877817894953,-0.014126044361130886,0.014725921917488786,-0.021762698539589866,0.022362576095947762
2023-01-31,0.0036296165072691,0.00029993877817894953,-0.014126044361130886,0.014725921917488786,-0.021762698539589866,0.022362576095947762
2023-02-01,0.0125181345283875,0.00029993877817894953,-0.014126044361130886,0.014725921917488786,-0.021762698539589866,0.022362576095947762
2023-02-02,-0.0209702840085377,0.00029993877817894953,-0.014126044361130886,0.014725921917488786,-0.021762698539589866,0.022362576095947762
2023-02-03,-0.0252744964012274,0.00029993877817894953,-0.014126044361130886,0.014725921917488786,-0.021762698539589866,0.022362576095947762
2023-02-06,0.0020732591842408,0.00029993877817894953,-0.014126044361130886,0.014725921917488786,-0.021762698539589866,0.022362576095947762
2023-02-07,0.0009200023760844,0.00029993877817894953,-0.014126044361130886,0.014725921917488786,-0.021762698539589866,0.022362576095947762
2023-02-08,0.0024685447555079,0.00029993877817894953,-0.014126044361130886,0.014725921917488786,-0.021762698539589866,0.022362576095947762
2023-02-09,-0.0079438874640135,0.00029993877817894953,-0.014126044361130886,0.014725921917488786,-0.021762698539589866,0.022362576095947762
2023-02-10,0.001905377935128,0.00029993877817894953,-0.014126044361130886,0.014725921917488786,-0.021762698539589866,0.022362576095947762
2023-02-13,-0.0050890977989504,0.00029993877817894953,-0.014126044361130886,0.014725921917488786,-0.021762698539589866,0.022362576095947762
2023-02-14,0.0007534549847423,0.00029083539733656673,-0.014126845703760929,0.014708516498434061,-0.021759105048662165,0.022340775843335298
2023-02-15,-0.0100146468474003,0.00029083539733656673,-0.014126845703760929,0.014708516498434061,-0.021759105048662165,0.022340775843335298
2023-02-16,-0.000819572636313,0.00029083539733656673,-0.014126845703760929,0.014708516498434061,-0.021759105048662165,0.022340775843335298
2023-02-17,0.0029823390721485,0.00029083539733656673,-0.014126845703760929,0.014708516498434061,-0.021759105048662165,0.022340775843335298
2023-02-21,-0.0037440046605545,0.00029083539733656673,-0.014126845703760929,0.014708516498434061,-0.021759105048662165,0.022340775843335298
2023-02-22,-0.0056423768979153,0.00029083539733656673,-0.014126845703760929,0.014708516498434061,-0.021759105048662165,0.022340775843335298
2023-02-23,-0.0005305918526508,0.00029083539733656673,-0.014126845703760929,0.014708516498434061,-0.021759105048662165,0.022340775843335298
2023-02-24,-0.0072206822499255,0.00029083539733656673,-0.014126845703760929,0.014708516498434061,-0.021759105048662165,0.022340775843335298
2023-02-27,0.0039126704061281,0.00029083539733656673,-0.014126845703760929,0.014708516498434061,-0.021759105048662165,0.022340775843335298
2023-02-28,0.0045456218517804,0.00029083539733656673,-0.014126845703760929,0.014708516498434061,-0.021759105048662165,0.022340775843335298
2023-03-01,0.0057555556009345,0.00029083539733656673,-0.014126845703760929,0.014708516498434061,-0.021759105048662165,0.022340775843335298
2023-03-02,-0.0005857351538961,0.00029083539733656673,-0.014126845703760929,0.014708516498434061,-0.021759105048662165,0.022340775843335298
2023-03-03,0.0106660010558637,0.00029083539733656673,-0.014126845703760929,0.014708516498434061,-0.021759105048662165,0.022340775843335298
2023-03-06,-0.0050565936951402,0.00029083539733656673,-0.014126845703760929,0.014708516498434061,-0.021759105048662165,0.022340775843335298
2023-03-07,-0.0176350683906361,0.00029083539733656673,-0.014126845703760929,0.014708516498434061,-0.021759105048662165,0.022340775843335298
2023-03-08,-0.0004745630282821,0.00029083539733656673,-0.014126845703760929,0.014708516498434061,-0.021759105048662165,0.022340775843335298
2023-03-09,0.0098011277000977,0.00029083539733656673,-0.014126845703760929,0.014708516498434061,-0.021759105048662165,0.022340775843335298
2023-03-10,0.0213336672477239,0.00029083539733656673,-0.014126845703760929,0.014708516498434061,-0.021759105048662165,0.022340775843335298
2023-03-13,0.0226888619465587,0.00029083539733656673,-0.014126845703760929,0.014708516498434061,-0.021759105048662165,0.022340775843335298
2023-03-14,-0.0058078979813613,0.00029083539733656673,-0.014126845703760929,0.014708516498434061,-0.021759105048662165,0.022340775843335298
2023-03-15,0.0077738384371423,0.00029494865480209857,-0.014112556020390368,0.014702453329994564,-0.02173942829082611,0.022329325600430307
2023-03-16,0.0020180543660701,0.00029494865480209857,-0.014112556020390368,0.014702453329994564,-0.02173942829082611,0.022329325600430307
2023-03-17,0.0287042767313048,0.00029494865480209857,-0.014112556020390368,0.014702453329994564,-0.02173942829082611,0.022329325600430307
2023-03-20,0.0003807952240648,0.00029494865480209857,-0.014112556020390368,0.014702453329994564,-0.02173942829082611,0.022329325600430307
2023-03-21,-0.0190555245693378,0.00029494865480209857,-0.014112556020390368,0.014702453329994564,-0.02173942829082611,0.022329325600430307
2023-03-22,0.0168773822476493,0.00029494865480209857,-0.014112556020390368,0.014702453329994564,-0.02173942829082611,0.022329325600430307
2023-03-23,0.012460224063676,0.00029494865480209857,-0.014112556020390368,0.014702453329994564,-0.02173942829082611,0.022329325600430307
2023-03-24,-0.0113161368911652,0.00029494865480209857,-0.014112556020390368,0.014702453329994564,-0.02173942829082611,0.022329325600430307
2023-03-27,-0.0092998317455167,0.00029494865480209857,-0.014112556020390368,0.014702453329994564,-0.02173942829082611,0.022329325600430307
2023-03-28,0.0081557445730061,0.00029494865480209857,-0.014112556020390368,0.014702453329994564,-0.02173942829082611,0.022329325600430307
2023-03-29,-0.0049731154716589,0.00029494865480209857,-0.014112556020390368,0.014702453329994564,-0.02173942829082611,0.022329325600430307
2023-03-30,0.0089989641395777,0.00029494865480209857,-0.014112556020390368,0.014702453329994564,-0.02173942829082611,0.022329325600430307
2023-03-31,-0.0052258772770236,0.00029494865480209857,-0.014112556020390368,0.014702453329994564,-0.02173942829082611,0.022329325600430307
2023-04-03,0.0071785825192108,0.00029494865480209857,-0.014112556020390368,0.014702453329994564,-0.02173942829082611,0.022329325600430307
2023-04-04,0.0184693456951082,0.00029494865480209857,-0.014112556020390368,0.014702453329994564,-0.02173942829082611,0.022329325600430307
2023-04-05,-0.0007982432900846,0.00029494865480209857,-0.014112556020390368,0.014702453329994564,-0.02173942829082611,0.022329325600430307
2023-04-06,-0.0071596603748995,0.00029494865480209857,-0.014112556020390368,0.014702453329994564,-0.02173942829082611,0.022329325600430307
2023-04-10,-0.0074274015300659,0.00029494865480209857,-0.014112556020390368,0.014702453329994564,-0.02173942829082611,0.022329325600430307
2023-04-11,0.0063006652922904,0.00029494865480209857,-0.014112556020390368,0.014702453329994564,-0.02173942829082611,0.022329325600430307
2023-04-12,0.0048732452945133,0.00029494865480209857,-0.014112556020390368,0.014702453329994564,-0.02173942829082611,0.022329325600430307
2023-04-13,0.0134251505879818,0.0003059432565845783,-0.014105005088533204,0.014716891601702359,-0.02173370032771017,0.02234558684087933
2023-04-14,-0.0178690172198992,0.0003059432565845783,-0.014105005088533204,0.014716891601702359,-0.02173370032771017,0.02234558684087933
2023-04-17,-0.0044637027644765,0.0003059432565845783,-0.014105005088533204,0.014716891601702359,-0.02173370032771017,0.02234558684087933
2023-04-18,0.0038732698004284,0.0003059432565845783,-0.014105005088533204,0.014716891601702359,-0.02173370032771017,0.02234558684087933
2023-04-19,-0.004789973842758,0.0003059432565845783,-0.014105005088533204,0.014716891601702359,-0.02173370032771017,0.02234558684087933
2023-04-20,0.0039305245569871,0.0003059432565845783,-0.014105005088533204,0.014716891601702359,-0.02173370032771017,0.02234558684087933
2023-04-21,-0.0099368769044519,0.0003059432565845783,-0.014105005088533204,0.014716891601702359,-0.02173370032771017,0.02234558684087933
2023-04-24,0.0030347260178608,0.0003059432565845783,-0.014105005088533204,0.014716891601702359,-0.02173370032771017,0.02234558684087933
2023-04-25,0.0050734265105617,0.0003059432565845783,-0.014105005088533204,0.014716891601702359,-0.02173370032771017,0.02234558684087933
2023-04-26,-0.0054522226988369,0.0003059432565845783,-0.014105005088533204,0.014716891601702359,-0.02173370032771017,0.02234558684087933
2023-04-27,5.4098929279614626e-05,0.0003059432565845783,-0.014105005088533204,0.014716891601702359,-0.02173370032771017,0.02234558684087933
2023-04-28,0.0002706158931134,0.0003059432565845783,-0.014105005088533204,0.014716891601702359,-0.02173370032771017,0.02234558684087933
2023-05-01,-0.0045014682483947,0.0003059432565845783,-0.014105005088533204,0.014716891601702359,-0.02173370032771017,0.02234558684087933
2023-05-02,0.0191128216996457,0.0003059432565845783,-0.014105005088533204,0.014716891601702359,-0.02173370032771017,0.02234558684087933
2023-05-03,0.0084433303940006,0.0003059432565845783,-0.014105005088533204,0.014716891601702359,-0.02173370032771017,0.02234558684087933
2023-05-04,0.0070083375794601,0.0003059432565845783,-0.014105005088533204,0.014716891601702359,-0.02173370032771017,0.02234558684087933
2023-05-05,-0.0157716720128652,0.0003059432565845783,-0.014105005088533204,0.014716891601702359,-0.02173370032771017,0.02234558684087933
2023-05-08,0.0012261535425393,0.0003059432565845783,-0.014105005088533204,0.014716891601702359,-0.02173370032771017,0.02234558684087933
2023-05-09,0.0070611734943209,0.0003059432565845783,-0.014105005088533204,0.014716891601702359,-0.02173370032771017,0.02234558684087933
2023-05-10,-0.0014294640409974,0.0003059432565845783,-0.014105005088533204,0.014716891601702359,-0.02173370032771017,0.02234558684087933
2023-05-11,-0.0086197995462801,0.0003063992889942799,-0.014092139971232088,0.014704938549220649,-0.021714266237669262,0.02232706481565782
2023-05-12,-0.0017115440993107,0.0003063992889942799,-0.014092139971232088,0.014704938549220649,-0.021714266237669262,0.02232706481565782
2023-05-15,0.0021389727993926,0.0003063992889942799,-0.014092139971232088,0.014704938549220649,-0.021714266237669262,0.02232706481565782
2023-05-16,-0.0125781683307229,0.0003063992889942799,-0.014092139971232088,0.014704938549220649,-0.021714266237669262,0.02232706481565782
2023-05-17,-0.0034678951337034,0.0003063992889942799,-0.014092139971232088,0.014704938549220649,-0.021714266237669262,0.02232706481565782
2023-05-18,-0.0130577944134065,0.0003063992889942799,-0.014092139971232088,0.014704938549220649,-0.021714266237669262,0.02232706481565782
2023-05-19,0.0098501566522876,0.0003063992889942799,-0.014092139971232088,0.014704938549220649,-0.021714266237669262,0.02232706481565782
2023-05-22,-0.0023442435084917,0.0003063992889942799,-0.014092139971232088,0.014704938549220649,-0.021714266237669262,0.02232706481565782
2023-05-23,0.0012000108481294,0.0003063992889942799,-0.014092139971232088,0.014704938549220649,-0.021714266237669262,0.02232706481565782
2023-05-24,-0.0081011761113672,0.0003063992889942799,-0.014092139971232088,0.014704938549220649,-0.021714266237669262,0.02232706481565782
2023-05-25,-0.0096645790468163,0.0003063992889942799,-0.014092139971232088,0.014704938549220649,-0.021714266237669262,0.02232706481565782
2023-05-26,0.0039876062500003,0.0003063992889942799,-0.014092139971232088,0.014704938549220649,-0.021714266237669262,0.02232706481565782
2023-05-30,0.0061714717783212,0.0003063992889942799,-0.014092139971232088,0.014704938549220649,-0.021714266237669262,0.02232706481565782
2023-05-31,0.0015370188425894,0.0003063992889942799,-0.014092139971232088,0.014704938549220649,-0.021714266237669262,0.02232706481565782
2023-06-01,0.007867103377943,0.0003063992889942799,-0.014092139971232088,0.014704938549220649,-0.021714266237669262,0.02232706481565782
2023-06-02,-0.0148572754201644,0.0003063992889942799,-0.014092139971232088,0.014704938549220649,-0.021714266237669262,0.02232706481565782
2023-06-05,0.0060023657211361,0.0003063992889942799,-0.014092139971232088,0.014704938549220649,-0.021714266237669262,0.02232706481565782
2023-06-06,0.0010974372841259,0.0003063992889942799,-0.014092139971232088,0.014704938549220649,-0.021714266237669262,0.02232706481565782
2023-06-07,-0.0120832527588809,0.0003063992889942799,-0.014092139971232088,0.014704938549220649,-0.021714266237669262,0.02232706481565782
2023-06-08,0.0131247330730928,0.0003063992889942799,-0.014092139971232088,0.014704938549220649,-0.021714266237669262,0.02232706481565782
2023-06-09,-0.0026881301198417,0.0002978867724691589,-0.014086862651636797,0.014682636196575114,-0.021701689019785426,0.022297462564723744
2023-06-12,-0.0008792504640156,0.0002978867724691589,-0.014086862651636797,0.014682636196575114,-0.021701689019785426,0.022297462564723744
2023-06-13,-0.0073948331208413,0.0002978867724691589,-0.014086862651636797,0.014682636196575114,-0.021701689019785426,0.022297462564723744
2023-06-14,0.0005537743402144,0.0002978867724691589,-0.014086862651636797,0.014682636196575114,-0.021701689019785426,0.022297462564723744
2023-06-15,0.007005982383036,0.0002978867724691589,-0.014086862651636797,0.014682636196575114,-0.021701689019785426,0.022297462564723744
2023-06-16,-0.0015404017609149,0.0002978867724691589,-0.014086862651636797,0.014682636196575114,-0.021701689019785426,0.022297462564723744
2023-06-20,-0.0104046810434885,0.0002978867724691589,-0.014086862651636797,0.014682636196575114,-0.021701689019785426,0.022297462564723744
2023-06-21,-0.0014474699268161,0.0002978867724691589,-0.014086862651636797,0.014682636196575114,-0.021701689019785426,0.022297462564723744
2023-06-22,-0.0099664806970392,0.0002978867724691589,-0.014086862651636797,0.014682636196575114,-0.021701689019785426,0.022297462564723744
2023-06-23,0.0027534519339434,0.0002978867724691589,-0.014086862651636797,0.014682636196575114,-0.021701689019785426,0.022297462564723744
2023-06-26,0.0017380933759117,0.0002978867724691589,-0.014086862651636797,0.014682636196575114,-0.021701689019785426,0.022297462564723744
2023-06-27,-0.0046041185904783,0.0002978867724691589,-0.014086862651636797,0.014682636196575114,-0.021701689019785426,0.022297462564723744
2023-06-28,-0.0023100760234936,0.0002978867724691589,-0.014086862651636797,0.014682636196575114,-0.021701689019785426,0.022297462564723744
2023-06-29,-0.0010723394318449,0.0002978867724691589,-0.014086862651636797,0.014682636196575114,-0.021701689019785426,0.022297462564723744
2023-06-30,0.0066412216886671,0.0002978867724691589,-0.014086862651636797,0.014682636196575114,-0.021701689019785426,0.022297462564723744
2023-07-03,0.0011212477777403,0.0002978867724691589,-0.014086862651636797,0.014682636196575114,-0.021701689019785426,0.022297462564723744
2023-07-05,-0.0035362776439635,0.0002978867724691589,-0.014086862651636797,0.014682636196575114,-0.021701689019785426,0.022297462564723744
2023-07-06,-0.002984649764026,0.0002978867724691589,-0.014086862651636797,0.014682636196575114,-0.021701689019785426,0.022297462564723744
2023-07-07,0.0074730048154887,0.0002978867724691589,-0.014086862651636797,0.014682636196575114,-0.021701689019785426,0.022297462564723744
2023-07-10,0.0007833887164984,0.0002978867724691589,-0.014086862651636797,0.014682636196575114,-0.021701689019785426,0.022297462564723744
2023-07-11,0.0037406077556986,0.00029216637602489797,-0.014068344482144488,0.014652677234194285,-0.021670339728555914,0.02225467248060571
2023-07-12,0.0134505552157077,0.00029216637602489797,-0.014068344482144488,0.014652677234194285,-0.021670339728555914,0.02225467248060571
2023-07-13,0.0007144446386032,0.00029216637602489797,-0.014068344482144488,0.014652677234194285,-0.021670339728555914,0.02225467248060571
2023-07-14,-0.0031917364290745,0.00029216637602489797,-0.014068344482144488,0.014652677234194285,-0.021670339728555914,0.02225467248060571
2023-07-17,0.0007163001287566,0.00029216637602489797,-0.014068344482144488,0.014652677234194285,-0.021670339728555914,0.02225467248060571
2023-07-18,0.0113911519159545,0.00029216637602489797,-0.014068344482144488,0.014652677234194285,-0.021670339728555914,0.02225467248060571
2023-07-19,0.0001633431137892,0.00029216637602489797,-0.014068344482144488,0.014652677234194285,-0.021670339728555914,0.02225467248060571
2023-07-20,-0.0050762515407074,0.00029216637602489797,-0.014068344482144488,0.014652677234194285,-0.021670339728555914,0.02225467248060571
2023-07-21,-0.0030692385170081,0.00029216637602489797,-0.014068344482144488,0.014652677234194285,-0.021670339728555914,0.02225467248060571
2023-07-24,-0.0042906650791518,0.00029216637602489797,-0.014068344482144488,0.014652677234194285,-0.021670339728555914,0.02225467248060571
2023-07-25,0.0055524167407637,0.00029216637602489797,-0.014068344482144488,0.014652677234194285,-0.021670339728555914,0.02225467248060571
2023-07-26,0.0048672507195617,0.00029216637602489797,-0.014068344482144488,0.014652677234194285,-0.021670339728555914,0.02225467248060571
2023-07-27,-0.0158367154149907,0.00029216637602489797,-0.014068344482144488,0.014652677234194285,-0.021670339728555914,0.02225467248060571
2023-07-28,0.0079497075742812,0.00029216637602489797,-0.014068344482144488,0.014652677234194285,-0.021670339728555914,0.02225467248060571
2023-07-31,0.002690787072192,0.00029216637602489797,-0.014068344482144488,0.014652677234194285,-0.021670339728555914,0.02225467248060571
2023-08-01,-0.0104187669555817,0.00029216637602489797,-0.014068344482144488,0.014652677234194285,-0.021670339728555914,0.02225467248060571
2023-08-02,-0.0047769939185,0.00029216637602489797,-0.014068344482144488,0.014652677234194285,-0.021670339728555914,0.02225467248060571
2023-08-03,-0.0003342029183236,0.00029216637602489797,-0.014068344482144488,0.014652677234194285,-0.021670339728555914,0.02225467248060571
2023-08-04,0.003613876354074,0.00029216637602489797,-0.014068344482144488,0.014652677234194285,-0.021670339728555914,0.02225467248060571
2023-08-07,-0.0022779889325187,0.00029216637602489797,-0.014068344482144488,0.014652677234194285,-0.021670339728555914,0.02225467248060571
2023-08-08,-0.0063612702400246,0.000292082584491009,-0.014042690735940496,0.014626855904922513,-0.021631061352875288,0.02221522652185731
2023-08-09,-0.0047695633496728,0.000292082584491009,-0.014042690735940496,0.014626855904922513,-0.021631061352875288,0.02221522652185731
2023-08-10,-0.0010691758408616,0.000292082584491009,-0.014042690735940496,0.014626855904922513,-0.021631061352875288,0.02221522652185731
2023-08-11,0.0,0.000292082584491009,-0.014042690735940496,0.014626855904922513,-0.021631061352875288,0.02221522652185731
2023-08-14,-0.0030452205303896,0.000292082584491009,-0.014042690735940496,0.014626855904922513,-0.021631061352875288,0.02221522652185731
2023-08-15,-0.0026580037072091,0.000292082584491009,-0.014042690735940496,0.014626855904922513,-0.021631061352875288,0.02221522652185731
2023-08-16,-0.0057927751891949,0.000292082584491009,-0.014042690735940496,0.014626855904922513,-0.021631061352875288,0.02221522652185731
2023-08-17,-0.0015390561619561,0.000292082584491009,-0.014042690735940496,0.014626855904922513,-0.021631061352875288,0.02221522652185731
2023-08-18,0.000171113589552,0.000292082584491009,-0.014042690735940496,0.014626855904922513,-0.021631061352875288,0.02221522652185731
2023-08-21,0.0027339296425673,0.000292082584491009,-0.014042690735940496,0.014626855904922513,-0.021631061352875288,0.02221522652185731
2023-08-22,0.0016481975934526,0.000292082584491009,-0.014042690735940496,0.014626855904922513,-0.021631061352875288,0.02221522652185731
2023-08-23,0.0101133281445836,0.000292082584491009,-0.014042690735940496,0.014626855904922513,-0.021631061352875288,0.02221522652185731
2023-08-24,-0.0002248455933195,0.000292082584491009,-0.014042690735940496,0.014626855904922513,-0.021631061352875288,0.02221522652185731
2023-08-25,-0.0012941233726573,0.000292082584491009,-0.014042690735940496,0.014626855904922513,-0.021631061352875288,0.02221522652185731
2023-08-28,0.0028672388757646,0.000292082584491009,-0.014042690735940496,0.014626855904922513,-0.021631061352875288,0.02221522652185731
2023-08-29,0.0097206923776326,0.000292082584491009,-0.014042690735940496,0.014626855904922513,-0.021631061352875288,0.02221522652185731
2023-08-30,0.0024987503158226,0.000292082584491009,-0.014042690735940496,0.014626855904922513,-0.021631061352875288,0.02221522652185731
2023-08-31,-0.0016651113471639,0.000292082584491009,-0.014042690735940496,0.014626855904922513,-0.021631061352875288,0.02221522652185731
2023-09-01,0.0004997991755412,0.000292082584491009,-0.014042690735940496,0.014626855904922513,-0.021631061352875288,0.02221522652185731
2023-09-05,-0.0081951746224915,0.000292082584491009,-0.014042690735940496,0.014626855904922513,-0.021631061352875288,0.02221522652185731
2023-09-06,-0.0045445560630184,0.0002894810616706427,-0.014020075808443336,0.01459903793178462,-0.021595097642919173,0.022174059766260457
2023-09-07,0.0010678794784509,0.0002894810616706427,-0.014020075808443336,0.01459903793178462,-0.021595097642919173,0.022174059766260457
2023-09-08,0.0003369702787594,0.0002894810616706427,-0.014020075808443336,0.01459903793178462,-0.021595097642919173,0.022174059766260457
2023-09-11,0.0018513951035425,0.0002894810616706427,-0.014020075808443336,0.01459903793178462,-0.021595097642919173,0.022174059766260457
2023-09-12,-0.0051699926635786,0.0002894810616706427,-0.014020075808443336,0.01459903793178462,-0.021595097642919173,0.022174059766260457
2023-09-13,-0.002312682045193,0.0002894810616706427,-0.014020075808443336,0.01459903793178462,-0.021595097642919173,0.022174059766260457
2023-09-14,0.0005080950731221,0.0002894810616706427,-0.014020075808443336,0.01459903793178462,-0.021595097642919173,0.022174059766260457
2023-09-15,0.0065821068949775,0.0002894810616706427,-0.014020075808443336,0.01459903793178462,-0.021595097642919173,0.022174059766260457
2023-09-18,0.0058703831363188,0.0002894810616706427,-0.014020075808443336,0.01459903793178462,-0.021595097642919173,0.022174059766260457
2023-09-19,-0.0009480950413542,0.0002894810616706427,-0.014020075808443336,0.01459903793178462,-0.021595097642919173,0.022174059766260457
2023-09-20,0.0007251297423292,0.0002894810616706427,-0.014020075808443336,0.01459903793178462,-0.021595097642919173,0.022174059766260457
2023-09-21,-0.0072748111459232,0.0002894810616706427,-0.014020075808443336,0.01459903793178462,-0.021595097642919173,0.022174059766260457
2023-09-22,0.0031961900557462,0.0002894810616706427,-0.014020075808443336,0.01459903793178462,-0.021595097642919173,0.022174059766260457
2023-09-25,-0.0051638989324708,0.0002894810616706427,-0.014020075808443336,0.01459903793178462,-0.021595097642919173,0.022174059766260457
2023-09-26,-0.0080230849379646,0.0002894810616706427,-0.014020075808443336,0.01459903793178462,-0.021595097642919173,0.022174059766260457
2023-09-27,-0.012443751217319,0.0002894810616706427,-0.014020075808443336,0.01459903793178462,-0.021595097642919173,0.022174059766260457
2023-09-28,-0.0050097152043379,0.0002894810616706427,-0.014020075808443336,0.01459903793178462,-0.021595097642919173,0.022174059766260457
2023-09-29,-0.0103285055180993,0.0002894810616706427,-0.014020075808443336,0.01459903793178462,-0.021595097642919173,0.022174059766260457
2023-10-02,-0.0105542058560987,0.0002894810616706427,-0.014020075808443336,0.01459903793178462,-0.021595097642919173,0.022174059766260457
2023-10-03,-0.0028924210000569,0.0002894810616706427,-0.014020075808443336,0.01459903793178462,-0.021595097642919173,0.022174059766260457
2023-10-04,-0.0001182635075601,0.00027675716192700304,-0.01401481319869925,0.014568327522553258,-0.0215803135502017,0.022133827874055705
2023-10-05,-0.0018344684108627,0.00027675716192700304,-0.01401481319869925,0.014568327522553258,-0.0215803135502017,0.022133827874055705
2023-10-06,0.0051398519222737,0.00027675716192700304,-0.01401481319869925,0.014568327522553258,-0.0215803135502017,0.022133827874055705
2023-10-09,0.0182184785369434,0.00027675716192700304,-0.01401481319869925,0.014568327522553258,-0.0215803135502017,0.022133827874055705
2023-10-10,-0.0016795054754092,0.00027675716192700304,-0.01401481319869925,0.014568327522553258,-0.0215803135502017,0.022133827874055705
2023-10-11,0.00727650782611,0.00027675716192700304,-0.01401481319869925,0.014568327522553258,-0.0215803135502017,0.022133827874055705
2023-10-12,-0.0030543103873241,0.00027675716192700304,-0.01401481319869925,0.014568327522553258,-0.0215803135502017,0.022133827874055705
2023-10-13,0.0316423193817758,0.00027675716192700304,-0.01401481319869925,0.014568327522553258,-0.0215803135502017,0.022133827874055705
2023-10-16,-0.0048768004743516,0.00027675716192700304,-0.01401481319869925,0.014568327522553258,-0.0215803135502017,0.022133827874055705
2023-10-17,0.0018525567250013,0.00027675716192700304,-0.01401481319869925,0.014568327522553258,-0.0215803135502017,0.022133827874055705
2023-10-18,0.0143671137834947,0.00027675716192700304,-0.01401481319869925,0.014568327522553258,-0.0215803135502017,0.022133827874055705
2023-10-19,0.012199301049654,0.00027675716192700304,-0.01401481319869925,0.014568327522553258,-0.0215803135502017,0.022133827874055705
2023-10-20,0.0027271753020748,0.00027675716192700304,-0.01401481319869925,0.014568327522553258,-0.0215803135502017,0.022133827874055705
2023-10-23,-0.003382778876821,0.00027675716192700304,-0.01401481319869925,0.014568327522553258,-0.0215803135502017,0.022133827874055705
2023-10-24,-0.0001093368636913,0.00027675716192700304,-0.01401481319869925,0.014568327522553258,-0.0215803135502017,0.022133827874055705
2023-10-25,0.004199991317574,0.00027675716192700304,-0.01401481319869925,0.014568327522553258,-0.0215803135502017,0.022133827874055705
2023-10-26,0.0015772080037924,0.00027675716192700304,-0.01401481319869925,0.014568327522553258,-0.0215803135502017,0.022133827874055705
2023-10-27,0.0115626934248151,0.00027675716192700304,-0.01401481319869925,0.014568327522553258,-0.0215803135502017,0.022133827874055705
2023-10-30,-0.0056565149769637,0.00027675716192700304,-0.01401481319869925,0.014568327522553258,-0.0215803135502017,0.022133827874055705
2023-10-31,-0.0054715039881709,0.00027675716192700304,-0.01401481319869925,0.014568327522553258,-0.0215803135502017,0.022133827874055705
2023-11-01,-0.0031556165767177,0.00029331568729873685,-0.013990054538223232,0.014576685912820707,-0.02155121400041482,0.022137845375012295
2023-11-02,0.0033185604405965,0.00029331568729873685,-0.013990054538223232,0.014576685912820707,-0.02155121400041482,0.022137845375012295
2023-11-03,0.0036323164276059,0.00029331568729873685,-0.013990054538223232,0.014576685912820707,-0.02155121400041482,0.022137845375012295
2023-11-06,-0.0078230810507058,0.00029331568729873685,-0.013990054538223232,0.014576685912820707,-0.02155121400041482,0.022137845375012295
2023-11-07,-0.0041537457140317,0.00029331568729873685,-0.013990054538223232,0.014576685912820707,-0.02155121400041482,0.022137845375012295
2023-11-08,-0.0100176534706271,0.00029331568729873685,-0.013990054538223232,0.014576685912820707,-0.02155121400041482,0.022137845375012295
2023-11-09,0.0039750574137907,0.00029331568729873685,-0.013990054538223232,0.014576685912820707,-0.02155121400041482,0.022137845375012295
2023-11-10,-0.0109696999532455,0.00029331568729873685,-0.013990054538223232,0.014576685912820707,-0.02155121400041482,0.022137845375012295
2023-11-13,0.0055552613869156,0.00029331568729873685,-0.013990054538223232,0.014576685912820707,-0.02155121400041482,0.022137845375012295
2023-11-14,0.0088796361866049,0.00029331568729873685,-0.013990054538223232,0.014576685912820707,-0.02155121400041482,0.022137845375012295
2023-11-15,-0.0026390807860946,0.00029331568729873685,-0.013990054538223232,0.014576685912820707,-0.02155121400041482,0.022137845375012295
2023-11-16,0.0112228645793535,0.00029331568729873685,-0.013990054538223232,0.014576685912820707,-0.02155121400041482,0.022137845375012295
2023-11-17,-0.0001089082776975,0.00029331568729873685,-0.013990054538223232,0.014576685912820707,-0.02155121400041482,0.022137845375012295
2023-11-20,-0.001634716238304,0.00029331568729873685,-0.013990054538223232,0.014576685912820707,-0.02155121400041482,0.022137845375012295
2023-11-21,0.0107400195935418,0.00029331568729873685,-0.013990054538223232,0.014576685912820707,-0.02155121400041482,0.022137845375012295
2023-11-22,-0.0042713618891717,0.00029331568729873685,-0.013990054538223232,0.014576685912820707,-0.02155121400041482,0.022137845375012295
2023-11-24,0.0051881153396818,0.00029331568729873685,-0.013990054538223232,0.014576685912820707,-0.02155121400041482,0.022137845375012295
2023-11-27,0.0067152202241083,0.00029331568729873685,-0.013990054538223232,0.014576685912820707,-0.02155121400041482,0.022137845375012295
2023-11-28,0.0132437658546178,0.00029331568729873685,-0.013990054538223232,0.014576685912820707,-0.02155121400041482,0.022137845375012295
2023-11-29,0.0014783465644931,0.00029331568729873685,-0.013990054538223232,0.014576685912820707,-0.02155121400041482,0.022137845375012295
2023-11-30,-0.0041766604910127,0.00029816684451905293,-0.01396595309429324,0.014562286783331345,-0.021516922070261575,0.022113255759299684
2023-12-01,0.0171240372669509,0.00029816684451905293,-0.01396595309429324,0.014562286783331345,-0.021516922070261575,0.022113255759299684
2023-12-04,-0.0218504175807455,0.00029816684451905293,-0.01396595309429324,0.014562286783331345,-0.021516922070261575,0.022113255759299684
2023-12-05,-0.0037866060778629,0.00029816684451905293,-0.01396595309429324,0.014562286783331345,-0.021516922070261575,0.022113255759299684
2023-12-06,0.0036801154063575,0.00029816684451905293,-0.01396595309429324,0.014562286783331345,-0.021516922070261575,0.022113255759299684
2023-12-07,0.0016489674559858,0.00029816684451905293,-0.01396595309429324,0.014562286783331345,-0.021516922070261575,0.022113255759299684
2023-12-08,-0.0134301735146684,0.00029816684451905293,-0.01396595309429324,0.014562286783331345,-0.021516922070261575,0.022113255759299684
2023-12-11,-0.0111043205602532,0.00029816684451905293,-0.01396595309429324,0.014562286783331345,-0.021516922070261575,0.022113255759299684
2023-12-12,-0.0005447904909059,0.00029816684451905293,-0.01396595309429324,0.014562286783331345,-0.021516922070261575,0.022113255759299684
2023-12-13,0.022311764488914,0.00029816684451905293,-0.01396595309429324,0.014562286783331345,-0.021516922070261575,0.022113255759299684
2023-12-14,0.0058454350891876,0.00029816684451905293,-0.01396595309429324,0.014562286783331345,-0.021516922070261575,0.022113255759299684
2023-12-15,-0.0092087827575075,0.00029816684451905293,-0.01396595309429324,0.014562286783331345,-0.021516922070261575,0.022113255759299684
2023-12-18,0.0045351876568232,0.00029816684451905293,-0.01396595309429324,0.014562286783331345,-0.021516922070261575,0.022113255759299684
2023-12-19,0.0067908306061817,0.00029816684451905293,-0.01396595309429324,0.014562286783331345,-0.021516922070261575,0.022113255759299684
2023-12-20,-0.0054608663623586,0.00029816684451905293,-0.01396595309429324,0.014562286783331345,-0.021516922070261575,0.022113255759299684
2023-12-21,0.0070457557204403,0.00029816684451905293,-0.01396595309429324,0.014562286783331345,-0.021516922070261575,0.022113255759299684
2023-12-22,0.0044246140313629,0.00029816684451905293,-0.01396595309429324,0.014562286783331345,-0.021516922070261575,0.022113255759299684
2023-12-26,0.0075918421515082,0.00029816684451905293,-0.01396595309429324,0.014562286783331345,-0.021516922070261575,0.022113255759299684
2023-12-27,0.0045275772625214,0.00029816684451905293,-0.01396595309429324,0.014562286783331345,-0.021516922070261575,0.022113255759299684
2023-12-28,-0.0058324131605247,0.00029816684451905293,-0.01396595309429324,0.014562286783331345,-0.021516922070261575,0.022113255759299684
2023-12-29,-0.0015680697977631,0.00029900796118246484,-0.013962427091759584,0.014560443014124515,-0.021511974775002034,0.022109990697366962
2024-01-02,-0.0023566846852945,0.00029900796118246484,-0.013962427091759584,0.014560443014124515,-0.021511974775002034,0.022109990697366962
2024-01-03,-0.0083717551598921,0.00029900796118246484,-0.013962427091759584,0.014560443014124515,-0.021511974775002034,0.022109990697366962
2024-01-04,0.0010041086074332,0.00029900796118246484,-0.013962427091759584,0.014560443014124515,-0.021511974775002034,0.022109990697366962
2024-01-05,0.0001584428568191,0.00029900796118246484,-0.013962427091759584,0.014560443014124515,-0.021511974775002034,0.022109990697366962
2024-01-08,-0.0078469782930157,0.00029900796118246484,-0.013962427091759584,0.014560443014124515,-0.021511974775002034,0.022109990697366962
2024-01-09,0.0003193058065587,0.00029900796118246484,-0.013962427091759584,0.014560443014124515,-0.021511974775002034,0.022109990697366962
2024-01-10,-0.0022906686849215,0.00029900796118246484,-0.013962427091759584,0.014560443014124515,-0.021511974775002034,0.022109990697366962
2024-01-11,0.0019713628783626,0.00029900796118246484,-0.013962427091759584,0.014560443014124515,-0.021511974775002034,0.022109990697366962
2024-01-12,0.0097464174657847,0.00029900796118246484,-0.013962427091759584,0.014560443014124515,-0.021511974775002034,0.022109990697366962
2024-01-16,-0.0095334814649172,0.00029900796118246484,-0.013962427091759584,0.014560443014124515,-0.021511974775002034,0.022109990697366962
2024-01-17,-0.0110770755332533,0.00029900796118246484,-0.013962427091759584,0.014560443014124515,-0.021511974775002034,0.022109990697366962
2024-01-18,0.0081991767942437,0.00029900796118246484,-0.013962427091759584,0.014560443014124515,-0.021511974775002034,0.022109990697366962
2024-01-19,0.0029842685447011,0.00029900796118246484,-0.013962427091759584,0.014560443014124515,-0.021511974775002034,0.022109990697366962
2024-01-22,-0.003785111631635,0.00029900796118246484,-0.013962427091759584,0.014560443014124515,-0.021511974775002034,0.022109990697366962
2024-01-23,0.0038915513093621,0.00029900796118246484,-0.013962427091759584,0.014560443014124515,-0.021511974775002034,0.022109990697366962
2024-01-24,-0.0082810842658062,0.00029900796118246484,-0.013962427091759584,0.014560443014124515,-0.021511974775002034,0.022109990697366962
2024-01-25,0.0039621270789886,0.00029900796118246484,-0.013962427091759584,0.014560443014124515,-0.021511974775002034,0.022109990697366962
2024-01-26,-0.0006949345993065,0.00029900796118246484,-0.013962427091759584,0.014560443014124515,-0.021511974775002034,0.022109990697366962
2024-01-29,0.0070336909422522,0.00029900796118246484,-0.013962427091759584,0.014560443014124515,-0.021511974775002034,0.022109990697366962
2024-01-30,0.001379574176667,0.00029433202530768245,-0.01394852556006597,0.014537189610681336,-0.02148823892602402,0.022076902976639383
2024-01-31,-0.0007426235867569,0.00029433202530768245,-0.01394852556006597,0.014537189610681336,-0.02148823892602402,0.022076902976639383
2024-02-01,0.0103469577000935,0.00029433202530768245,-0.01394852556006597,0.014537189610681336,-0.02148823892602402,0.022076902976639383
2024-02-02,-0.0094982669201154,0.00029433202530768245,-0.01394852556006597,0.014537189610681336,-0.02148823892602402,0.022076902976639383
2024-02-05,-0.005529246178959,0.00029433202530768245,-0.01394852556006597,0.014537189610681336,-0.02148823892602402,0.022076902976639383
2024-02-06,0.0052110917695982,0.00029433202530768245,-0.01394852556006597,0.014537189610681336,-0.02148823892602402,0.022076902976639383
2024-02-07,-0.0002652330017039,0.00029433202530768245,-0.01394852556006597,0.014537189610681336,-0.02148823892602402,0.022076902976639383
2024-02-08,-0.0009022539588233,0.00029433202530768245,-0.01394852556006597,0.014537189610681336,-0.02148823892602402,0.022076902976639383
2024-02-09,-0.0038836838223869,0.00029433202530768245,-0.01394852556006597,0.014537189610681336,-0.02148823892602402,0.022076902976639383
2024-02-12,-0.0026153866387208,0.00029433202530768245,-0.01394852556006597,0.014537189610681336,-0.02148823892602402,0.022076902976639383
2024-02-13,-0.013884637194949,0.00029433202530768245,-0.01394852556006597,0.014537189610681336,-0.02148823892602402,0.022076902976639383
2024-02-14,-0.0005962900909107,0.00029433202530768245,-0.01394852556006597,0.014537189610681336,-0.02148823892602402,0.022076902976639383
2024-02-15,0.0067013085143279,0.00029433202530768245,-0.01394852556006597,0.014537189610681336,-0.02148823892602402,0.022076902976639383
2024-02-16,0.0036558786728409,0.00029433202530768245,-0.01394852556006597,0.014537189610681336,-0.02148823892602402,0.022076902976639383
2024-02-20,0.0060458967511151,0.00029433202530768245,-0.01394852556006597,0.014537189610681336,-0.02148823892602402,0.022076902976639383
2024-02-21,5.331114505738622e-05,0.00029433202530768245,-0.01394852556006597,0.014537189610681336,-0.02148823892602402,0.022076902976639383
2024-02-22,0.0004266309391015,0.00029433202530768245,-0.01394852556006597,0.014537189610681336,-0.02148823892602402,0.022076902976639383
2024-02-23,0.0056356020239861,0.00029433202530768245,-0.01394852556006597,0.014537189610681336,-0.02148823892602402,0.022076902976639383
2024-02-26,-0.0022291722929283,0.00029433202530768245,-0.01394852556006597,0.014537189610681336,-0.02148823892602402,0.022076902976639383
2024-02-27,-0.001063248105826,0.00029433202530768245,-0.01394852556006597,0.014537189610681336,-0.02148823892602402,0.022076902976639383
2024-02-28,0.0018068578078276,0.0002927289424944153,-0.01392290023684431,0.01450835812183314,-0.021448199755322337,0.022033657640311167
2024-02-29,0.005137049487701,0.0002927289424944153,-0.01392290023684431,0.01450835812183314,-0.021448199755322337,0.022033657640311167
2024-03-01,0.0187342049464241,0.0002927289424944153,-0.01392290023684431,0.01450835812183314,-0.021448199755322337,0.022033657640311167
2024-03-04,0.0160455752403637,0.0002927289424944153,-0.01392290023684431,0.01450835812183314,-0.021448199755322337,0.022033657640311167
2024-03-05,0.0060020930123128,0.0002927289424944153,-0.01392290023684431,0.01450835812183314,-0.021448199755322337,0.022033657640311167
2024-03-06,0.0081818391635687,0.0002927289424944153,-0.01392290023684431,0.01450835812183314,-0.021448199755322337,0.022033657640311167
2024-03-07,0.0056677512615818,0.0002927289424944153,-0.01392290023684431,0.01450835812183314,-0.021448199755322337,0.022033657640311167
2024-03-08,0.0084170251169512,0.0002927289424944153,-0.01392290023684431,0.01450835812183314,-0.021448199755322337,0.022033657640311167
2024-03-11,0.0018333385345244,0.0002927289424944153,-0.01392290023684431,0.01450835812183314,-0.021448199755322337,0.022033657640311167
2024-03-12,-0.0110009160939685,0.0002927289424944153,-0.01392290023684431,0.01450835812183314,-0.021448199755322337,0.022033657640311167
2024-03-13,0.0069829660287375,0.0002927289424944153,-0.01392290023684431,0.01450835812183314,-0.021448199755322337,0.022033657640311167
2024-03-14,-0.0041838797895552,0.0002927289424944153,-0.01392290023684431,0.01450835812183314,-0.021448199755322337,0.022033657640311167
2024-03-15,-0.003199519647615,0.0002927289424944153,-0.01392290023684431,0.01450835812183314,-0.021448199755322337,0.022033657640311167
2024-03-18,0.0016010012977577,0.0002927289424944153,-0.01392290023684431,0.01450835812183314,-0.021448199755322337,0.022033657640311167
2024-03-19,-0.0011504677080451,0.0002927289424944153,-0.01392290023684431,0.01450835812183314,-0.021448199755322337,0.022033657640311167
2024-03-20,0.0118414720111667,0.0002927289424944153,-0.01392290023684431,0.01450835812183314,-0.021448199755322337,0.022033657640311167
2024-03-21,-0.0010391759354036,0.0002927289424944153,-0.01392290023684431,0.01450835812183314,-0.021448199755322337,0.022033657640311167
2024-03-22,-0.0080533100178607,0.0002927289424944153,-0.01392290023684431,0.01450835812183314,-0.021448199755322337,0.022033657640311167
2024-03-25,0.0031893153617758,0.0002927289424944153,-0.01392290023684431,0.01450835812183314,-0.021448199755322337,0.022033657640311167
2024-03-26,0.0032287432792986,0.0002927289424944153,-0.01392290023684431,0.01450835812183314,-0.021448199755322337,0.022033657640311167
2024-03-27,0.0072145724506207,0.00030588517273294095,-0.013895801844204145,0.014507572189670028,-0.02141372082773124,0.02202549117319712
2024-03-28,0.0128175282024101,0.00030588517273294095,-0.013895801844204145,0.014507572189670028,-0.02141372082773124,0.02202549117319712
2024-04-01,0.0101563288270648,0.00030588517273294095,-0.013895801844204145,0.014507572189670028,-0.02141372082773124,0.02202549117319712
2024-04-02,0.0146643119619138,0.00030588517273294095,-0.013895801844204145,0.014507572189670028,-0.02141372082773124,0.02202549117319712
2024-04-03,0.008734121015037,0.00030588517273294095,-0.013895801844204145,0.014507572189670028,-0.02141372082773124,0.02202549117319712
2024-04-04,-0.0057512117823675,0.00030588517273294095,-0.013895801844204145,0.014507572189670028,-0.02141372082773124,0.02202549117319712
2024-04-05,0.0169693993046899,0.00030588517273294095,-0.013895801844204145,0.014507572189670028,-0.02141372082773124,0.02202549117319712
2024-04-08,0.0062091685195614,0.00030588517273294095,-0.013895801844204145,0.014507572189670028,-0.02141372082773124,0.02202549117319712
2024-04-09,0.0054820013282546,0.00030588517273294095,-0.013895801844204145,0.014507572189670028,-0.02141372082773124,0.02202549117319712
2024-04-10,-0.0095089230354046,0.00030588517273294095,-0.013895801844204145,0.014507572189670028,-0.02141372082773124,0.02202549117319712
2024-04-11,0.0192468328744955,0.00030588517273294095,-0.013895801844204145,0.014507572189670028,-0.02141372082773124,0.02202549117319712
2024-04-12,-0.01332774609336,0.00030588517273294095,-0.013895801844204145,0.014507572189670028,-0.02141372082773124,0.02202549117319712
2024-04-15,0.0185461080043557,0.00030588517273294095,-0.013895801844204145,0.014507572189670028,-0.02141372082773124,0.02202549117319712
2024-04-16,0.0012212692273934,0.00030588517273294095,-0.013895801844204145,0.014507572189670028,-0.02141372082773124,0.02202549117319712
2024-04-17,-0.0073955324112901,0.00030588517273294095,-0.013895801844204145,0.014507572189670028,-0.02141372082773124,0.02202549117319712
2024-04-18,0.0034096367107846,0.00030588517273294095,-0.013895801844204145,0.014507572189670028,-0.02141372082773124,0.02202549117319712
2024-04-19,0.0031266420969038,0.00030588517273294095,-0.013895801844204145,0.014507572189670028,-0.02141372082773124,0.02202549117319712
2024-04-22,-0.0250127166271575,0.00030588517273294095,-0.013895801844204145,0.014507572189670028,-0.02141372082773124,0.02202549117319712
2024-04-23,-0.0024616906480957,0.00030588517273294095,-0.013895801844204145,0.014507572189670028,-0.02141372082773124,0.02202549117319712
2024-04-24,-0.0018618228395408,0.00030588517273294095,-0.013895801844204145,0.014507572189670028,-0.02141372082773124,0.02202549117319712
2024-04-25,0.0059457569557404,0.00031739227276905593,-0.01388545868228392,0.01452024322782203,-0.02140399381743065,0.022038778362968765
2024-04-26,0.0032366836371748,0.00031739227276905593,-0.01388545868228392,0.01452024322782203,-0.02140399381743065,0.022038778362968765
2024-04-29,-0.0020332837588085,0.00031739227276905593,-0.01388545868228392,0.01452024322782203,-0.02140399381743065,0.022038778362968765
2024-04-30,-0.0201385041179373,0.00031739227276905593,-0.01388545868228392,0.01452024322782203,-0.02140399381743065,0.022038778362968765
2024-05-01,0.0090213374183556,0.00031739227276905593,-0.01388545868228392,0.01452024322782203,-0.02140399381743065,0.022038778362968765
2024-05-02,-0.0030918623251211,0.00031739227276905593,-0.01388545868228392,0.01452024322782203,-0.02140399381743065,0.022038778362968765
2024-05-03,-0.000797944909942,0.00031739227276905593,-0.01388545868228392,0.01452024322782203,-0.02140399381743065,0.022038778362968765
2024-05-06,0.0104634279333738,0.00031739227276905593,-0.01388545868228392,0.01452024322782203,-0.02140399381743065,0.022038778362968765
2024-05-07,-0.0046109404994196,0.00031739227276905593,-0.01388545868228392,0.01452024322782203,-0.02140399381743065,0.022038778362968765
2024-05-08,-0.0029453952906236,0.00031739227276905593,-0.01388545868228392,0.01452024322782203,-0.02140399381743065,0.022038778362968765
2024-05-09,0.0156554198611632,0.00031739227276905593,-0.01388545868228392,0.01452024322782203,-0.02140399381743065,0.022038778362968765
2024-05-10,0.0080797838943197,0.00031739227276905593,-0.01388545868228392,0.01452024322782203,-0.02140399381743065,0.022038778362968765
2024-05-13,-0.0112653199553876,0.00031739227276905593,-0.01388545868228392,0.01452024322782203,-0.02140399381743065,0.022038778362968765
2024-05-14,0.0084264427207498,0.00031739227276905593,-0.01388545868228392,0.01452024322782203,-0.02140399381743065,0.022038778362968765
2024-05-15,0.0127570324481877,0.00031739227276905593,-0.01388545868228392,0.01452024322782203,-0.02140399381743065,0.022038778362968765
2024-05-16,-0.0039009421414324,0.00031739227276905593,-0.01388545868228392,0.01452024322782203,-0.02140399381743065,0.022038778362968765
2024-05-17,0.0163631628294417,0.00031739227276905593,-0.01388545868228392,0.01452024322782203,-0.02140399381743065,0.022038778362968765
2024-05-20,0.0040158632080744,0.00031739227276905593,-0.01388545868228392,0.01452024322782203,-0.02140399381743065,0.022038778362968765
2024-05-21,-0.0014706294501548,0.00031739227276905593,-0.01388545868228392,0.01452024322782203,-0.02140399381743065,0.022038778362968765
2024-05-22,-0.0185448675645655,0.00031739227276905593,-0.01388545868228392,0.01452024322782203,-0.02140399381743065,0.022038778362968765
2024-05-23,-0.0201461480391864,0.00032121153538321824,-0.013881213366337172,0.01452363643710361,-0.021399522962473418,0.022041946033239855
2024-05-24,0.0009266841017383,0.00032121153538321824,-0.013881213366337172,0.01452363643710361,-0.021399522962473418,0.022041946033239855
2024-05-28,0.0104582937944146,0.00032121153538321824,-0.013881213366337172,0.01452363643710361,-0.021399522962473418,0.022041946033239855
2024-05-29,-0.0093473628703688,0.00032121153538321824,-0.013881213366337172,0.01452363643710361,-0.021399522962473418,0.022041946033239855
2024-05-30,0.0018949634848047,0.00032121153538321824,-0.013881213366337172,0.01452363643710361,-0.021399522962473418,0.022041946033239855
2024-05-31,-0.0058814360935925,0.00032121153538321824,-0.013881213366337172,0.01452363643710361,-0.021399522962473418,0.022041946033239855
2024-06-03,0.0088782519267913,0.00032121153538321824,-0.013881213366337172,0.01452363643710361,-0.021399522962473418,0.022041946033239855
2024-06-04,-0.00901759641821,0.00032121153538321824,-0.013881213366337172,0.01452363643710361,-0.021399522962473418,0.022041946033239855
2024-06-05,0.0117759932192947,0.00032121153538321824,-0.013881213366337172,0.01452363643710361,-0.021399522962473418,0.022041946033239855
2024-06-06,0.0073641743967564,0.00032121153538321824,-0.013881213366337172,0.01452363643710361,-0.021399522962473418,0.022041946033239855
2024-06-07,-0.0363355128406583,0.00032121153538321824,-0.013881213366337172,0.01452363643710361,-0.021399522962473418,0.022041946033239855
2024-06-10,0.0091264084806261,0.00032121153538321824,-0.013881213366337172,0.01452363643710361,-0.021399522962473418,0.022041946033239855
2024-06-11,0.0028525382508944,0.00032121153538321824,-0.013881213366337172,0.01452363643710361,-0.021399522962473418,0.022041946033239855
2024-06-12,0.0026581839081537,0.00032121153538321824,-0.013881213366337172,0.01452363643710361,-0.021399522962473418,0.022041946033239855
2024-06-13,-0.0081835430171976,0.00032121153538321824,-0.013881213366337172,0.01452363643710361,-0.021399522962473418,0.022041946033239855
2024-06-14,0.0128762895266324,0.00032121153538321824,-0.013881213366337172,0.01452363643710361,-0.021399522962473418,0.022041946033239855
2024-06-17,-0.0052051757004507,0.00032121153538321824,-0.013881213366337172,0.01452363643710361,-0.021399522962473418,0.022041946033239855
2024-06-18,0.0039992641040523,0.00032121153538321824,-0.013881213366337172,0.01452363643710361,-0.021399522962473418,0.022041946033239855
2024-06-20,0.0124070609422332,0.00032121153538321824,-0.013881213366337172,0.01452363643710361,-0.021399522962473418,0.022041946033239855
2024-06-21,-0.0156145125771135,0.00032121153538321824,-0.013881213366337172,0.01452363643710361,-0.021399522962473418,0.022041946033239855
2024-06-24,0.0039497558204108,0.0003149150450767123,-0.013890124482443571,0.014519954572596996,-0.02140981817787115,0.022039648268024573
2024-06-25,-0.0049745904122726,0.0003149150450767123,-0.013890124482443571,0.014519954572596996,-0.02140981817787115,0.022039648268024573
2024-06-26,-0.009271011435783,0.0003149150450767123,-0.013890124482443571,0.014519954572596996,-0.02140981817787115,0.022039648268024573
2024-06-27,0.0112731442499241,0.0003149150450767123,-0.013890124482443571,0.014519954572596996,-0.02140981817787115,0.022039648268024573
2024-06-28,9.297215668006984e-05,0.0003149150450767123,-0.013890124482443571,0.014519954572596996,-0.02140981817787115,0.022039648268024573
2024-07-01,0.0026012036358742,0.0003149150450767123,-0.013890124482443571,0.014519954572596996,-0.02140981817787115,0.022039648268024573
2024-07-02,-4.643502198142268e-05,0.0003149150450767123,-0.013890124482443571,0.014519954572596996,-0.02140981817787115,0.022039648268024573
2024-07-03,0.0112099336370619,0.0003149150450767123,-0.013890124482443571,0.014519954572596996,-0.02140981817787115,0.022039648268024573
2024-07-05,0.0133966607346945,0.0003149150450767123,-0.013890124482443571,0.014519954572596996,-0.02140981817787115,0.022039648268024573
2024-07-08,-0.0124796220872563,0.0003149150450767123,-0.013890124482443571,0.014519954572596996,-0.02140981817787115,0.022039648268024573
2024-07-09,0.0016943111880905,0.0003149150450767123,-0.013890124482443571,0.014519954572596996,-0.02140981817787115,0.022039648268024573
2024-07-10,0.0036536533844153,0.0003149150450767123,-0.013890124482443571,0.014519954572596996,-0.02140981817787115,0.022039648268024573
2024-07-11,0.0175780011601844,0.0003149150450767123,-0.013890124482443571,0.014519954572596996,-0.02140981817787115,0.022039648268024573
2024-07-12,-0.0006272936376368,0.0003149150450767123,-0.013890124482443571,0.014519954572596996,-0.02140981817787115,0.022039648268024573
2024-07-15,0.0032219172131206,0.0003149150450767123,-0.013890124482443571,0.014519954572596996,-0.02140981817787115,0.022039648268024573
2024-07-16,0.0197298778200488,0.0003149150450767123,-0.013890124482443571,0.014519954572596996,-0.02140981817787115,0.022039648268024573
2024-07-17,-0.0046540195707981,0.0003149150450767123,-0.013890124482443571,0.014519954572596996,-0.02140981817787115,0.022039648268024573
2024-07-18,-0.0064016331545465,0.0003149150450767123,-0.013890124482443571,0.014519954572596996,-0.02140981817787115,0.022039648268024573
2024-07-19,-0.0181006622306462,0.0003149150450767123,-0.013890124482443571,0.014519954572596996,-0.02140981817787115,0.022039648268024573
2024-07-22,0.0003156824791686,0.0003149150450767123,-0.013890124482443571,0.014519954572596996,-0.02140981817787115,0.022039648268024573
2024-07-23,0.0035105070964616,0.0003201223663304239,-0.013877299715295272,0.014517544447956119,-0.021392960978447118,0.022033205711107964
2024-07-24,-0.0035105070964615,0.0003201223663304239,-0.013877299715295272,0.014517544447956119,-0.021392960978447118,0.022033205711107964
2024-07-25,-0.0157684006136557,0.0003201223663304239,-0.013877299715295272,0.014517544447956119,-0.021392960978447118,0.022033205711107964
2024-07-26,0.0104794243898432,0.0003201223663304239,-0.013877299715295272,0.014517544447956119,-0.021392960978447118,0.022033205711107964
2024-07-29,-0.0014060442276131,0.0003201223663304239,-0.013877299715295272,0.014517544447956119,-0.021392960978447118,0.022033205711107964
2024-07-30,0.0099359361835447,0.0003201223663304239,-0.013877299715295272,0.014517544447956119,-0.021392960978447118,0.022033205711107964
2024-07-31,0.0179486801762796,0.0003201223663304239,-0.013877299715295272,0.014517544447956119,-0.021392960978447118,0.022033205711107964
2024-08-01,-0.0034488837098833,0.0003201223663304239,-0.013877299715295272,0.014517544447956119,-0.021392960978447118,0.022033205711107964
2024-08-02,-0.0019064443892985,0.0003201223663304239,-0.013877299715295272,0.014517544447956119,-0.021392960978447118,0.022033205711107964
2024-08-05,-0.0127731657626246,0.0003201223663304239,-0.013877299715295272,0.014517544447956119,-0.021392960978447118,0.022033205711107964
2024-08-06,-0.00803289128685,0.0003201223663304239,-0.013877299715295272,0.014517544447956119,-0.021392960978447118,0.022033205711107964
2024-08-07,-0.0006798590470787,0.0003201223663304239,-0.013877299715295272,0.014517544447956119,-0.021392960978447118,0.022033205711107964
2024-08-08,0.0155662288057779,0.0003201223663304239,-0.013877299715295272,0.014517544447956119,-0.021392960978447118,0.022033205711107964
2024-08-09,0.0024522519879112,0.0003201223663304239,-0.013877299715295272,0.014517544447956119,-0.021392960978447118,0.022033205711107964
2024-08-12,0.0169993545119223,0.0003201223663304239,-0.013877299715295272,0.014517544447956119,-0.021392960978447118,0.022033205711107964
2024-08-13,-0.0015335341694868,0.0003201223663304239,-0.013877299715295272,0.014517544447956119,-0.021392960978447118,0.022033205711107964
2024-08-14,-0.0081891913335011,0.0003201223663304239,-0.013877299715295272,0.014517544447956119,-0.021392960978447118,0.022033205711107964
2024-08-15,0.0031339290416113,0.0003201223663304239,-0.013877299715295272,0.014517544447956119,-0.021392960978447118,0.022033205711107964
2024-08-16,0.0221408117352881,0.0003201223663304239,-0.013877299715295272,0.014517544447956119,-0.021392960978447118,0.022033205711107964
2024-08-19,-0.0016393656726292,0.0003201223663304239,-0.013877299715295272,0.014517544447956119,-0.021392960978447118,0.022033205711107964
2024-08-20,0.0036632708025022,0.0003275235592019819,-0.013870474963845,0.014525522082248962,-0.02138644137665257,0.022041488495056535
2024-08-21,-0.0013345079227064,0.0003275235592019819,-0.013870474963845,0.014525522082248962,-0.02138644137665257,0.022041488495056535
2024-08-22,-0.012047289256478,0.0003275235592019819,-0.013870474963845,0.014525522082248962,-0.02138644137665257,0.022041488495056535
2024-08-23,0.0114871943432589,0.0003275235592019819,-0.013870474963845,0.014525522082248962,-0.02138644137665257,0.022041488495056535
2024-08-26,0.0031842629268951,0.0003275235592019819,-0.013870474963845,0.014525522082248962,-0.02138644137665257,0.022041488495056535
2024-08-27,0.0027030152296242,0.0003275235592019819,-0.013870474963845,0.014525522082248962,-0.02138644137665257,0.022041488495056535
2024-08-28,-0.007051666972008,0.0003275235592019819,-0.013870474963845,0.014525522082248962,-0.02138644137665257,0.022041488495056535
2024-08-29,0.0051646207163568,0.0003275235592019819,-0.013870474963845,0.014525522082248962,-0.02138644137665257,0.022041488495056535
2024-08-30,-0.0071515197828322,0.0003275235592019819,-0.013870474963845,0.014525522082248962,-0.02138644137665257,0.022041488495056535
2024-09-03,-0.0043329502735323,0.0003275235592019819,-0.013870474963845,0.014525522082248962,-0.02138644137665257,0.022041488495056535
2024-09-04,0.0006077417877377,0.0003275235592019819,-0.013870474963845,0.014525522082248962,-0.02138644137665257,0.022041488495056535
2024-09-05,0.0082977849059199,0.0003275235592019819,-0.013870474963845,0.014525522082248962,-0.02138644137665257,0.022041488495056535
2024-09-06,-0.0074301658514056,0.0003275235592019819,-0.013870474963845,0.014525522082248962,-0.02138644137665257,0.022041488495056535
2024-09-09,0.0041970561043253,0.0003275235592019819,-0.013870474963845,0.014525522082248962,-0.02138644137665257,0.022041488495056535
2024-09-10,0.0043944278678481,0.0003275235592019819,-0.013870474963845,0.014525522082248962,-0.02138644137665257,0.022041488495056535
2024-09-11,-0.0015918222264343,0.0003275235592019819,-0.013870474963845,0.014525522082248962,-0.02138644137665257,0.022041488495056535
2024-09-12,0.0174147634461192,0.0003275235592019819,-0.013870474963845,0.014525522082248962,-0.02138644137665257,0.022041488495056535
2024-09-13,0.0098945708274604,0.0003275235592019819,-0.013870474963845,0.014525522082248962,-0.02138644137665257,0.022041488495056535
2024-09-16,-8.375168155593023e-05,0.0003275235592019819,-0.013870474963845,0.014525522082248962,-0.02138644137665257,0.022041488495056535
2024-09-17,-0.0055462634787813,0.0003275235592019819,-0.013870474963845,0.014525522082248962,-0.02138644137665257,0.022041488495056535
2024-09-18,-0.0077403447317757,0.0003310827770577868,-0.013846155700543298,0.01450832125465887,-0.021351132409129784,0.022013297963245356
2024-09-19,0.0154212364194876,0.0003310827770577868,-0.013846155700543298,0.01450832125465887,-0.021351132409129784,0.022013297963245356
2024-09-20,0.0126305576825315,0.0003310827770577868,-0.013846155700543298,0.01450832125465887,-0.021351132409129784,0.022013297963245356
2024-09-23,0.001938526716101,0.0003310827770577868,-0.013846155700543298,0.01450832125465887,-0.021351132409129784,0.022013297963245356
2024-09-24,0.0138724051716508,0.0003310827770577868,-0.013846155700543298,0.01450832125465887,-0.021351132409129784,0.022013297963245356
2024-09-25,-0.0013827232563759,0.0003310827770577868,-0.013846155700543298,0.01450832125465887,-0.021351132409129784,0.022013297963245356
2024-09-26,0.0050739895820529,0.0003310827770577868,-0.013846155700543298,0.01450832125465887,-0.021351132409129784,0.022013297963245356
2024-09-27,-0.0079674870876455,0.0003310827770577868,-0.013846155700543298,0.01450832125465887,-0.021351132409129784,0.022013297963245356
2024-09-30,-0.0080315409050221,0.0003310827770577868,-0.013846155700543298,0.01450832125465887,-0.021351132409129784,0.022013297963245356
2024-10-01,0.0104365981433151,0.0003310827770577868,-0.013846155700543298,0.01450832125465887,-0.021351132409129784,0.022013297963245356
2024-10-02,0.0002035664766649,0.0003310827770577868,-0.013846155700543298,0.01450832125465887,-0.021351132409129784,0.022013297963245356
2024-10-03,-0.00069224543445,0.0003310827770577868,-0.013846155700543298,0.01450832125465887,-0.021351132409129784,0.022013297963245356
2024-10-04,-0.001998025038998,0.0003310827770577868,-0.013846155700543298,0.01450832125465887,-0.021351132409129784,0.022013297963245356
2024-10-07,-0.0033935140367649,0.0003310827770577868,-0.013846155700543298,0.01450832125465887,-0.021351132409129784,0.022013297963245356
2024-10-08,-0.0073992324943445,0.0003310827770577868,-0.013846155700543298,0.01450832125465887,-0.021351132409129784,0.022013297963245356
2024-10-09,-0.0054610705017173,0.0003310827770577868,-0.013846155700543298,0.01450832125465887,-0.021351132409129784,0.022013297963245356
2024-10-10,0.0073160647670896,0.0003310827770577868,-0.013846155700543298,0.01450832125465887,-0.021351132409129784,0.022013297963245356
2024-10-11,0.0108542868688607,0.0003310827770577868,-0.013846155700543298,0.01450832125465887,-0.021351132409129784,0.022013297963245356
2024-10-14,-0.0016308312397319,0.0003310827770577868,-0.013846155700543298,0.01450832125465887,-0.021351132409129784,0.022013297963245356
2024-10-15,0.0034623584364339,0.0003310827770577868,-0.013846155700543298,0.01450832125465887,-0.021351132409129784,0.022013297963245356
2024-10-16,0.0049891427128232,0.0003368060619657862,-0.013833217659563194,0.014506829783494768,-0.021334375106989278,0.022007987230920848
2024-10-17,0.0059704521617615,0.0003368060619657862,-0.013833217659563194,0.014506829783494768,-0.021334375106989278,0.022007987230920848
2024-10-18,0.0105622079795937,0.0003368060619657862,-0.013833217659563194,0.014506829783494768,-0.021334375106989278,0.022007987230920848
2024-10-21,-0.000199021080524,0.0003368060619657862,-0.013833217659563194,0.014506829783494768,-0.021334375106989278,0.022007987230920848
2024-10-22,0.0107295555236377,0.0003368060619657862,-0.013833217659563194,0.014506829783494768,-0.021334375106989278,0.022007987230920848
2024-10-23,-0.0121237524316151,0.0003368060619657862,-0.013833217659563194,0.014506829783494768,-0.021334375106989278,0.022007987230920848
2024-10-24,0.0076638171342995,0.0003368060619657862,-0.013833217659563194,0.014506829783494768,-0.021334375106989278,0.022007987230920848
2024-10-25,0.0020548662166116,0.0003368060619657862,-0.013833217659563194,0.014506829783494768,-0.021334375106989278,0.022007987230920848
2024-10-28,3.945329776617785e-05,0.0003368060619657862,-0.013833217659563194,0.014506829783494768,-0.021334375106989278,0.022007987230920848
2024-10-29,0.0108359370369524,0.0003368060619657862,-0.013833217659563194,0.014506829783494768,-0.021334375106989278,0.022007987230920848
2024-10-30,0.0054907892079315,0.0003368060619657862,-0.013833217659563194,0.014506829783494768,-0.021334375106989278,0.022007987230920848
2024-10-31,-0.0156164717872707,0.0003368060619657862,-0.013833217659563194,0.014506829783494768,-0.021334375106989278,0.022007987230920848
2024-11-01,-0.0041108137059421,0.0003368060619657862,-0.013833217659563194,0.014506829783494768,-0.021334375106989278,0.022007987230920848
2024-11-04,0.0014248987496042,0.0003368060619657862,-0.013833217659563194,0.014506829783494768,-0.021334375106989278,0.022007987230920848
2024-11-05,0.0022519104403699,0.0003368060619657862,-0.013833217659563194,0.014506829783494768,-0.021334375106989278,0.022007987230920848
2024-11-06,-0.0308579766940856,0.0003368060619657862,-0.013833217659563194,0.014506829783494768,-0.021334375106989278,0.022007987230920848
2024-11-07,0.0159486453918613,0.0003368060619657862,-0.013833217659563194,0.014506829783494768,-0.021334375106989278,0.022007987230920848
2024-11-08,-0.0067924425881974,0.0003368060619657862,-0.013833217659563194,0.014506829783494768,-0.021334375106989278,0.022007987230920848
2024-11-11,-0.0237514011511919,0.0003368060619657862,-0.013833217659563194,0.014506829783494768,-0.021334375106989278,0.022007987230920848
2024-11-12,-0.0086688210689802,0.0003368060619657862,-0.013833217659563194,0.014506829783494768,-0.021334375106989278,0.022007987230920848
2024-11-13,-0.0101323849976972,0.000330667224741635,-0.013836441074415274,0.014497775523898544,-0.021336055190463204,0.021997389639946473
2024-11-14,-0.0026125515313784,0.000330667224741635,-0.013836441074415274,0.014497775523898544,-0.021336055190463204,0.021997389639946473
2024-11-15,-0.001773641415401,0.000330667224741635,-0.013836441074415274,0.014497775523898544,-0.021336055190463204,0.021997389639946473
2024-11-18,0.0188416228259249,0.000330667224741635,-0.013836441074415274,0.014497775523898544,-0.021336055190463204,0.021997389639946473
2024-11-19,0.008919428494708,0.000330667224741635,-0.013836441074415274,0.014497775523898544,-0.021336055190463204,0.021997389639946473
2024-11-20,0.0056162450322957,0.000330667224741635,-0.013836441074415274,0.014497775523898544,-0.021336055190463204,0.021997389639946473
2024-11-21,0.008304918886222,0.000330667224741635,-0.013836441074415274,0.014497775523898544,-0.021336055190463204,0.021997389639946473
2024-11-22,0.0128098133323722,0.000330667224741635,-0.013836441074415274,0.014497775523898544,-0.021336055190463204,0.021997389639946473
2024-11-25,-0.029901483187306,0.000330667224741635,-0.013836441074415274,0.014497775523898544,-0.021336055190463204,0.021997389639946473
2024-11-26,0.0019364331609546,0.000330667224741635,-0.013836441074415274,0.014497775523898544,-0.021336055190463204,0.021997389639946473
2024-11-27,0.0022202481870022,0.000330667224741635,-0.013836441074415274,0.014497775523898544,-0.021336055190463204,0.021997389639946473
2024-11-29,0.0085875674425342,0.000330667224741635,-0.013836441074415274,0.014497775523898544,-0.021336055190463204,0.021997389639946473
2024-12-02,-0.0087929483026941,0.000330667224741635,-0.013836441074415274,0.014497775523898544,-0.021336055190463204,0.021997389639946473
2024-12-03,0.0020107532444556,0.000330667224741635,-0.013836441074415274,0.014497775523898544,-0.021336055190463204,0.021997389639946473
2024-12-04,0.0030290874860776,0.000330667224741635,-0.013836441074415274,0.014497775523898544,-0.021336055190463204,0.021997389639946473
2024-12-05,-0.0074252082091734,0.000330667224741635,-0.013836441074415274,0.014497775523898544,-0.021336055190463204,0.021997389639946473
2024-12-06,0.0003705001517975,0.000330667224741635,-0.013836441074415274,0.014497775523898544,-0.021336055190463204,0.021997389639946473
2024-12-09,0.0098708740029185,0.000330667224741635,-0.013836441074415274,0.014497775523898544,-0.021336055190463204,0.021997389639946473
2024-12-10,0.0130784159809939,0.000330667224741635,-0.013836441074415274,0.014497775523898544,-0.021336055190463204,0.021997389639946473
2024-12-11,0.0094886523605948,0.000330667224741635,-0.013836441074415274,0.014497775523898544,-0.021336055190463204,0.021997389639946473
2024-12-12,-0.0147722977478215,0.0003381406368259657,-0.013826696956506991,0.014502978230158923,-0.021325109033501422,0.02200139030715335
2024-12-13,-0.0121652762233744,0.0003381406368259657,-0.013826696956506991,0.014502978230158923,-0.021325109033501422,0.02200139030715335
2024-12-16,0.0024122979128055,0.0003381406368259657,-0.013826696956506991,0.014502978230158923,-0.021325109033501422,0.02200139030715335
2024-12-17,-0.0038460111534536,0.0003381406368259657,-0.013826696956506991,0.014502978230158923,-0.021325109033501422,0.02200139030715335
2024-12-18,-0.0193714996395325,0.0003381406368259657,-0.013826696956506991,0.014502978230158923,-0.021325109033501422,0.02200139030715335
2024-12-19,0.0014200879312812,0.0003381406368259657,-0.013826696956506991,0.014502978230158923,-0.021325109033501422,0.02200139030715335
2024-12-20,0.0103799974396683,0.0003381406368259657,-0.013826696956506991,0.014502978230158923,-0.021325109033501422,0.02200139030715335
2024-12-23,-0.0047199166802106,0.0003381406368259657,-0.013826696956506991,0.014502978230158923,-0.021325109033501422,0.02200139030715335
2024-12-24,0.0019900326568706,0.0003381406368259657,-0.013826696956506991,0.014502978230158923,-0.021325109033501422,0.02200139030715335
2024-12-26,0.0067284927019149,0.0003381406368259657,-0.013826696956506991,0.014502978230158923,-0.021325109033501422,0.02200139030715335
2024-12-27,-0.0068942144537037,0.0003381406368259657,-0.013826696956506991,0.014502978230158923,-0.021325109033501422,0.02200139030715335
2024-12-30,-0.0031947790408759,0.0003381406368259657,-0.013826696956506991,0.014502978230158923,-0.021325109033501422,0.02200139030715335
2024-12-31,0.0062142878317398,0.0003381406368259657,-0.013826696956506991,0.014502978230158923,-0.021325109033501422,0.02200139030715335
2025-01-02,0.0134962289170307,0.0003381406368259657,-0.013826696956506991,0.014502978230158923,-0.021325109033501422,0.02200139030715335
2025-01-03,-0.0078951246098437,0.0003381406368259657,-0.013826696956506991,0.014502978230158923,-0.021325109033501422,0.02200139030715335
2025-01-06,-0.0012328556129919,0.0003381406368259657,-0.013826696956506991,0.014502978230158923,-0.021325109033501422,0.02200139030715335
2025-01-07,0.0056176267350635,0.0003381406368259657,-0.013826696956506991,0.014502978230158923,-0.021325109033501422,0.02200139030715335
2025-01-08,0.0053016031219844,0.0003381406368259657,-0.013826696956506991,0.014502978230158923,-0.021325109033501422,0.02200139030715335
2025-01-10,0.0095129183749497,0.0003381406368259657,-0.013826696956506991,0.014502978230158923,-0.021325109033501422,0.02200139030715335
2025-01-13,-0.0100011003036753,0.0003381406368259657,-0.013826696956506991,0.014502978230158923,-0.021325109033501422,0.02200139030715335
2025-01-14,0.0052356930079882,0.00033264008649277083,-0.013821984993449539,0.014487265166435082,-0.02131499089241755,0.02198027106540309
2025-01-15,0.0074610904075508,0.00033264008649277083,-0.013821984993449539,0.014487265166435082,-0.02131499089241755,0.02198027106540309
2025-01-16,0.0068871946090514,0.00033264008649277083,-0.013821984993449539,0.014487265166435082,-0.02131499089241755,0.02198027106540309
2025-01-17,-0.0053214033326847,0.00033264008649277083,-0.013821984993449539,0.014487265166435082,-0.02131499089241755,0.02198027106540309
2025-01-21,0.015366546556984,0.00033264008649277083,-0.013821984993449539,0.014487265166435082,-0.02131499089241755,0.02198027106540309
2025-01-22,0.0051225102130685,0.00033264008649277083,-0.013821984993449539,0.014487265166435082,-0.02131499089241755,0.02198027106540309
2025-01-23,-0.0014158718257654,0.00033264008649277083,-0.013821984993449539,0.014487265166435082,-0.02131499089241755,0.02198027106540309
2025-01-24,0.00619944922233,0.00033264008649277083,-0.013821984993449539,0.014487265166435082,-0.02131499089241755,0.02198027106540309
2025-01-27,-0.0104593136838803,0.00033264008649277083,-0.013821984993449539,0.014487265166435082,-0.02131499089241755,0.02198027106540309
2025-01-28,0.0086191658238017,0.00033264008649277083,-0.013821984993449539,0.014487265166435082,-0.02131499089241755,0.02198027106540309
2025-01-29,-0.0038478030414185,0.00033264008649277083,-0.013821984993449539,0.014487265166435082,-0.02131499089241755,0.02198027106540309
2025-01-30,0.0150319705398159,0.00033264008649277083,-0.013821984993449539,0.014487265166435082,-0.02131499089241755,0.02198027106540309
2025-01-31,0.0019744486005825,0.00033264008649277083,-0.013821984993449539,0.014487265166435082,-0.02131499089241755,0.02198027106540309
2025-02-03,0.0053230786552232,0.00033264008649277083,-0.013821984993449539,0.014487265166435082,-0.02131499089241755,0.02198027106540309
2025-02-04,0.0098002374860446,0.00033264008649277083,-0.013821984993449539,0.014487265166435082,-0.02131499089241755,0.02198027106540309
2025-02-05,0.0061903426424298,0.00033264008649277083,-0.013821984993449539,0.014487265166435082,-0.02131499089241755,0.02198027106540309
2025-02-06,-0.0026537744373774,0.00033264008649277083,-0.013821984993449539,0.014487265166435082,-0.02131499089241755,0.02198027106540309
2025-02-07,0.0017825701444091,0.00033264008649277083,-0.013821984993449539,0.014487265166435082,-0.02131499089241755,0.02198027106540309
2025-02-10,0.0167963868025065,0.00033264008649277083,-0.013821984993449539,0.014487265166435082,-0.02131499089241755,0.02198027106540309
2025-02-11,-0.0036582855898708,0.00033264008649277083,-0.013821984993449539,0.014487265166435082,-0.02131499089241755,0.02198027106540309
2025-02-12,0.0010466070727148,0.0003479046443003815,-0.013793771739844538,0.014489581028445301,-0.021279923013314113,0.021975732301914873
2025-02-13,0.0098145108301508,0.0003479046443003815,-0.013793771739844538,0.014489581028445301,-0.021279923013314113,0.021975732301914873
2025-02-14,-0.0149834669265494,0.0003479046443003815,-0.013793771739844538,0.014489581028445301,-0.021279923013314113,0.021975732301914873
2025-02-18,0.0164252691444779,0.0003479046443003815,-0.013793771739844538,0.014489581028445301,-0.021279923013314113,0.021975732301914873
2025-02-19,0.0005539429240083,0.0003479046443003815,-0.013793771739844538,0.014489581028445301,-0.021279923013314113,0.021975732301914873
2025-02-20,0.0005166991544363,0.0003479046443003815,-0.013793771739844538,0.014489581028445301,-0.021279923013314113,0.021975732301914873
2025-02-21,-0.0009229691054979,0.0003479046443003815,-0.013793771739844538,0.014489581028445301,-0.021279923013314113,0.021975732301914873
2025-02-24,0.0054148811569904,0.0003479046443003815,-0.013793771739844538,0.014489581028445301,-0.021279923013314113,0.021975732301914873
2025-02-25,-0.0132760725409756,0.0003479046443003815,-0.013793771739844538,0.014489581028445301,-0.021279923013314113,0.021975732301914873
2025-02-26,0.0015251697060953,0.0003479046443003815,-0.013793771739844538,0.014489581028445301,-0.021279923013314113,0.021975732301914873
2025-02-27,-0.0153572805066707,0.0003479046443003815,-0.013793771739844538,0.014489581028445301,-0.021279923013314113,0.021975732301914873
2025-02-28,-0.0062855326956685,0.0003479046443003815,-0.013793771739844538,0.014489581028445301,-0.021279923013314113,0.021975732301914873
2025-03-03,0.0130942847759344,0.0003479046443003815,-0.013793771739844538,0.014489581028445301,-0.021279923013314113,0.021975732301914873
2025-03-04,0.0086600294003389,0.0003479046443003815,-0.013793771739844538,0.014489581028445301,-0.021279923013314113,0.021975732301914873
2025-03-05,0.002079148169378,0.0003479046443003815,-0.013793771739844538,0.014489581028445301,-0.021279923013314113,0.021975732301914873
2025-03-06,-0.0050941606421311,0.0003479046443003815,-0.013793771739844538,0.014489581028445301,-0.021279923013314113,0.021975732301914873
2025-03-07,0.0005218196474086,0.0003479046443003815,-0.013793771739844538,0.014489581028445301,-0.021279923013314113,0.021975732301914873
2025-03-10,-0.00879449562306,0.0003479046443003815,-0.013793771739844538,0.014489581028445301,-0.021279923013314113,0.021975732301914873
2025-03-11,0.0116593063906575,0.0003479046443003815,-0.013793771739844538,0.014489581028445301,-0.021279923013314113,0.021975732301914873
2025-03-12,0.0043373733176007,0.0003479046443003815,-0.013793771739844538,0.014489581028445301,-0.021279923013314113,0.021975732301914873
2025-03-13,0.0176003457428398,0.00034866438749278487,-0.013789599295267971,0.01448692807025354,-0.02127394399375173,0.021971272768737303
2025-03-14,0.0003996778676249,0.00034866438749278487,-0.013789599295267971,0.01448692807025354,-0.02127394399375173,0.021971272768737303
2025-03-17,0.0053989324346434,0.00034866438749278487,-0.013789599295267971,0.01448692807025354,-0.02127394399375173,0.021971272768737303
2025-03-18,0.0116043640108771,0.00034866438749278487,-0.013789599295267971,0.01448692807025354,-0.02127394399375173,0.021971272768737303
2025-03-19,0.0040992943996915,0.00034866438749278487,-0.013789599295267971,0.01448692807025354,-0.02127394399375173,0.021971272768737303
2025-03-20,-0.001281406080539,0.00034866438749278487,-0.013789599295267971,0.01448692807025354,-0.02127394399375173,0.021971272768737303
2025-03-21,-0.0080824766049421,0.00034866438749278487,-0.013789599295267971,0.01448692807025354,-0.02127394399375173,0.021971272768737303
2025-03-24,-0.0044624907831339,0.00034866438749278487,-0.013789599295267971,0.01448692807025354,-0.02127394399375173,0.021971272768737303
2025-03-25,0.0043907117900746,0.00034866438749278487,-0.013789599295267971,0.01448692807025354,-0.02127394399375173,0.021971272768737303
2025-03-26,-0.000826322512426,0.00034866438749278487,-0.013789599295267971,0.01448692807025354,-0.02127394399375173,0.021971272768737303
2025-03-27,0.0133166711213895,0.00034866438749278487,-0.013789599295267971,0.01448692807025354,-0.02127394399375173,0.021971272768737303
2025-03-28,0.0073847882287821,0.00034866438749278487,-0.013789599295267971,0.01448692807025354,-0.02127394399375173,0.021971272768737303
2025-03-31,0.014261049112946,0.00034866438749278487,-0.013789599295267971,0.01448692807025354,-0.02127394399375173,0.021971272768737303
2025-04-01,-0.0019801896396476,0.00034866438749278487,-0.013789599295267971,0.01448692807025354,-0.02127394399375173,0.021971272768737303
2025-04-02,0.0020495598046479,0.00034866438749278487,-0.013789599295267971,0.01448692807025354,-0.02127394399375173,0.021971272768737303
2025-04-03,-0.0060565822044141,0.00034866438749278487,-0.013789599295267971,0.01448692807025354,-0.02127394399375173,0.021971272768737303
2025-04-04,-0.0236702047321448,0.00034866438749278487,-0.013789599295267971,0.01448692807025354,-0.02127394399375173,0.021971272768737303
2025-04-07,-0.0217199866857037,0.00034866438749278487,-0.013789599295267971,0.01448692807025354,-0.02127394399375173,0.021971272768737303
2025-04-08,0.0054290299021522,0.00034866438749278487,-0.013789599295267971,0.01448692807025354,-0.02127394399375173,0.021971272768737303
2025-04-09,0.0363234921961587,0.00034866438749278487,-0.013789599295267971,0.01448692807025354,-0.02127394399375173,0.021971272768737303
2025-04-10,0.0241300928868144,0.00035784085799544504,-0.013798046591961278,0.014513728307952169,-0.02129172074924848,0.022007402465239367
2025-04-11,0.0189067995005809,0.00035784085799544504,-0.013798046591961278,0.014513728307952169,-0.02129172074924848,0.022007402465239367
2025-04-14,-0.0057223182906535,0.00035784085799544504,-0.013798046591961278,0.014513728307952169,-0.02129172074924848,0.022007402465239367
2025-04-15,0.0052187380190257,0.00035784085799544504,-0.013798046591961278,0.014513728307952169,-0.02129172074924848,0.022007402465239367
2025-04-16,0.032022570753676,0.00035784085799544504,-0.013798046591961278,0.014513728307952169,-0.02129172074924848,0.022007402465239367
2025-04-17,-0.0044003594906631,0.00035784085799544504,-0.013798046591961278,0.014513728307952169,-0.02129172074924848,0.022007402465239367
2025-04-21,0.0304667251965626,0.00035784085799544504,-0.013798046591961278,0.014513728307952169,-0.02129172074924848,0.022007402465239367
2025-04-22,-0.01429739087994,0.00035784085799544504,-0.013798046591961278,0.014513728307952169,-0.02129172074924848,0.022007402465239367
2025-04-23,-0.0242707980646061,0.00035784085799544504,-0.013798046591961278,0.014513728307952169,-0.02129172074924848,0.022007402465239367
2025-04-24,0.0144513514097526,0.00035784085799544504,-0.013798046591961278,0.014513728307952169,-0.02129172074924848,0.022007402465239367
2025-04-25,-0.0109008789559565,0.00035784085799544504,-0.013798046591961278,0.014513728307952169,-0.02129172074924848,0.022007402465239367
2025-04-28,0.0141416374596136,0.00035784085799544504,-0.013798046591961278,0.014513728307952169,-0.02129172074924848,0.022007402465239367
2025-04-29,-0.0097866589704954,0.00035784085799544504,-0.013798046591961278,0.014513728307952169,-0.02129172074924848,0.022007402465239367
2025-04-30,-0.0075103532440418,0.00035784085799544504,-0.013798046591961278,0.014513728307952169,-0.02129172074924848,0.022007402465239367
2025-05-01,-0.0209910665037978,0.00035784085799544504,-0.013798046591961278,0.014513728307952169,-0.02129172074924848,0.022007402465239367
2025-05-02,0.0017466735903771,0.00035784085799544504,-0.013798046591961278,0.014513728307952169,-0.02129172074924848,0.022007402465239367
2025-05-05,0.0294304005776794,0.00035784085799544504,-0.013798046591961278,0.014513728307952169,-0.02129172074924848,0.022007402465239367
2025-05-06,0.0276385157477369,0.00035784085799544504,-0.013798046591961278,0.014513728307952169,-0.02129172074924848,0.022007402465239367
2025-05-07,-0.0151065929631357,0.00035784085799544504,-0.013798046591961278,0.014513728307952169,-0.02129172074924848,0.022007402465239367
2025-05-08,-0.019890788928179,0.00035784085799544504,-0.013798046591961278,0.014513728307952169,-0.02129172074924848,0.022007402465239367
2025-05-09,0.0072284856935388,0.00036911240234698564,-0.013839205129765853,0.014577429934459823,-0.02136063409600492,0.022098858900698893
2025-05-12,-0.0285955517409961,0.00036911240234698564,-0.013839205129765853,0.014577429934459823,-0.02136063409600492,0.022098858900698893
2025-05-13,0.0042499487599532,0.00036911240234698564,-0.013839205129765853,0.014577429934459823,-0.02136063409600492,0.022098858900698893
2025-05-14,-0.0212622766256428,0.00036911240234698564,-0.013839205129765853,0.014577429934459823,-0.02136063409600492,0.022098858900698893
2025-05-15,0.0158378697194074,0.00036911240234698564,-0.013839205129765853,0.014577429934459823,-0.02136063409600492,0.022098858900698893
2025-05-16,-0.0121606896022099,0.00036911240234698564,-0.013839205129765853,0.014577429934459823,-0.02136063409600492,0.022098858900698893
2025-05-19,0.0127984208167456,0.00036911240234698564,-0.013839205129765853,0.014577429934459823,-0.02136063409600492,0.022098858900698893
2025-05-20,0.0184509744839862,0.00036911240234698564,-0.013839205129765853,0.014577429934459823,-0.02136063409600492,0.022098858900698893
2025-05-21,0.007351594562024,0.00036911240234698564,-0.013839205129765853,0.014577429934459823,-0.02136063409600492,0.022098858900698893
2025-05-22,-0.0089009899253181,0.00036911240234698564,-0.013839205129765853,0.014577429934459823,-0.02136063409600492,0.022098858900698893
2025-05-23,0.0216697929051216,0.00036911240234698564,-0.013839205129765853,0.014577429934459823,-0.02136063409600492,0.022098858900698893
2025-05-27,-0.0170944333593,0.00036911240234698564,-0.013839205129765853,0.014577429934459823,-0.02136063409600492,0.022098858900698893
2025-05-28,-0.0022685891736125,0.00036911240234698564,-0.013839205129765853,0.014577429934459823,-0.02136063409600492,0.022098858900698893
2025-05-29,0.005907233361944,0.00036911240234698564,-0.013839205129765853,0.014577429934459823,-0.02136063409600492,0.022098858900698893
2025-05-30,-0.0065986657130021,0.00036911240234698564,-0.013839205129765853,0.014577429934459823,-0.02136063409600492,0.022098858900698893
2025-06-02,0.026233913208447,0.00036911240234698564,-0.013839205129765853,0.014577429934459823,-0.02136063409600492,0.022098858900698893
2025-06-03,-0.0088949946420193,0.00036911240234698564,-0.013839205129765853,0.014577429934459823,-0.02136063409600492,0.022098858900698893
2025-06-04,0.0064213132412345,0.00036911240234698564,-0.013839205129765853,0.014577429934459823,-0.02136063409600492,0.022098858900698893
2025-06-05,-0.0050626726440741,0.00036911240234698564,-0.013839205129765853,0.014577429934459823,-0.02136063409600492,0.022098858900698893
2025-06-06,-0.0135068823249481,0.00036911240234698564,-0.013839205129765853,0.014577429934459823,-0.02136063409600492,0.022098858900698893
2025-06-09,0.0047074374937491,0.00036801461228273976,-0.013860239897978653,0.014596269122544133,-0.021392222862930584,0.02212825208749606
2025-06-10,0.0002934679226739,0.00036801461228273976,-0.013860239897978653,0.014596269122544133,-0.021392222862930584,0.02212825208749606
2025-06-11,0.0053976969783305,0.00036801461228273976,-0.013860239897978653,0.014596269122544133,-0.021392222862930584,0.02212825208749606
2025-06-12,0.0123437023226924,0.00036801461228273976,-0.013860239897978653,0.014596269122544133,-0.021392222862930584,0.02212825208749606
2025-06-13,0.0130154940916994,0.00036801461228273976,-0.013860239897978653,0.014596269122544133,-0.021392222862930584,0.02212825208749606
2025-06-16,-0.0143617343038023,0.00036801461228273976,-0.013860239897978653,0.014596269122544133,-0.021392222862930584,0.02212825208749606
2025-06-17,0.0005130624809404,0.00036801461228273976,-0.013860239897978653,0.014596269122544133,-0.021392222862930584,0.02212825208749606
2025-06-18,-0.0054001823384026,0.00036801461228273976,-0.013860239897978653,0.014596269122544133,-0.021392222862930584,0.02212825208749606
2025-06-20,-0.0004191069541604,0.00036801461228273976,-0.013860239897978653,0.014596269122544133,-0.021392222862930584,0.02212825208749606
2025-06-23,0.0030584905042089,0.00036801461228273976,-0.013860239897978653,0.014596269122544133,-0.021392222862930584,0.02212825208749606
2025-06-24,-0.01584423839127,0.00036801461228273976,-0.013860239897978653,0.014596269122544133,-0.021392222862930584,0.02212825208749606
2025-06-25,0.0030327025232496,0.00036801461228273976,-0.013860239897978653,0.014596269122544133,-0.021392222862930584,0.02212825208749606
2025-06-26,-0.0011076604529502,0.00036801461228273976,-0.013860239897978653,0.014596269122544133,-0.021392222862930584,0.02212825208749606
2025-06-27,-0.018289975504647,0.00036801461228273976,-0.013860239897978653,0.014596269122544133,-0.021392222862930584,0.02212825208749606
2025-06-30,0.0119133012797551,0.00036801461228273976,-0.013860239897978653,0.014596269122544133,-0.021392222862930584,0.02212825208749606
2025-07-01,0.0088834358471799,0.00036801461228273976,-0.013860239897978653,0.014596269122544133,-0.021392222862930584,0.02212825208749606
2025-07-02,0.0055123753094295,0.00036801461228273976,-0.013860239897978653,0.014596269122544133,-0.021392222862930584,0.02212825208749606
2025-07-03,-0.0068462938820206,0.00036801461228273976,-0.013860239897978653,0.014596269122544133,-0.021392222862930584,0.02212825208749606
2025-07-07,0.0007485003525817,0.00036801461228273976,-0.013860239897978653,0.014596269122544133,-0.021392222862930584,0.02212825208749606
2025-07-08,-0.0104983269629637,0.00036801461228273976,-0.013860239897978653,0.014596269122544133,-0.021392222862930584,0.02212825208749606
2025-07-09,0.0044613161776255,0.00036593170659488363,-0.013853030954826496,0.014584894368016263,-0.021380095112125286,0.022111958525315053
2025-07-10,0.0022233161319651,0.00036593170659488363,-0.013853030954826496,0.014584894368016263,-0.021380095112125286,0.022111958525315053
2025-07-11,0.0095557730188639,0.00036593170659488363,-0.013853030954826496,0.014584894368016263,-0.021380095112125286,0.022111958525315053
2025-07-14,-0.0036620144241214,0.00036593170659488363,-0.013853030954826496,0.014584894368016263,-0.021380095112125286,0.022111958525315053
2025-07-15,-0.0041643640755145,0.00036593170659488363,-0.013853030954826496,0.014584894368016263,-0.021380095112125286,0.022111958525315053
2025-07-16,0.0049756967893918,0.00036593170659488363,-0.013853030954826496,0.014584894368016263,-0.021380095112125286,0.022111958525315053
2025-07-17,-0.0021758989541098,0.00036593170659488363,-0.013853030954826496,0.014584894368016263,-0.021380095112125286,0.022111958525315053
2025-07-18,0.0025975477973482,0.00036593170659488363,-0.013853030954826496,0.014584894368016263,-0.021380095112125286,0.022111958525315053
2025-07-21,0.0152531921274327,0.00036593170659488363,-0.013853030954826496,0.014584894368016263,-0.021380095112125286,0.022111958525315053
2025-07-22,0.0094401831613078,0.00036593170659488363,-0.013853030954826496,0.014584894368016263,-0.021380095112125286,0.022111958525315053
2025-07-23,-0.012478717461642,0.00036593170659488363,-0.013853030954826496,0.014584894368016263,-0.021380095112125286,0.022111958525315053
2025-07-24,-0.0061370703288567,0.00036593170659488363,-0.013853030954826496,0.014584894368016263,-0.021380095112125286,0.022111958525315053
2025-07-25,-0.0092930394906785,0.00036593170659488363,-0.013853030954826496,0.014584894368016263,-0.021380095112125286,0.022111958525315053
2025-07-28,-0.0064946630675782,0.00036593170659488363,-0.013853030954826496,0.014584894368016263,-0.021380095112125286,0.022111958525315053
2025-07-29,0.0027466136773079,0.00036593170659488363,-0.013853030954826496,0.014584894368016263,-0.021380095112125286,0.022111958525315053
2025-07-30,-0.0174244246984347,0.00036593170659488363,-0.013853030954826496,0.014584894368016263,-0.021380095112125286,0.022111958525315053
2025-07-31,0.0066234182282512,0.00036593170659488363,-0.013853030954826496,0.014584894368016263,-0.021380095112125286,0.022111958525315053
2025-08-01,0.0200963978265726,0.00036593170659488363,-0.013853030954826496,0.014584894368016263,-0.021380095112125286,0.022111958525315053
2025-08-04,0.0058063397939676,0.00036593170659488363,-0.013853030954826496,0.014584894368016263,-0.021380095112125286,0.022111958525315053
2025-08-05,0.0008037680984962,0.00036593170659488363,-0.013853030954826496,0.014584894368016263,-0.021380095112125286,0.022111958525315053
2025-08-06,-0.0021233597342562,0.0003688939419234827,-0.01383699173104914,0.014574779614896104,-0.021357133348822235,0.0220949212326692
2025-08-07,0.0084025866801711,0.0003688939419234827,-0.01383699173104914,0.014574779614896104,-0.021357133348822235,0.0220949212326692
2025-08-08,-0.0002236048562566,0.0003688939419234827,-0.01383699173104914,0.014574779614896104,-0.021357133348822235,0.0220949212326692
2025-08-11,-0.0144790179929437,0.0003688939419234827,-0.01383699173104914,0.014574779614896104,-0.021357133348822235,0.0220949212326692
2025-08-12,-0.000907878502829,0.0003688939419234827,-0.01383699173104914,0.014574779614896104,-0.021357133348822235,0.0220949212326692
2025-08-13,0.0030446433804474,0.0003688939419234827,-0.01383699173104914,0.014574779614896104,-0.021357133348822235,0.0220949212326692
2025-08-14,-0.0063588816359785,0.0003688939419234827,-0.01383699173104914,0.014574779614896104,-0.021357133348822235,0.0220949212326692
2025-08-15,0.0005856467855486,0.0003688939419234827,-0.01383699173104914,0.014574779614896104,-0.021357133348822235,0.0220949212326692
2025-08-18,-0.0015624875893944,0.0003688939419234827,-0.01383699173104914,0.014574779614896104,-0.021357133348822235,0.0220949212326692
2025-08-19,-0.0054883127211995,0.0003688939419234827,-0.01383699173104914,0.014574779614896104,-0.021357133348822235,0.0220949212326692
2025-08-20,0.0100712891656241,0.0003688939419234827,-0.01383699173104914,0.014574779614896104,-0.021357133348822235,0.0220949212326692
2025-08-21,-0.003475929162816,0.0003688939419234827,-0.01383699173104914,0.014574779614896104,-0.021357133348822235,0.0220949212326692
2025-08-22,0.0106495189827534,0.0003688939419234827,-0.01383699173104914,0.014574779614896104,-0.021357133348822235,0.0220949212326692
2025-08-25,-0.0024177572824804,0.0003688939419234827,-0.01383699173104914,0.014574779614896104,-0.021357133348822235,0.0220949212326692
2025-08-26,0.0072358055476428,0.0003688939419234827,-0.01383699173104914,0.014574779614896104,-0.021357133348822235,0.0220949212326692
2025-08-27,0.0020166939883499,0.0003688939419234827,-0.01383699173104914,0.014574779614896104,-0.021357133348822235,0.0220949212326692
2025-08-28,0.0073916523509603,0.0003688939419234827,-0.01383699173104914,0.014574779614896104,-0.021357133348822235,0.0220949212326692
2025-08-29,0.009603638858147,0.0003688939419234827,-0.01383699173104914,0.014574779614896104,-0.021357133348822235,0.0220949212326692
2025-09-02,0.0233674025091434,0.0003688939419234827,-0.01383699173104914,0.014574779614896104,-0.021357133348822235,0.0220949212326692
2025-09-03,0.0078014813491287,0.0003688939419234827,-0.01383699173104914,0.014574779614896104,-0.021357133348822235,0.0220949212326692
2025-09-04,-0.0044286747373555,0.0003776146491474401,-0.013819878413914794,0.014575107712209675,-0.02133557725236939,0.02209080655066427
2025-09-05,0.0132576680069797,0.0003776146491474401,-0.013819878413914794,0.014575107712209675,-0.02133557725236939,0.02209080655066427
2025-09-08,0.0113237113655559,0.0003776146491474401,-0.013819878413914794,0.014575107712209675,-0.02133557725236939,0.02209080655066427
2025-09-09,-0.002272485609217,0.0003776146491474401,-0.013819878413914794,0.014575107712209675,-0.02133557725236939,0.02209080655066427
2025-09-10,0.0035857690781288,0.0003776146491474401,-0.013819878413914794,0.014575107712209675,-0.02133557725236939,0.02209080655066427
2025-09-11,-0.0014924929949519,0.0003776146491474401,-0.013819878413914794,0.014575107712209675,-0.02133557725236939,0.02209080655066427
2025-09-12,0.0019696315993883,0.0003776146491474401,-0.013819878413914794,0.014575107712209675,-0.02133557725236939,0.02209080655066427
2025-09-15,0.0103510782764184,0.0003776146491474401,-0.013819878413914794,0.014575107712209675,-0.02133557725236939,0.02209080655066427
2025-09-16,0.0020044005996876,0.0003776146491474401,-0.013819878413914794,0.014575107712209675,-0.02133557725236939,0.02209080655066427
2025-09-17,-0.0077450875713346,0.0003776146491474401,-0.013819878413914794,0.014575107712209675,-0.02133557725236939,0.02209080655066427
2025-09-18,-0.0040143562164694,0.0003776146491474401,-0.013819878413914794,0.014575107712209675,-0.02133557725236939,0.02209080655066427
2025-09-19,0.0105513652969732,0.0003776146491474401,-0.013819878413914794,0.014575107712209675,-0.02133557725236939,0.02209080655066427
2025-09-22,0.0171583803676831,0.0003776146491474401,-0.013819878413914794,0.014575107712209675,-0.02133557725236939,0.02209080655066427
2025-09-23,0.0040780484982401,0.0003776146491474401,-0.013819878413914794,0.014575107712209675,-0.02133557725236939,0.02209080655066427
2025-09-24,-0.0091043690037547,0.0003776146491474401,-0.013819878413914794,0.014575107712209675,-0.02133557725236939,0.02209080655066427
2025-09-25,0.0041565384898878,0.0003776146491474401,-0.013819878413914794,0.014575107712209675,-0.02133557725236939,0.02209080655066427
2025-09-26,0.0057556747202155,0.0003776146491474401,-0.013819878413914794,0.014575107712209675,-0.02133557725236939,0.02209080655066427
2025-09-29,0.0163619249989319,0.0003776146491474401,-0.013819878413914794,0.014575107712209675,-0.02133557725236939,0.02209080655066427
2025-09-30,0.0085037445382532,0.0003776146491474401,-0.013819878413914794,0.014575107712209675,-0.02133557725236939,0.02209080655066427
2025-10-01,0.0015741326049985,0.0003776146491474401,-0.013819878413914794,0.014575107712209675,-0.02133557725236939,0.02209080655066427
2025-10-02,-0.0034889043060359,0.00039169336711841854,-0.013781101553860082,0.01456448828809692,-0.0212837259856609,0.022067112719897735
2025-10-03,0.0080008455959522,0.00039169336711841854,-0.013781101553860082,0.01456448828809692,-0.0212837259856609,0.022067112719897735
2025-10-06,0.0186703577121424,0.00039169336711841854,-0.013781101553860082,0.01456448828809692,-0.0212837259856609,0.022067112719897735
2025-10-07,0.0051461978380271,0.00039169336711841854,-0.013781101553860082,0.01456448828809692,-0.0212837259856609,0.022067112719897735
2025-10-08,0.0163564577146157,0.00039169336711841854,-0.013781101553860082,0.01456448828809692,-0.0212837259856609,0.022067112719897735
2025-10-09,-0.018625225753276,0.00039169336711841854,-0.013781101553860082,0.01456448828809692,-0.0212837259856609,0.022067112719897735
2025-10-10,0.0100470588599546,0.00039169336711841854,-0.013781101553860082,0.01456448828809692,-0.0212837259856609,0.022067112719897735
2025-10-13,0.024010471634505,0.00039169336711841854,-0.013781101553860082,0.01456448828809692,-0.0212837259856609,0.022067112719897735
2025-10-14,0.0071158116764839,0.00039169336711841854,-0.013781101553860082,0.01456448828809692,-0.0212837259856609,0.022067112719897735
2025-10-15,0.0171839108316424,0.00039169336711841854,-0.013781101553860082,0.01456448828809692,-0.0212837259856609,0.022067112719897735
2025-10-16,0.0231179851694318,0.00039169336711841854,-0.013781101553860082,0.01456448828809692,-0.0212837259856609,0.022067112719897735
2025-10-17,-0.0189963492671914,0.00039169336711841854,-0.013781101553860082,0.01456448828809692,-0.0212837259856609,0.022067112719897735
2025-10-20,0.0357550747494029,0.00039169336711841854,-0.013781101553860082,0.01456448828809692,-0.0212837259856609,0.022067112719897735
2025-10-21,-0.066427122202817,0.00039169336711841854,-0.013781101553860082,0.01456448828809692,-0.0212837259856609,0.022067112719897735
2025-10-22,0.0001060503248209,0.00039169336711841854,-0.013781101553860082,0.01456448828809692,-0.0212837259856609,0.022067112719897735
2025-10-23,0.0039943702532297,0.00039169336711841854,-0.013781101553860082,0.01456448828809692,-0.0212837259856609,0.022067112719897735
2025-10-24,-0.0033584660498819,0.00039169336711841854,-0.013781101553860082,0.01456448828809692,-0.0212837259856609,0.022067112719897735
2025-10-27,-0.0282343960684557,0.00039169336711841854,-0.013781101553860082,0.01456448828809692,-0.0212837259856609,0.022067112719897735
2025-10-28,-0.0071918297104921,0.00039169336711841854,-0.013781101553860082,0.01456448828809692,-0.0212837259856609,0.022067112719897735
2025-10-29,-0.0037944582730187,0.00039169336711841854,-0.013781101553860082,0.01456448828809692,-0.0212837259856609,0.022067112719897735
2025-10-30,0.0194514742074939,0.0003938515544440318,-0.01386820443424813,0.014655907543136193,-0.021418080821021205,0.02220578392990927
2025-10-31,-0.0054453497658757,0.0003938515544440318,-0.01386820443424813,0.014655907543136193,-0.021418080821021205,0.02220578392990927
2025-11-03,0.0017912982604373,0.0003938515544440318,-0.01386820443424813,0.014655907543136193,-0.021418080821021205,0.02220578392990927
2025-11-04,-0.0176724375041694,0.0003938515544440318,-0.01386820443424813,0.014655907543136193,-0.021418080821021205,0.02220578392990927
2025-11-05,0.0114980132662479,0.0003938515544440318,-0.01386820443424813,0.014655907543136193,-0.021418080821021205,0.02220578392990927
2025-11-06,-0.0012012407765741,0.0003938515544440318,-0.01386820443424813,0.014655907543136193,-0.021418080821021205,0.02220578392990927
2025-11-07,0.0061003762797749,0.0003938515544440318,-0.01386820443424813,0.014655907543136193,-0.021418080821021205,0.02220578392990927
2025-11-10,0.0269740263306077,0.0003938515544440318,-0.01386820443424813,0.014655907543136193,-0.021418080821021205,0.02220578392990927
2025-11-11,0.0039300815092205,0.0003938515544440318,-0.01386820443424813,0.014655907543136193,-0.021418080821021205,0.02220578392990927
2025-11-12,0.0159823610212774,0.0003938515544440318,-0.01386820443424813,0.014655907543136193,-0.021418080821021205,0.02220578392990927
2025-11-13,-0.0081159438712029,0.0003938515544440318,-0.01386820443424813,0.014655907543136193,-0.021418080821021205,0.02220578392990927
2025-11-14,-0.0182127611982625,0.0003938515544440318,-0.01386820443424813,0.014655907543136193,-0.021418080821021205,0.02220578392990927
2025-11-17,-0.0115301972752757,0.0003938515544440318,-0.01386820443424813,0.014655907543136193,-0.021418080821021205,0.02220578392990927
2025-11-18,0.0072386702324458,0.0003938515544440318,-0.01386820443424813,0.014655907543136193,-0.021418080821021205,0.02220578392990927
2025-11-19,0.0016281258445646,0.0003938515544440318,-0.01386820443424813,0.014655907543136193,-0.021418080821021205,0.02220578392990927
2025-11-20,-0.0002933685939356,0.0003938515544440318,-0.01386820443424813,0.014655907543136193,-0.021418080821021205,0.02220578392990927
2025-11-21,-0.0015485295000223,0.0003938515544440318,-0.01386820443424813,0.014655907543136193,-0.021418080821021205,0.02220578392990927
2025-11-24,0.0157200294295932,0.0003938515544440318,-0.01386820443424813,0.014655907543136193,-0.021418080821021205,0.02220578392990927
2025-11-25,-0.0003157406112367,0.0003938515544440318,-0.01386820443424813,0.014655907543136193,-0.021418080821021205,0.02220578392990927
2025-11-26,0.0079665217395295,0.0003938515544440318,-0.01386820443424813,0.014655907543136193,-0.021418080821021205,0.02220578392990927
2025-11-28,0.0123477827353176,0.0004025465373443828,-0.013860396602507359,0.014665489677196124,-0.02141074261873614,0.022215835693424908
2025-12-01,0.0048094819130788,0.0004025465373443828,-0.013860396602507359,0.014665489677196124,-0.02141074261873614,0.022215835693424908
2025-12-02,-0.0064608773045491,0.0004025465373443828,-0.013860396602507359,0.014665489677196124,-0.02141074261873614,0.022215835693424908
2025-12-03,-0.0009300505859088,0.0004025465373443828,-0.013860396602507359,0.014665489677196124,-0.02141074261873614,0.022215835693424908
2025-12-04,0.0006459865002764,0.0004025465373443828,-0.013860396602507359,0.014665489677196124,-0.02141074261873614,0.022215835693424908
2025-12-05,-0.0017839435807102,0.0004025465373443828,-0.013860396602507359,0.014665489677196124,-0.02141074261873614,0.022215835693424908
2025-12-08,-0.0026429393579943,0.0004025465373443828,-0.013860396602507359,0.014665489677196124,-0.02141074261873614,0.022215835693424908
2025-12-09,0.0051240516088217,0.0004025465373443828,-0.013860396602507359,0.014665489677196124,-0.02141074261873614,0.022215835693424908
2025-12-10,0.0042501034686068,0.0004025465373443828,-0.013860396602507359,0.014665489677196124,-0.02141074261873614,0.022215835693424908
2025-12-11,0.0107122489785418,0.0004025465373443828,-0.013860396602507359,0.014665489677196124,-0.02141074261873614,0.022215835693424908
2025-12-12,0.0055789875076315,0.0004025465373443828,-0.013860396602507359,0.014665489677196124,-0.02141074261873614,0.022215835693424908
2025-12-15,0.0009099271544497,0.0004025465373443828,-0.013860396602507359,0.014665489677196124,-0.02141074261873614,0.022215835693424908
2025-12-16,0.0002274295635392,0.0004025465373443828,-0.013860396602507359,0.014665489677196124,-0.02141074261873614,0.022215835693424908
2025-12-17,0.0085515594385759,0.0004025465373443828,-0.013860396602507359,0.014665489677196124,-0.02141074261873614,0.022215835693424908
2025-12-18,-0.0018048314286413,0.0004025465373443828,-0.013860396602507359,0.014665489677196124,-0.02141074261873614,0.022215835693424908
2025-12-19,0.0011283535131123,0.0004025465373443828,-0.013860396602507359,0.014665489677196124,-0.02141074261873614,0.022215835693424908
2025-12-22,0.0228192545592986,0.0004025465373443828,-0.013860396602507359,0.014665489677196124,-0.02141074261873614,0.022215835693424908
2025-12-23,0.0131652977573308,0.0004025465373443828,-0.013860396602507359,0.014665489677196124,-0.02141074261873614,0.022215835693424908
2025-12-24,-0.0041426515087481,0.0004025465373443828,-0.013860396602507359,0.014665489677196124,-0.02141074261873614,0.022215835693424908
2025-12-26,0.011609088487159,0.0004025465373443828,-0.013860396602507359,0.014665489677196124,-0.02141074261873614,0.022215835693424908
2025-12-29,-0.0445040796176014,0.0004168739674455346,-0.013823798383492599,0.014657546318383669,-0.021362354956217095,0.022196102891108165
2025-12-30,0.0007273032894686,0.0004168739674455346,-0.013823798383492599,0.014657546318383669,-0.021362354956217095,0.022196102891108165
2025-12-31,-0.0064889992538243,0.0004168739674455346,-0.013823798383492599,0.014657546318383669,-0.021362354956217095,0.022196102891108165
2026-01-02,0.0049585453282255,0.0004168739674455346,-0.013823798383492599,0.014657546318383669,-0.021362354956217095,0.022196102891108165
2026-01-05,0.0259729381799143,0.0004168739674455346,-0.013823798383492599,0.014657546318383669,-0.021362354956217095,0.022196102891108165
2026-01-06,0.0107551050021617,0.0004168739674455346,-0.013823798383492599,0.014657546318383669,-0.021362354956217095,0.022196102891108165
2026-01-07,-0.0096059436175434,0.0004168739674455346,-0.013823798383492599,0.014657546318383669,-0.021362354956217095,0.022196102891108165
2026-01-08,0.0055073227334385,0.0004168739674455346,-0.013823798383492599,0.014657546318383669,-0.021362354956217095,0.022196102891108165
2026-01-09,0.0072159037912949,0.0004168739674455346,-0.013823798383492599,0.014657546318383669,-0.021362354956217095,0.022196102891108165
2026-01-12,0.0185496167367822,0.0004168739674455346,-0.013823798383492599,0.014657546318383669,-0.021362354956217095,0.022196102891108165
2026-01-13,-0.0014220515093612,0.0004168739674455346,-0.013823798383492599,0.014657546318383669,-0.021362354956217095,0.022196102891108165
2026-01-14,0.0101703332395237,0.0004168739674455346,-0.013823798383492599,0.014657546318383669,-0.021362354956217095,0.022196102891108165
2026-01-15,-0.0061465119926862,0.0004168739674455346,-0.013823798383492599,0.014657546318383669,-0.021362354956217095,0.022196102891108165
2026-01-16,-0.0048305320875177,0.0004168739674455346,-0.013823798383492599,0.014657546318383669,-0.021362354956217095,0.022196102891108165
2026-01-20,0.0371379446256479,0.0004168739674455346,-0.013823798383492599,0.014657546318383669,-0.021362354956217095,0.022196102891108165
2026-01-21,0.0144638716786628,0.0004168739674455346,-0.013823798383492599,0.014657546318383669,-0.021362354956217095,0.022196102891108165
2026-01-22,0.0182942197796942,0.0004168739674455346,-0.013823798383492599,0.014657546318383669,-0.021362354956217095,0.022196102891108165
2026-01-23,0.0136516950992266,0.0004168739674455346,-0.013823798383492599,0.014657546318383669,-0.021362354956217095,0.022196102891108165
2026-01-26,0.0145228782453749,0.0004168739674455346,-0.013823798383492599,0.014657546318383669,-0.021362354956217095,0.022196102891108165
2026-01-27,0.0242358666607314,0.0004168739674455346,-0.013823798383492599,0.014657546318383669,-0.021362354956217095,0.022196102891108165
2026-01-28,0.0380405444269928,0.0004402722598296546,-0.01384228453470043,0.014722829054359739,-0.02140301339253576,0.022283557912195072
2026-01-29,0.0027058077398472,0.0004402722598296546,-0.01384228453470043,0.014722829054359739,-0.02140301339253576,0.022283557912195072
2026-01-30,-0.1084123374496471,0.0004402722598296546,-0.01384228453470043,0.014722829054359739,-0.02140301339253576,0.022283557912195072
2026-02-02,-0.0408735157638602,0.0004402722598296546,-0.01384228453470043,0.014722829054359739,-0.02140301339253576,0.022283557912195072
2026-02-03,0.0616473514724485,0.0004402722598296546,-0.01384228453470043,0.014722829054359739,-0.02140301339253576,0.022283557912195072
2026-02-04,-0.0007046601942605,0.0004402722598296546,-0.01384228453470043,0.014722829054359739,-0.02140301339253576,0.022283557912195072
2026-02-05,-0.0269927561976506,0.0004402722598296546,-0.01384228453470043,0.014722829054359739,-0.02140301339253576,0.022283557912195072
2026-02-06,0.0302695154414894,0.0004402722598296546,-0.01384228453470043,0.014722829054359739,-0.02140301339253576,0.022283557912195072
2026-02-09,0.0250856143248933,0.0004402722598296546,-0.01384228453470043,0.014722829054359739,-0.02140301339253576,0.022283557912195072
2026-02-10,-0.0099631886620211,0.0004402722598296546,-0.01384228453470043,0.014722829054359739,-0.02140301339253576,0.022283557912195072
2026-02-11,0.0112470912224942,0.0004402722598296546,-0.01384228453470043,0.014722829054359739,-0.02140301339253576,0.022283557912195072
2026-02-12,-0.0353456520919691,0.0004402722598296546,-0.01384228453470043,0.014722829054359739,-0.02140301339253576,0.022283557912195072
2026-02-13,0.0245742289144127,0.0004402722598296546,-0.01384228453470043,0.014722829054359739,-0.02140301339253576,0.022283557912195072
2026-02-17,-0.0316663836009557,0.0004402722598296546,-0.01384228453470043,0.014722829054359739,-0.02140301339253576,0.022283557912195072
2026-02-18,0.0222407597592578,0.0004402722598296546,-0.01384228453470043,0.014722829054359739,-0.02140301339253576,0.022283557912195072
2026-02-19,0.0027891563109147,0.0004402722598296546,-0.01384228453470043,0.014722829054359739,-0.02140301339253576,0.022283557912195072
2026-02-20,0.0195226903950525,0.0004402722598296546,-0.01384228453470043,0.014722829054359739,-0.02140301339253576,0.022283557912195072
2026-02-23,0.0266570237173222,0.0004402722598296546,-0.01384228453470043,0.014722829054359739,-0.02140301339253576,0.022283557912195072
2026-02-24,-0.0139558354944712,0.0004402722598296546,-0.01384228453470043,0.014722829054359739,-0.02140301339253576,0.022283557912195072
2026-02-25,-0.0025104111690772,0.0004402722598296546,-0.01384228453470043,0.014722829054359739,-0.02140301339253576,0.022283557912195072
2026-02-26,0.008539325114314,0.0004375212660601465,-0.014106006716324707,0.014981049248444999,-0.021804885376010136,0.022679927908130428
2026-02-27,0.0130459471081734,0.0004375212660601465,-0.014106006716324707,0.014981049248444999,-0.021804885376010136,0.022679927908130428
2026-03-02,0.0128371467606806,0.0004375212660601465,-0.014106006716324707,0.014981049248444999,-0.021804885376010136,0.022679927908130428
2026-03-03,-0.0456379633321948,0.0004375212660601465,-0.014106006716324707,0.014981049248444999,-0.021804885376010136,0.022679927908130428
2026-03-04,0.007787713327779,0.0004375212660601465,-0.014106006716324707,0.014981049248444999,-0.021804885376010136,0.022679927908130428
2026-03-05,-0.0120905654471962,0.0004375212660601465,-0.014106006716324707,0.014981049248444999,-0.021804885376010136,0.022679927908130428
2026-03-06,0.0157084766981486,0.0004375212660601465,-0.014106006716324707,0.014981049248444999,-0.021804885376010136,0.022679927908130428
2026-03-09,-0.0020718179527898,0.0004375212660601465,-0.014106006716324707,0.014981049248444999,-0.021804885376010136,0.022679927908130428
2026-03-10,0.0112165375097201,0.0004375212660601465,-0.014106006716324707,0.014981049248444999,-0.021804885376010136,0.022679927908130428
2026-03-11,-0.0033958635686846,0.0004375212660601465,-0.014106006716324707,0.014981049248444999,-0.021804885376010136,0.022679927908130428
2026-03-12,-0.0198496325466451,0.0004375212660601465,-0.014106006716324707,0.014981049248444999,-0.021804885376010136,0.022679927908130428
2026-03-13,-0.0130213725695528,0.0004375212660601465,-0.014106006716324707,0.014981049248444999,-0.021804885376010136,0.022679927908130428
2026-03-16,-0.0008900836759417,0.0004375212660601465,-0.014106006716324707,0.014981049248444999,-0.021804885376010136,0.022679927908130428
