date,actual,predicted,lower_80,upper_80,lower_95,upper_95
2022-01-03,0.0246968405933074,0.001397562089276711,-0.025305355559595892,0.028100479738149317,-0.039441026291432396,0.042236150469985814
2022-01-04,-0.0127727466108863,0.0004853224081652306,-0.026217609307067825,0.027188254123398287,-0.040353287485185754,0.04132393230151621
2022-01-05,-0.0269603507466893,0.0016613767946473629,-0.02504154085422524,0.02836429444351997,-0.039177211586061744,0.042499965175356466
2022-01-06,-0.0168339804059752,0.00215433183744524,-0.024548585825872805,0.028857249500763286,-0.03868425656535626,0.04299292024024674
2022-01-07,0.0009877926728708,0.00184484365798424,-0.024858073990888366,0.028547761306856843,-0.03899374472272486,0.04268343203869335
2022-01-10,0.0001161947234684,0.0012638171667953163,-0.02543910048209212,0.027966734815682754,-0.039574771213936474,0.0421024055475271
2022-01-11,0.0166446608108815,0.0012731442778800277,-0.025429773370992576,0.027976061926752633,-0.03956544410282908,0.042111732658589134
2022-01-12,0.0025666665442877,0.0007437693892831584,-0.025959148259589462,0.02744668703815578,-0.04009481899142597,0.04158235776999229
2022-01-13,-0.0192113273551694,0.0011779503622186972,-0.025524967286653908,0.0278808680110913,-0.03966063801849041,0.0420165387429278
2022-01-14,0.0050975356454607,0.0018897631379083094,-0.024813154510964296,0.028592680786780914,-0.03894882524280079,0.04272835151861742
2022-01-18,-0.0190747433838022,0.001133570523932824,-0.02556934712493978,0.02783648817280543,-0.039705017856776284,0.041972158904641926
2022-01-19,-0.0212488867838516,0.0018839639802156337,-0.02481895366865697,0.028586881629088238,-0.03895462440049347,0.04272255236092474
2022-01-20,-0.0104011390025909,0.0019776838821446655,-0.024725233766727937,0.028680601531017272,-0.03886090449856444,0.04281627226285377
2022-01-21,-0.0128472750926723,0.0016330595920872786,-0.025069858056785327,0.028335977240959882,-0.039205528788621824,0.042471647972796386
2022-01-24,-0.0048762682483748,0.0017004047784919833,-0.025002512870380623,0.028403322427364586,-0.03913818360221712,0.04253899315920109
2022-01-25,-0.0114499165982979,0.0014471235132535985,-0.025255794135619007,0.028150041162126202,-0.039391464867455504,0.042285711893962706
2022-01-26,-0.0005633696545483,0.0016496664156791093,-0.025053251233193494,0.028352584064551715,-0.039188921965029995,0.042488254796388215
2022-01-27,-0.0029476553262722,0.0013072861141764877,-0.025395631534696116,0.028010203763049094,-0.03953130226653262,0.04214587449488559
2022-01-28,0.0674510956943963,0.0013727211489810574,-0.025330196499891548,0.02807563879785366,-0.03946586723172805,0.04221130952969016
2022-01-31,0.0257902079420244,-0.000881184955863155,-0.02758410260473576,0.02582173269300945,-0.04171977333657226,0.03995740342484595
2022-02-01,-0.0009731239346982,0.0004180731783020187,-0.026288354111087285,0.027124500467691326,-0.040425882734386576,0.04126202909099061
2022-02-02,0.0070194655373844,0.0012936993871383651,-0.02541273934509208,0.02800013811936881,-0.039550274025865556,0.04213767280014229
2022-02-03,-0.0168609544268419,0.0010518153398082711,-0.025654611949581033,0.02775824262919758,-0.03979214057288032,0.04189577125249686
2022-02-04,-0.0016810683072787,0.0017719073517288176,-0.024934519948258113,0.028478334651715752,-0.039072048577167444,0.042615863280625076
2022-02-07,-0.0042434722942852,0.0013318955208112939,-0.025374531768578013,0.0280383228102006,-0.039512060391877296,0.04217585143349989
2022-02-08,0.0182982645126277,0.0013964886090899495,-0.02530993868030917,0.02810291589848907,-0.039447467303613655,0.04224044452179355
2022-02-09,0.0082596398392309,0.0007124484690067818,-0.025993978820382523,0.027418875758396088,-0.04013150744368181,0.041556404381695375
2022-02-10,-0.0238817845838856,0.0009971314746073704,-0.025709295814781947,0.027703558763996685,-0.039846824438081234,0.04184108738729598
2022-02-11,-0.0204255669445898,0.0019839392865328683,-0.024722488002856438,0.028690366575922173,-0.03886001662615572,0.042827895199221463
2022-02-14,0.0014222600640643,0.0019087889690141003,-0.024797638320375206,0.028615216258403405,-0.03893516694367449,0.04275274488170269
2022-02-15,0.0228884306567325,0.0012416180907150586,-0.02546480919867425,0.027948045380104362,-0.03960233782197353,0.04208557400340365
2022-02-16,-0.001389783338071,0.0005680453036319771,-0.02613838198575733,0.027274472593021282,-0.040275910609056616,0.04141200121632057
2022-02-17,-0.0214986473186614,0.0012863934113988204,-0.025420033877990484,0.027992820700788127,-0.03955756250128977,0.042130349324087414
2022-02-18,-0.009400107861615,0.0019202174233658327,-0.02478620986602347,0.02862664471275514,-0.03892373848932276,0.04276417333605442
2022-02-22,-0.01797265141286,0.001571317536583058,-0.025135109752806247,0.028277744825972364,-0.039272638376105534,0.04241527344927165
2022-02-23,-0.0262042897257086,0.00182158352505151,-0.024884843764337795,0.028528010814440816,-0.03902237238763708,0.0426655394377401
2022-02-24,0.0165424395443168,0.0020797090288633205,-0.024626718260525985,0.028786136318252626,-0.03876424688382527,0.04292366494155191
2022-02-25,0.0128819870388796,0.0007866748393926834,-0.02591975244999662,0.02749310212878199,-0.04005728107329591,0.041630630752081274
2022-02-28,0.0016364173256511,0.0008587212836620214,-0.025847706005727285,0.027565148573051326,-0.03998523462902657,0.04170267719635062
2022-03-01,-0.011695714647074,0.0012031445722094942,-0.02550328271717981,0.0279095718615988,-0.0396408113404791,0.042047100484898084
2022-03-02,0.0203789255577579,0.0015900707507390036,-0.025087937888407304,0.028268079389885313,-0.039210422587002906,0.042390564088480916
2022-03-03,-0.0019829821256647,0.0006344471532531479,-0.026043572040478923,0.027312466346985222,-0.04016606232633473,0.04143495663284103
2022-03-04,-0.0185800382071605,0.001284308698635946,-0.025393699940510363,0.027962317337782254,-0.039516184639105965,0.04208480203637786
2022-03-07,-0.0240031734304518,0.0017989803508554965,-0.02487902829768357,0.028476988999394562,-0.039001513001251396,0.04259947370296239
2022-03-08,-0.0117449051076879,0.001975603825325356,-0.024702404813820952,0.028653612464471664,-0.038824889512416555,0.04277609716306727
2022-03-09,0.0343990206706107,0.00161520166876408,-0.02506280697039059,0.02829321030791875,-0.03918529166899062,0.04241569500651878
2022-03-10,-0.0275627890629744,0.00022790740514162236,-0.026450101234004687,0.02690591604428793,-0.04057258593260029,0.04102840074288353
2022-03-11,-0.0241990785945356,0.002034939470300213,-0.024643069168846107,0.02871294810944653,-0.03876555386744171,0.04283543280804214
2022-03-14,-0.0269214662822808,0.0019885018183292517,-0.024689506820817057,0.02866651045747556,-0.038811991519412656,0.042788995156071166
2022-03-15,0.029245496185194,0.0020683295642627926,-0.024609679074883515,0.028746338203409102,-0.03873216377347912,0.0428688229020047
2022-03-16,0.0286023132319887,0.00039516254714409154,-0.026282846092002217,0.0270731711862904,-0.04040533079059782,0.041195655884886
2022-03-17,0.0064331560553526,0.00036443650920508705,-0.02631357212994122,0.027042445148351395,-0.04043605682853682,0.041164929846947
2022-03-18,0.0207032900996285,0.0010248605692279083,-0.0256531480699184,0.027702869208374215,-0.039775632768514,0.04182535390696982
2022-03-21,0.0085015175195847,0.0006188616136922727,-0.026059147025454036,0.02729687025283858,-0.040181631724049635,0.04141935495143419
2022-03-22,0.0205871655579681,0.0009707480077952656,-0.025707260631351044,0.027648756646941573,-0.039829745329946646,0.041771241345537176
2022-03-23,0.0081998634050119,0.0006207115281249421,-0.026057297111021366,0.02729872016727125,-0.04017978180961697,0.041421204865866854
2022-03-24,0.0224246319725351,0.000979802008132645,-0.025698206631013663,0.027657810647278954,-0.03982069132960927,0.04178029534587455
2022-03-25,0.0037269743561892,0.0005661671233331127,-0.026111841515813194,0.027244175762479422,-0.0402343262144088,0.041366660461075025
2022-03-28,0.0050241827510597,0.0011116081460151854,-0.025566400493131122,0.027789616785161494,-0.039688885191726725,0.0419121014837571
2022-03-29,0.0189536791949571,0.0010891817483714107,-0.025588826890774897,0.02776719038751772,-0.0397113115893705,0.04188967508611332
2022-03-30,-0.0066717122129641,0.0007061465602187644,-0.02596886346700918,0.02738115658744671,-0.04008976079634095,0.04150205391677848
2022-03-31,-0.0179355497975647,0.001448979527698069,-0.025226039755815322,0.02812399881121146,-0.039346941985128614,0.04224490104052475
2022-04-01,-0.0017199182317765,0.0017804932782149088,-0.024894516749013038,0.02845550330544285,-0.0390154140783448,0.04257640063477462
2022-04-04,0.0234171690724952,0.0013221684481199468,-0.025352841586822335,0.027997178483062227,-0.039473738920237825,0.042118075816477724
2022-04-05,-0.0191237524133197,0.0005834521338623529,-0.02609155789336559,0.027258462161090298,-0.04021245522269736,0.04137935949042206
2022-04-06,-0.018622882994399,0.0017902189375663255,-0.024884791089668047,0.0284652289648007,-0.03900568841900322,0.04258612629413587
2022-04-07,0.0018023509869442,0.0018106113447811955,-0.024864398682446748,0.02848562137200914,-0.03898529601177852,0.042606518701340905
2022-04-08,-0.0119804933166661,0.0012215445249461167,-0.025453465502281832,0.027896554552174064,-0.0395743628316136,0.04201745188150584
2022-04-11,-0.0258468538149949,0.0016024351005261115,-0.025072574926701834,0.028277445127754056,-0.0391934722560336,0.042398342457085826
2022-04-12,0.0114572737355118,0.0020137383050215112,-0.024661271722206432,0.028688748332249457,-0.0387821690515382,0.04280964566158122
2022-04-13,0.0162105353388906,0.0009486811524157565,-0.025726328874812188,0.0276236911796437,-0.03984722620414396,0.041744588508975465
2022-04-14,-0.0304468240817598,0.0007807123931290495,-0.025894297634098895,0.027455722420356994,-0.04001519496343066,0.041576619749688765
2022-04-18,-0.0013319316724423,0.0021228123364025343,-0.02455219769082541,0.02879782236363048,-0.03867309502015718,0.042918719692962244
2022-04-19,0.0140163429823341,0.0013210409504112396,-0.025353969076816706,0.027996050977639183,-0.03947486640614847,0.04211694830697095
2022-04-20,-0.0010159641262638,0.0008548060619619544,-0.02582020396526599,0.0275298160891899,-0.039941101294597756,0.04165071341852167
2022-04-21,-0.0048557672125431,0.0012753132877435392,-0.025399696739484404,0.027950323314971486,-0.039520594068816174,0.04207122064430325
2022-04-22,-0.028215170806389,0.001398303977561528,-0.025276706049666416,0.028073314004789473,-0.03939760337899818,0.04219421133412124
2022-04-25,0.0067144237390407,0.002076216068460033,-0.024598793958767913,0.028751226095687976,-0.03871969128809968,0.04287212342501975
2022-04-26,-0.0380423448478968,0.0010874059246112752,-0.02558760410261667,0.02776241595183922,-0.039708501431948436,0.04188331328117099
2022-04-27,-0.0014680558414425,0.002350940974065523,-0.024324069053162423,0.029025951001293467,-0.038444966382494186,0.04314684833062524
2022-04-28,0.0441656100534659,0.0012950645772032811,-0.025365524659196607,0.027955653813603168,-0.03947878808299345,0.04206891723740002
2022-04-29,-0.0372915228502964,-5.876068447908272e-05,-0.026719359303761354,0.02660183793480319,-0.0408326276945561,0.04071510632559794
2022-05-02,0.0019647009633745,0.0022641168596934666,-0.024396472376706422,0.028924706096093353,-0.03850973580050327,0.0430379695198902
2022-05-03,0.0095763946951884,0.0011950701133115159,-0.025465519130963662,0.027855659357586694,-0.03957878255892944,0.041968922785552476
2022-05-04,0.0401898386602991,0.0009425345898864625,-0.025718054646513427,0.02760312382628635,-0.039831318070310276,0.0417163872500832
2022-05-05,-0.0573285752387076,4.831589249758772e-05,-0.026612273343908914,0.026708905128904087,-0.040725536767709264,0.040822168552704444
2022-05-06,0.0047161799601694,0.0028476537288685717,-0.023812935507531316,0.02950824296526846,-0.03792619893132816,0.04362150638906531
2022-05-09,-0.0337524007303699,0.0011312470487147988,-0.025529342187685093,0.02779183628511469,-0.039642605611481946,0.04190509970891154
2022-05-10,0.0159834882015329,0.002195998583869765,-0.02446459065253012,0.028856587820269654,-0.038577854076326974,0.0429698512440665
2022-05-11,-0.0532333837939702,0.000785941371590959,-0.02587464786480893,0.027446530607990845,-0.03998791128860578,0.041559794031787695
2022-05-12,-0.0272624999983538,0.002750380532844408,-0.02391020870355548,0.029410969769244295,-0.038023472127352326,0.04352423319304115
2022-05-13,0.031417851583687,0.002054887016498341,-0.02460570221990155,0.028715476252898227,-0.038718965643698394,0.04282873967669508
2022-05-16,-0.0107300007283617,0.00033470245830272594,-0.026325886778097163,0.026995291694702613,-0.04043915020189401,0.041108555118499465
2022-05-17,0.0251050654574018,0.0015059371523346867,-0.025154652084065202,0.028166526388734573,-0.03926791550786205,0.04227978981253142
2022-05-18,-0.0580733381069,0.0005016872332559161,-0.026158902003143972,0.027162276469655803,-0.04027216542694082,0.04127553989345265
2022-05-19,-0.0249502819989988,0.0028823642559515374,-0.02377822498044835,0.029542953492351424,-0.0378914884042452,0.04365621691614827
2022-05-20,0.0017460260577237,0.001991723193469138,-0.02466886604293075,0.028652312429869025,-0.0387821294667276,0.042765575853665874
2022-05-23,0.0393356026418017,0.0011924984618347319,-0.025468090774565157,0.027853087698234618,-0.039581354198362007,0.04196635112203147
2022-05-24,-0.0194032161793916,8.033200599577139e-05,-0.026580257230404115,0.02674092124239566,-0.04069352065420097,0.040854184666192506
2022-05-25,0.001139289833842,0.001749840496139975,-0.024910748740259912,0.028410429732539863,-0.039024012164056765,0.04252369315633671
2022-05-26,0.0229343145552131,0.0011759157849560733,-0.025570116285638583,0.027921947855550727,-0.03972861041367734,0.042080441983589484
2022-05-27,0.0399484510531594,0.0004625978963768869,-0.026283447938912498,0.027208643731666274,-0.0404419493535405,0.04136714514629427
2022-05-31,-0.0053607759843588,-0.0001022604208794737,-0.026848292491474128,0.02664377164971518,-0.04100678661951289,0.040802265777753935
2022-06-01,-0.0008737279747863,0.0013240363090392569,-0.02542199577552729,0.028070068393605804,-0.039580489910962316,0.042228562529040836
2022-06-02,0.0166715222413818,0.001225753965479558,-0.025520278105115098,0.02797178603607421,-0.03967877223315385,0.04213028016411297
2022-06-03,-0.0393185825682848,0.0006636968366889172,-0.02608233523391992,0.027409728907297756,-0.04024082936196619,0.04156822303534403
2022-06-06,0.0052141487784812,0.002429587446447495,-0.02431644462414716,0.02917561951704215,-0.03847493875218592,0.043334113645080906
2022-06-07,0.0174329115484218,0.0010670410524028662,-0.0256789910181918,0.027813073122997536,-0.03983748514623057,0.0419715672510363
2022-06-08,-0.0050560149171208,0.0006343420042055495,-0.026111690066389106,0.027380374074800203,-0.04027018419442786,0.04153886820283896
2022-06-09,-0.0366181744038169,0.0013370513204442411,-0.02540898075015041,0.028083083391038897,-0.03956747487818917,0.04224157751907765
2022-06-10,-0.0393945558529501,0.0023650069968845534,-0.0243810250737101,0.029111039067479208,-0.03853951920174886,0.04326953319551796
2022-06-13,-0.0390373277521375,0.002486212819025114,-0.02425981925156954,0.029232244889619768,-0.0384183133796083,0.043390739017658525
2022-06-14,0.0066509406220941,0.002478693171018045,-0.02426733889957661,0.0292247252416127,-0.03842583302761537,0.043383219369651456
2022-06-15,0.0199118342666575,0.0010228296778586868,-0.02572320239273597,0.02776886174845334,-0.03988169652077472,0.0419273558764921
2022-06-16,-0.040459193750619,0.0005539551846191645,-0.02619207688597549,0.02729998725521382,-0.04035057101401425,0.041458481383252574
2022-06-17,0.0114673475480043,0.0024624321416888487,-0.024283599928905806,0.029208464212283503,-0.03844209405694456,0.04336695834032226
2022-06-21,0.0322350992910233,0.0008688613330058521,-0.025877170737588804,0.027614893403600505,-0.04003566486562756,0.04177338753163926
2022-06-22,-0.0038343179193303,0.00015643170720904898,-0.026589600363385604,0.026902463777803705,-0.040748094491424365,0.04106095790584246
2022-06-23,0.0213445009831183,0.0012829019942829727,-0.025463130076311683,0.028028934064877626,-0.03962162420435044,0.04218742819291638
2022-06-24,0.024221342958506,0.0005165964377146342,-0.02622943563288002,0.027262628508309288,-0.040387929760918775,0.04142112263634805
2022-06-27,0.0,0.0004317278683082373,-0.026345504104568297,0.027208959841184772,-0.04052051446320483,0.041383970199821304
2022-06-28,-0.0302421158458915,0.0011872471720235653,-0.0255899962650688,0.02796449060911593,-0.039765012692494606,0.042139507036541735
2022-06-29,0.0129397994263632,0.002107842418588022,-0.024669389554288514,0.028885074391464555,-0.03884439991292504,0.04306008475010109
2022-06-30,-0.0181923365028439,0.0008226036757662142,-0.02595462830772359,0.02759983565925602,-0.040129638671978454,0.04177484602351088
2022-07-01,0.0160352648639413,0.0017307816148258068,-0.02504645035805073,0.02850801358770234,-0.03922146071668726,0.042683023946338876
2022-07-05,0.0187531736887992,0.0007169588302941518,-0.026060273142592207,0.027494190803180513,-0.04023528350123394,0.04166920116182224
2022-07-06,0.0095614359094961,0.0006034425614918385,-0.026173789411384697,0.027380674534368373,-0.040348799770021225,0.04155568489300491
2022-07-07,0.0237162095453436,0.0008796609459445861,-0.025897571026931954,0.02765689291882113,-0.0400725813855685,0.041831903277457665
2022-07-08,0.0047035608552467,0.00045738416641607224,-0.02631984780646046,0.02723461613929261,-0.04049485816509699,0.04140962649792914
2022-07-11,-0.0148677692446276,0.0010230249714626245,-0.025754207001413912,0.027800256944339158,-0.039929217360050444,0.04197526730297569
2022-07-12,0.006810633902594,0.0016357234641529426,-0.02514150850872359,0.02841295543702948,-0.03931651886736012,0.04258796579566601
2022-07-13,-0.0025402179931709,0.0009947668261054985,-0.025782465146771037,0.027771998798982032,-0.03995747550540757,0.041947009157618564
2022-07-14,0.0202757309545717,0.0012597788570404608,-0.025517453115836072,0.028037010829916997,-0.039692463474472604,0.04221202118855353
2022-07-15,0.0113849265840285,0.0005736317309161056,-0.026203600241960428,0.027350863703792642,-0.04037861060059696,0.04152587406242917
2022-07-18,-0.0208593163512277,0.0008232711144037508,-0.025953960858472784,0.027600503087280286,-0.040128971217109316,0.04177551344591682
2022-07-19,0.0263712122355369,0.0018119477291574982,-0.024965284243719035,0.028589179702034034,-0.03914029460235557,0.042764190060670566
2022-07-20,0.013419160438558,0.0004049678792539457,-0.02637226409362259,0.02718219985213048,-0.04054727445225912,0.04135721021076701
2022-07-21,0.0149816446513274,0.0007562445453583263,-0.026020987427518207,0.027533476518234862,-0.04019599778615474,0.04170848687687139
2022-07-22,-0.0081436942190075,0.0007193916828639618,-0.026057840290012572,0.027496623655740498,-0.04023285064864911,0.041671634014377026
2022-07-25,-0.0074258497855179,0.0014218945713181073,-0.025355337401558427,0.028199126544194642,-0.039530347760194956,0.04237413690283118
2022-07-26,-0.0088655530914717,0.0014361285423103575,-0.02531524337763387,0.028187500462254586,-0.039476564251167474,0.04234882133578819
2022-07-27,0.0336617990352404,0.001471638560494552,-0.02527974516409656,0.02822302228508566,-0.039441072286632746,0.04238434940762185
2022-07-28,0.0035652850005196,0.00017782878823902537,-0.026573543131705204,0.026929200708183252,-0.040734864005238805,0.04109052158171686
2022-07-29,0.032266685278185,0.0010603144403333914,-0.02569105749070578,0.027811686371372563,-0.03985237837011269,0.04197300725077948
2022-08-01,-0.0061723347314563,0.00020773329094439898,-0.02654363862899983,0.026959105210888627,-0.04070495950253343,0.041120426084422235
2022-08-02,-0.009330625762143,0.0013600585661848615,-0.025391313353769793,0.028111430486139514,-0.03955263422730892,0.04227275135967864
2022-08-03,0.0375344231663669,0.0014921817460202642,-0.025259190173923963,0.028243553665964493,-0.03942051104745757,0.042404874539498094
2022-08-04,-0.0019282695544557,5.946965180761042e-05,-0.026691902268136624,0.026810841571751846,-0.04085322314167024,0.040972162445285454
2022-08-05,-0.0013900401667045,0.0012253723718778462,-0.02552599954806638,0.027976744291822075,-0.03968732042159999,0.042138065165355676
2022-08-08,-0.0029072005287379,0.0012446152750854949,-0.025506756644858734,0.02799598719502972,-0.03966807751839234,0.042157308068563326
2022-08-09,0.0003033418148212,0.0012917174795692625,-0.025459654440374964,0.028043089399513492,-0.03962097531390857,0.0422044102730471
2022-08-10,0.0258572578126886,0.0011947344214319736,-0.025556637498512256,0.0279461063413762,-0.03971795837204586,0.04210742721490981
2022-08-11,-0.0044413219646209,0.0004083428539073643,-0.026343029066036864,0.027159714773851592,-0.040504349939570465,0.0413210356473852
2022-08-12,0.021199452308396,0.0013131117628465748,-0.02543826015709765,0.028064483682790804,-0.039599581030631256,0.04222580455632441
2022-08-15,0.0063135208245937,0.0005547685174806834,-0.026196603402463544,0.027306140437424912,-0.04035792427599715,0.04146746131095851
2022-08-16,-0.0009245214941434,0.0009878845746760716,-0.025763487345268156,0.0277392564946203,-0.03992480821880176,0.041900577368153905
2022-08-17,0.0087463211732349,0.0012230628523702423,-0.025528309067573987,0.02797443477231447,-0.03968962994110759,0.04213575564584807
2022-08-18,-0.0022943320918905,0.0009337892914128256,-0.025817582628531403,0.027685161211357053,-0.039978903502065004,0.04184648208489066
2022-08-19,-0.0152171752387764,0.0012633993499933816,-0.025487972569950848,0.028014771269937608,-0.03964929344348445,0.04217609214347121
2022-08-22,-0.0232984692967471,0.0016696859846005154,-0.02508168593534371,0.028421057904544744,-0.039243006808877316,0.04258237877807835
2022-08-23,-0.0020312271877441,0.0019500101565707525,-0.02478016696602635,0.02868018727916785,-0.03893026799158429,0.042830288304725794
2022-08-24,0.0017925660136931,0.0012788916342769841,-0.025451297528478994,0.028009080797032966,-0.039601404927712046,0.04215918819626601
2022-08-25,0.0148123526417137,0.0011649342431031273,-0.025565242879493973,0.027895111365700227,-0.039715343905051916,0.04204521239125817
2022-08-26,-0.0384283339557832,0.0007593627037159652,-0.02597081443031434,0.027489539837746275,-0.04012091546192466,0.04163964086935659
2022-08-29,-0.0137847947554423,0.0023876183904034476,-0.024342558732193653,0.029117795513000547,-0.038492659757751596,0.04326789653855849
2022-08-30,-0.0154238067049412,0.0016783898585688607,-0.0250517872640391,0.02840856698117682,-0.03920188828960279,0.042558668006740505
2022-08-31,-0.0106918803683519,0.0017070407198693984,-0.0250231364027277,0.0284372178424665,-0.03917323742828564,0.04258731886802444
2022-09-01,0.004695721006938,0.0015621076535133566,-0.025168069469083752,0.02829228477611047,-0.0393181704946417,0.04244238580166841
2022-09-02,-0.0137046318387804,0.0010834656385420877,-0.025646711484055014,0.027813642761139186,-0.03979681250961296,0.04196374378669713
2022-09-06,-0.0082489262692258,0.0016357307619140633,-0.02509444636068304,0.02836590788451116,-0.03924454738624098,0.042516008910069104
2022-09-07,0.0092112515123684,0.001484629192677164,-0.025245547929919936,0.028214806315274264,-0.039395648955477876,0.04236490734083221
2022-09-08,-0.0096645780827163,0.0009419301226551681,-0.025788246999941932,0.027672107245252268,-0.03993834802549987,0.041822208270810214
2022-09-09,0.0186648624607996,0.0015068733427970535,-0.025223303779800046,0.028237050465394153,-0.03937340480535799,0.042387151490952096
2022-09-12,0.0377848826209542,0.0006512985412133288,-0.02607887858138377,0.02738147566381043,-0.04022897960694172,0.04153157668936837
2022-09-13,-0.0604718286655986,3.574208089316289e-05,-0.026694435041703938,0.026765919203490262,-0.04084453606726188,0.04091602022904821
2022-09-14,0.0095102807904555,0.0030445958228191125,-0.023685581299777988,0.029774772945416212,-0.03783568232533593,0.04392487397097416
2022-09-15,-0.0191114684727529,0.0009807864442526707,-0.02574939067834443,0.02771096356684977,-0.03989949170390237,0.04186106459240772
2022-09-16,-0.0110206315317595,0.0017991806648247097,-0.02493099645777239,0.02852935778742181,-0.039081097483330336,0.04267945881297975
2022-09-19,0.0247736897800473,0.0015750772472521767,-0.025155099875344922,0.028305254369849278,-0.039305200900902865,0.04245535539540722
2022-09-20,0.0155438732585521,0.0004651541598187427,-0.026265022962778356,0.027195331282415844,-0.0404151239883363,0.04134543230797379
2022-09-21,-0.0204759402461926,0.0006830686405242198,-0.026053576542863343,0.02741971382391178,-0.040207101552976444,0.04157323883402488
2022-09-22,-0.0063957455001192,0.0018416574561514942,-0.02489500094807804,0.02857831586038103,-0.03904853295688212,0.04273184786918511
2022-09-23,-0.015239061015466,0.0014192560938010414,-0.02531738908958652,0.028155901277188602,-0.03947091409969962,0.04230942628730171
2022-09-26,0.0022577151983875,0.0016846582872053603,-0.025051986909336448,0.028421303483747166,-0.03920551192641298,0.042574828500823704
2022-09-27,0.0065445336360873,0.0011418216117515582,-0.025594823571636005,0.02787846679513912,-0.0397483485817491,0.042031991805252224
2022-09-28,-0.0127320557339465,0.0009894497567324854,-0.025747195426668167,0.027726094940133138,-0.039900720436788197,0.04187961995025317
2022-09-29,-0.0503666444707873,0.0015926946423929565,-0.025143950540994605,0.02832933982578052,-0.039297475551107706,0.04248286483589362
2022-09-30,-0.0304997500140979,0.0027988313730023546,-0.02393781381038522,0.029535476556389932,-0.03809133882049833,0.04368900156650304
2022-10-03,0.0302893730439537,0.00221021487752719,-0.024526430305860374,0.02894686006091475,-0.03867995531597347,0.043100385071027855
2022-10-04,0.0253002455009718,0.00027417435684143603,-0.026462470826546125,0.027010819540229,-0.04061599583665923,0.0411643445503421
2022-10-05,0.0020512352878475,0.00037047800272721444,-0.026366167180660347,0.027107123186114777,-0.04051969219077345,0.04126064819622788
2022-10-06,-0.0066477327153718,0.0011068601760244247,-0.025629785007363137,0.027843505359411987,-0.03978331001747624,0.04199703036952509
2022-10-07,-0.0374098699440436,0.0014044798056184592,-0.025332165377769104,0.02814112498900602,-0.0394856903878822,0.042294649999119124
2022-10-10,0.0023531581034761,0.0023841989642394224,-0.02435244621914814,0.029120844147626983,-0.03850597122926124,0.043274369157740085
2022-10-11,-0.0103080540273325,0.0011608554935717901,-0.025575789689815772,0.027897500676959352,-0.039729314699928873,0.04205102568707245
2022-10-12,-0.0046156496224455,0.0015216406443158124,-0.025215004539071748,0.028258285827703376,-0.03936852954918485,0.04241181083781648
2022-10-13,0.0330602818261504,0.001353465163947606,-0.025383180019439955,0.02809011034733517,-0.03953670502955306,0.04224363535744827
2022-10-14,-0.0327711576951565,0.00015974697842581183,-0.02657689820496175,0.026896392161813373,-0.04073042321507485,0.04104991717192648
2022-10-17,0.0287064629149113,0.0021986172198096444,-0.024538027963577916,0.028935262403197208,-0.03869155297369102,0.043088787413310306
2022-10-18,0.0093657775195518,0.00032373832854747087,-0.02641290685484009,0.027060383511935033,-0.04056643186495319,0.041213908522048134
2022-10-19,0.0007647702422938,0.0008524644295210533,-0.025898721863226268,0.027603650722268377,-0.04005994447165758,0.04176487333069969
2022-10-20,-0.003272244109854,0.0011468962927969266,-0.025604302702260513,0.027898095287854367,-0.03976553203488862,0.04205932462048247
2022-10-21,0.0266992404704902,0.0012730476174205188,-0.025478138675326802,0.028024233910167843,-0.03963936128375812,0.04218545651859915
2022-10-24,0.0146943865013476,0.0003414054412728717,-0.026409780863858964,0.027092591746404708,-0.04057100347884624,0.04125381436139198
2022-10-25,0.019153072845816,0.0006871694275662504,-0.02606401686518107,0.027438355720313574,-0.04022523947361239,0.041599578328744884
2022-10-26,-0.0198223667159007,0.0005587410579204465,-0.026192445234838952,0.027309927350679847,-0.04035366784327665,0.04147114995911755
2022-10-27,-0.0309389059062557,0.0017717307785638922,-0.02497945551418343,0.028522917071311216,-0.03914067812261474,0.04268413967974253
2022-10-28,0.0728342147050698,0.002156717256452929,-0.024594469036294406,0.028907903549200267,-0.038755691644725726,0.04306912615763159
2022-10-31,-0.0155301120778105,-0.0010715468020689892,-0.027822733094816313,0.025679639490678332,-0.04198395570324762,0.03984086209910965
2022-11-01,-0.0176987108542737,0.001586801084571792,-0.02516438520817553,0.028337987377319115,-0.03932560781660684,0.04249920998575043
2022-11-02,-0.0380184483307632,0.0017375210222328095,-0.025013665270514514,0.02848870731498013,-0.039174887878945824,0.04264992992341145
2022-11-03,-0.0433304565349874,0.0023767048741904903,-0.02437448141855683,0.029127891166937814,-0.038535704026988145,0.04328911377536913
2022-11-04,-0.0019491982478197,0.0025625290484509963,-0.024188657244296325,0.02931371534119832,-0.03834987985272764,0.04347493794962963
2022-11-07,0.0038947161120217,0.0012762140586225733,-0.02547497223412475,0.028027400351369896,-0.039636194842556066,0.042188622959801206
2022-11-08,0.0041663782655495,0.0010535748004121518,-0.02569761149233517,0.027804761093159474,-0.03985883410076648,0.04196598370159079
2022-11-09,-0.0337532918402579,0.0010381403881001415,-0.02571304590464718,0.027789326680847465,-0.039874268513078494,0.04195054928927878
2022-11-10,0.0852365163783066,0.002221688701168458,-0.024529497591578867,0.02897287499391578,-0.03869072020001018,0.04313409760234709
2022-11-11,0.0190853809934429,-0.0014567761888084365,-0.02820796248155576,0.025294410103938885,-0.04236918508998707,0.0394556327123702
2022-11-14,-0.0095308782772689,0.0004939140816651267,-0.026257272211082195,0.02724510037441245,-0.04041849481951351,0.04140632298284376
2022-11-15,0.0117995576626517,0.0014483578503676178,-0.025302828442379705,0.02819954414311494,-0.039464051050811015,0.04236076675154626
2022-11-16,-0.0083661075501591,0.0008116013742104326,-0.026020716150726104,0.02764391889914697,-0.040224887039168426,0.0418480897875893
2022-11-17,0.0128879808791264,0.0014418025270176295,-0.02539052864775683,0.02827413370179209,-0.03959470676198688,0.042478311816022137
2022-11-18,0.0037747202925993,0.0007761776217808556,-0.02605613990315568,0.027608495146717392,-0.040260310791598,0.04181266603515972
2022-11-21,-0.0219187487256681,0.0010445783895908815,-0.02578773914912079,0.02787689592830255,-0.03999191004485523,0.042081066824037
2022-11-22,0.0145546775372649,0.0018696157595679765,-0.02496270176536856,0.028701933284504513,-0.039166872653810886,0.04290610417294684
2022-11-23,0.0059088891461864,0.0007371548613202963,-0.02609516266363014,0.027569472386270732,-0.040299333552079826,0.04177364327472042
2022-11-25,-0.0197880773036349,0.0009758231214683354,-0.0258564944034682,0.027808140646404873,-0.040060665291910526,0.0420123115348472
2022-11-28,-0.0266151780403198,0.0017997363676849798,-0.02503258115725157,0.02863205389262153,-0.0392367520456939,0.042836224781063865
2022-11-29,-0.0213751774361886,0.0020427906229242144,-0.02478952690201232,0.02887510814786075,-0.03899369779045465,0.04307927903630308
2022-11-30,0.047450188998079,0.0018840496226404202,-0.024948267902296116,0.028716367147576957,-0.039152438790738445,0.04292053803601928
2022-12-01,0.0018894643166606,-0.0003074097002829317,-0.027139727225219467,0.026524907824653606,-0.04134389811366179,0.04072907871309593
2022-12-02,-0.0033767168267887,0.0010703276575978837,-0.02576198986733865,0.027902645182534422,-0.03996616075578098,0.042106816070976744
2022-12-05,-0.0080154743628495,0.00128138898477785,-0.025550928540158686,0.028113706509714387,-0.03975509942860101,0.04231787739815671
2022-12-06,-0.0256971161417649,0.0014354560775433475,-0.025396861447393188,0.028267773602479885,-0.03960103233583551,0.04247194449092221
2022-12-07,-0.013880984223464,0.002002053694983498,-0.02483026382995304,0.028834371219920035,-0.039034434718395364,0.04303854210836236
2022-12-08,0.0120599385688624,0.0016446830192172334,-0.025187634505719304,0.02847700054415377,-0.03939180539416163,0.042681171432596095
2022-12-09,-0.0034410235189278,0.0008092494219838319,-0.026023068102952705,0.027641566946920368,-0.04022723899139503,0.0418457378353627
2022-12-12,0.0162572421337504,0.001275138025632942,-0.025557179499303594,0.02810745555056948,-0.03976135038774592,0.042311626439011804
2022-12-13,0.0067595125954561,0.0006641716159331214,-0.026168145909003415,0.02749648914086966,-0.04037231679744574,0.041700660029311984
2022-12-14,-0.0156578246752838,0.0009464827285266871,-0.02588583479640985,0.027778800253463222,-0.04009000568485217,0.04198297114190555
2022-12-15,-0.0479874633225933,0.0016508989340951012,-0.025166573344565943,0.028468371212756145,-0.03936288563433217,0.04266468350252238
2022-12-16,-0.0146860366066905,0.0026803858554097205,-0.02413709995301457,0.029497871663834007,-0.038333419405004815,0.04369419111582426
2022-12-19,-0.0160374516938626,0.0016761189618149693,-0.025141353316846075,0.028493591240476013,-0.0393376656066123,0.04268990353024225
2022-12-20,-0.0005290642177264,0.0016849480813444923,-0.025132524210914057,0.02850242037360304,-0.03932883650787837,0.042698732670567355
2022-12-21,0.02353070452657,0.0011952320141542835,-0.02562224026450676,0.028012704292815327,-0.03981855255427299,0.04220901658258156
2022-12-22,-0.0240600488014176,0.0004168990313107102,-0.026400573247363997,0.027234371309985416,-0.04059688553713746,0.04143068359975888
2022-12-23,-0.0028020054918967,0.0019009582864439412,-0.0249165139922171,0.028718430565104987,-0.039112826281983336,0.042914742854871214
2022-12-27,-0.0139757380835295,0.0012740851649507528,-0.025543387113710306,0.02809155744361181,-0.03973969940347654,0.04228786973337805
2022-12-28,-0.0311655661278331,0.0016084407628684447,-0.0252090315157926,0.02842591304152949,-0.03940534380555883,0.04262222533129572
2022-12-29,0.0279305162186006,0.002163989875615186,-0.024653482403045858,0.02898146215427623,-0.03884979469281209,0.04317777444404246
2022-12-30,0.0024658395624793,0.0003081463693502391,-0.026509325909310804,0.027125618648011284,-0.040705638199077035,0.041321930937777515
2023-01-03,-0.0381222031005091,0.0010565901799366715,-0.02576088209872437,0.027874062458597717,-0.0399571943884906,0.04207037474836395
2023-01-04,0.0102615027624954,0.002367033487857639,-0.024450438790803407,0.02918450576651868,-0.038646751080569634,0.043380818056284916
2023-01-05,-0.0106614106111053,0.000874723734571446,-0.025942748544089598,0.02769219601323249,-0.04013906083385583,0.04188850830299872
2023-01-06,0.0361334209806979,0.0014907099170048646,-0.02532676236165618,0.028308182195665908,-0.03952307465142241,0.04250449448543214
2023-01-09,0.0040806131322956,2.6754846562102464e-05,-0.026790717432098942,0.026844227125223146,-0.04098702972186517,0.04104053941498938
2023-01-10,0.0044462639159766,0.0009964782280439068,-0.02582099405061714,0.02781395050670495,-0.04001730634038337,0.04201026279647118
2023-01-11,0.0208927293508012,0.0010156284500692713,-0.025801843828591773,0.027833100728730315,-0.039998156118358004,0.042029413018496546
2023-01-12,-0.0005995762949324,0.0004948520818787674,-0.026322620196782276,0.027312324360539812,-0.04051893248654851,0.04150863665030604
2023-01-13,0.0100684143672507,0.001159688466344724,-0.025657783812316322,0.027977160745005766,-0.03985409610208255,0.042173473034772
2023-01-17,0.0087180847330071,0.0008265329464419557,-0.02599665176292295,0.027649717655806864,-0.04019598803083906,0.04184905392372298
2023-01-18,-0.0053845779469695,0.000868063282348374,-0.025955134402883422,0.027691260967580168,-0.04015447753980853,0.041890604104505284
2023-01-19,0.0004437590510506,0.0013024693717264934,-0.025520715337638413,0.0281256540810914,-0.03972005160555453,0.04232499034900751
2023-01-20,0.0190383988944882,0.0011337796037143627,-0.02568940511842016,0.027956964325848883,-0.03988874139309609,0.04215630060052482
2023-01-23,0.023228369257262,0.0005449206337699528,-0.026278264075594953,0.02736810534313486,-0.04047760034351107,0.04156744161105097
2023-01-24,0.0100129580396423,0.0003950079744480424,-0.02642817673492943,0.027218192683825516,-0.040627513002852195,0.04141752895174827
2023-01-25,-0.0047117273656728,0.0008048848602546711,-0.026018299849110235,0.02762806956961958,-0.04021763611702635,0.04182740583753569
2023-01-26,0.0146946681824843,0.0012796627817798136,-0.025543521927585106,0.028102847491144736,-0.039742858195501225,0.042302183759060856
2023-01-27,0.013591545632252,0.0006857693136251947,-0.026137415395739712,0.0275089540229901,-0.04033675166365582,0.04170829029090622
2023-01-30,-0.0202822272383992,0.0007017440795838944,-0.02612144062978101,0.027524928788948803,-0.04032077689769713,0.04172426505686491
2023-01-31,0.0089801958846076,0.0017648808965520673,-0.02505830381281284,0.028588065605916976,-0.039257640080728955,0.042787401873833085
2023-02-01,0.0078699355258522,0.0008802564290197657,-0.02594292828034514,0.027703441138384674,-0.04014226454826125,0.04190277740630079
2023-02-02,0.0363919039944084,0.0008873347290973158,-0.02593584998026759,0.027710519438462224,-0.040135186248183706,0.041909855706378334
2023-02-03,0.0241072240161061,-7.190376710404425e-06,-0.02683037508607531,0.026815994332654504,-0.04102971135399142,0.04101533060057062
2023-02-06,-0.0180915163806747,0.0003501239749272926,-0.026473060734437615,0.0271733086842922,-0.04067239700235373,0.04137264495220831
2023-02-07,0.0190616939547225,0.0016851268156524673,-0.02513805789371244,0.028508311525017375,-0.039337394161628556,0.042707647792933484
2023-02-08,-0.0178100807069351,0.0005614933153727742,-0.026261691393992134,0.02738467802473768,-0.04046102766190825,0.04158401429265379
2023-02-09,-0.0069355549046881,0.0016829288028307216,-0.025140255906534185,0.02850611351219563,-0.0393395921744503,0.04270544978011174
2023-02-10,0.0024530678944457,0.0013769699127722922,-0.025446214796592613,0.0282001546221372,-0.039645551064508726,0.042399490890053314
2023-02-13,0.0186322072602872,0.0010728464649756287,-0.025750338244389277,0.027896031174340537,-0.03994967451230539,0.04209536744225665
2023-02-14,-0.0042340375834593,0.000585335956992158,-0.02621372197566334,0.027384393889647658,-0.04040028629948445,0.04157095821346877
2023-02-15,0.0138076023672719,0.0012976960916451254,-0.02550137438956478,0.028096766572855033,-0.03968794535618934,0.04228333753947958
2023-02-16,-0.0104839543905388,0.0007411433744008657,-0.026057914558254635,0.027540201307056363,-0.040244478882075746,0.041726765630877474
2023-02-17,-0.007575384466456,0.0014800668585715584,-0.025318991086233363,0.028279124803376483,-0.03950555541648599,0.0424656891336291
2023-02-21,-0.0270421907499819,0.0014126943511254676,-0.02538636358153003,0.028211752283780967,-0.03957292790535114,0.04239831660760208
2023-02-22,0.0028920297529354,0.0020163307186348563,-0.0247827272140324,0.028815388651302114,-0.03896929153785974,0.04300195297512945
2023-02-23,0.003285168936695,0.0011036740323075375,-0.02569538390034796,0.027902731964963037,-0.03988194822416907,0.04208929628878415
2023-02-24,-0.0181695946777343,0.0010630431521887213,-0.02573601478046679,0.02786210108484423,-0.03992257910428791,0.04204866540866535
2023-02-27,0.0082136168781331,0.0017293616233318263,-0.025069696309323673,0.028528419555987325,-0.03925626063314478,0.04271498387980844
2023-02-28,-0.003453445466046,0.0009291595978891011,-0.025869898334766397,0.0277282175305446,-0.04005646265858751,0.04191478185436571
2023-03-01,-0.0143486099161103,0.0012672907879986762,-0.02553176714465682,0.028066348720654177,-0.03971833146847793,0.04225291304447529
2023-03-02,0.0041206997118444,0.001616823900240886,-0.025182234032414614,0.028415881832896384,-0.039368798356235725,0.042602446156717495
2023-03-03,0.0344884273709622,0.001053012344677104,-0.025746045587978394,0.027852070277332604,-0.039932609911799505,0.042038634601153715
2023-03-06,0.0183695666772517,9.055239096272079e-05,-0.026708505541692778,0.02688961032361822,-0.04089506986551389,0.04107617464743933
2023-03-07,-0.0146026958644483,0.0005621561043459075,-0.02623690182830959,0.027361214037001407,-0.0404234661521307,0.04154777836082252
2023-03-08,0.0083424989484933,0.0016027891534705356,-0.025196268779184964,0.028401847086126034,-0.039382833103006075,0.042588411409947145
2023-03-09,-0.0150272526352855,0.0009212109314982181,-0.02587784700115728,0.027720268864153717,-0.04006441132497839,0.04190683318797483
2023-03-10,-0.0139755122958624,0.0016271718644981297,-0.02517188606815737,0.02842622979715363,-0.03935845039197848,0.04261279412097474
2023-03-13,0.0131785361148349,0.0016164126575546026,-0.025182645275100897,0.0284154705902101,-0.039369209598922005,0.042602034914031216
2023-03-14,0.0139910328705791,0.000771157615436646,-0.02602790031721885,0.027570215548092147,-0.04021446464103996,0.04175677987191326
2023-03-15,0.0026178671235591,0.000714819454910576,-0.026055433949208978,0.02748507285903013,-0.040226750076697244,0.04165638898651839
2023-03-16,0.0185215086235365,0.0010780425040839388,-0.025692223182608852,0.02784830819077673,-0.03986354581209863,0.0420196308202665
2023-03-17,-0.0054690775956114,0.0005838318719446566,-0.0261864215321749,0.02735408527606421,-0.04035773765966316,0.04152540140355247
2023-03-20,0.0153653868253033,0.001311695080033584,-0.02545855833585743,0.028081948495924602,-0.03962987446957713,0.0422532646296443
2023-03-21,0.0118734937684936,0.0006891635039012727,-0.026081089900218284,0.027459416908020826,-0.04025240602770654,0.04163073303550909
2023-03-22,-0.0091454290469835,0.0007780108535016162,-0.025992242550629218,0.02754826425763245,-0.04016355867812345,0.04171958038512669
2023-03-23,0.0069454331216115,0.0014314456231253078,-0.025338807780994246,0.028201699027244863,-0.03951012390848251,0.04237301515473312
2023-03-24,0.0082714184399301,0.0009535364390828435,-0.02581671696503672,0.02772378984320241,-0.03998803309252499,0.041895105970690676
2023-03-27,-0.0123697450320525,0.0008976919132745005,-0.025872561490845054,0.027667945317394055,-0.040043877618333314,0.04183926144488232
2023-03-28,-0.0039883209007911,0.0015349690756713153,-0.025235284328448238,0.02830522247979087,-0.039406600455936504,0.04247653860727913
2023-03-29,0.0195975425495169,0.0012952269455068035,-0.02547502645861275,0.02806548034962636,-0.039646342586101016,0.04223679647711462
2023-03-30,0.0098413953370107,0.0005576374936159668,-0.026212615910503587,0.027327890897735522,-0.04038393203799185,0.041499207025223785
2023-03-31,0.0155230114117386,0.0008368326247516003,-0.025933420779367954,0.027607086028871155,-0.04010473690685622,0.04177840215635942
2023-04-03,0.0076722092376083,0.0006695853036749767,-0.026100668100444577,0.027439838707794532,-0.04027198422793284,0.04161115483528279
2023-04-04,-0.0032549690672909,0.000907451619348844,-0.02586280178477071,0.027677705023468398,-0.04003411791225897,0.041849021150956664
2023-04-05,-0.0113546091870577,0.001253097362618211,-0.025517156041501343,0.028023350766737766,-0.03968847216898961,0.042194666894226025
2023-04-06,0.0054810722167299,0.001514545230356401,-0.025255708173763155,0.028284798634475954,-0.03942702430125142,0.04245611476196422
2023-04-10,-0.0161012990375405,0.0010014426441711747,-0.025768810759948378,0.02777169604829073,-0.039940126887436644,0.04194301217577899
2023-04-11,-0.007620322986136,0.001653701840297042,-0.025116551563822514,0.028423955244416595,-0.03928786769131078,0.04259527137190486
2023-04-12,-0.0043627283240345,0.0014113416215745002,-0.025358911782545054,0.028181595025694055,-0.039530227910033314,0.04235291115318232
2023-04-13,0.0335350766039443,0.0013078116877615453,-0.02542010587464643,0.02803572925016952,-0.039569010761293544,0.04218463413681664
2023-04-14,-0.0021161770803395,0.000132722336019116,-0.026595207240731375,0.02686065191276961,-0.040744118487387244,0.04100956315942548
2023-04-17,0.0001209567842373,0.0011992474150358406,-0.025528670147372135,0.027927164977443814,-0.03967757503401925,0.04207606986409093
2023-04-18,0.007476841665712,0.0011639921439242488,-0.02556392542988066,0.02789190971772916,-0.039712830322560955,0.042040814610409455
2023-04-19,0.0069440418371666,0.0009353809103537403,-0.025792536652054235,0.027663298472761715,-0.03994144153870135,0.041812203359408835
2023-04-20,-0.0058634452877616,0.0009447766374349878,-0.0257831409249838,0.027672694199853777,-0.039932045811636646,0.04182159908650662
2023-04-21,-0.0098290120863995,0.0013395328104050328,-0.025388384752002943,0.028067450372813007,-0.03953728963865006,0.042216355259460124
2023-04-24,0.0018766065816411,0.0014738286523251075,-0.025254088910082875,0.02820174621473309,-0.03940299379673,0.04235065110138021
2023-04-25,-0.0094804533720502,0.0011174372900442549,-0.02561048027236372,0.02784535485245223,-0.03975938515901084,0.04199425973909934
2023-04-26,-6.115751516939314e-05,0.0014562527958756782,-0.025271664766532295,0.028184170358283654,-0.039420569653179416,0.04233307524493077
2023-04-27,0.0279996727497573,0.0011765781981840284,-0.025551339364223945,0.027904495760592004,-0.03970024425087106,0.04205340064723912
2023-04-28,0.0075128126530441,0.00030370376591394306,-0.026424213796494032,0.027031621328321917,-0.040573118683141146,0.04118052621496904
2023-05-01,-0.0005304585579427,0.0009078054460456838,-0.02582011211636229,0.02763572300845366,-0.03996901700300941,0.041784627895100776
2023-05-02,-0.0062108196253476,0.0011741405287236536,-0.025553777033684322,0.027902058091131627,-0.03970268192033144,0.042050962977778744
2023-05-03,-0.0064882061041918,0.0013572960177714206,-0.025370621544636554,0.028085213580179395,-0.039519526431283675,0.04223411846682651
2023-05-04,-0.0099628516252715,0.0013714804972238706,-0.025356437065184104,0.028099398059631846,-0.039505341951831224,0.04224830294627896
2023-05-05,0.0458592244627099,0.0014789348464634864,-0.025248982715944487,0.028206852408871462,-0.03939788760259161,0.042355757295518576
2023-05-08,-0.0004035543883101,-0.00023704971602272074,-0.026964967278430695,0.026490867846385255,-0.041113872165077815,0.04063977273303237
2023-05-09,-0.0100211159506063,0.0011349709299366833,-0.025592946632471292,0.027862888492344657,-0.03974185151911841,0.042011793378991774
2023-05-10,0.0103666984040951,0.0014734449755107288,-0.025254472586897246,0.028201362537918703,-0.03940337747354436,0.042350267424565824
2023-05-11,0.0010942996518613,0.0008665896882747051,-0.02583417529174422,0.02756735466829363,-0.039968706469524856,0.04170188584607426
2023-05-12,-0.0054321831719987,0.001143738893431616,-0.025557038485649077,0.027844516272512308,-0.03969157622709653,0.041979054013959766
2023-05-15,-0.0029016930563885,0.0013461759213399692,-0.025354589058678958,0.028046940901358893,-0.03948912023645959,0.042181472079139526
2023-05-16,0.0,0.0012741534022107587,-0.02542661158976305,0.027974918394184565,-0.03956114277387222,0.04210944957829373
2023-05-17,0.0035967552150634,0.0011818153474579217,-0.025518949632561003,0.02788258032747685,-0.03965348081034164,0.04201711150525748
2023-05-18,0.0135734621853115,0.0010672583568591234,-0.025633506623171327,0.027768023336889575,-0.03976803780095806,0.0419025545146763
2023-05-19,0.0006282966301666,0.0007539188820229912,-0.025946846097995933,0.027454683862041918,-0.04008137727577657,0.04158921503982255
2023-05-22,-0.0054959629786282,0.0011461519676801417,-0.025554613012338794,0.02784691694769908,-0.03968914419011943,0.041981448125479714
2023-05-23,-0.0152709848658664,0.0013484970359764182,-0.02535226794404251,0.028049262015995342,-0.03948679912182314,0.04218379319377598
2023-05-24,0.0016308367642698,0.0016583062830096884,-0.02504245869700924,0.028359071263028612,-0.03917698987478987,0.04249360244080925
2023-05-25,0.0066701650639925,0.0011431043307864328,-0.025557660649232494,0.027843869310805357,-0.039692191827013126,0.04197840048858599
2023-05-26,0.014006016496823,0.0009706294815184481,-0.025730135498500478,0.027671394461537373,-0.03986466667628111,0.04180592563931801
2023-05-30,0.0106032563953325,0.0007374869139557306,-0.025963278066063196,0.027438251893974655,-0.040097809243843825,0.04157278307175529
2023-05-31,-0.000282093512425,0.0008359073530964856,-0.02586485762692244,0.027536672333115412,-0.03999938880470307,0.041671203510896045
2023-06-01,0.015895463185541,0.0011769666415472866,-0.02552379833847164,0.02787773162156621,-0.03965832951625227,0.04201226279934685
2023-06-02,0.0047640282950485,0.000685224337435835,-0.02601554064258309,0.02738598931745476,-0.040150071820363724,0.04152052049523539
2023-06-05,-0.0075999086003722,0.0010155995973291354,-0.02568516538268979,0.027716364577348062,-0.03981969656047042,0.041850895755128695
2023-06-06,-0.0020623929646983,0.0014097732676141765,-0.02529099171240475,0.028110538247633102,-0.03942552289018538,0.042245069425413735
2023-06-07,-0.0077864662018227,0.001250066309472323,-0.0254506986705466,0.02795083128949125,-0.039585229848327234,0.04208536246727188
2023-06-08,0.0153466177266607,0.00142284657926258,-0.025277918400756345,0.028123611559281506,-0.03941244957853698,0.04225814273706214
2023-06-09,0.0021575068116482,0.0007159191263132743,-0.02593708459764769,0.02736892285027424,-0.04004633249371912,0.04147817074634567
2023-06-12,0.0155176848698962,0.0011148695120517863,-0.02553814635063691,0.027767885374740484,-0.039647400672562644,0.04187713969666622
2023-06-13,-0.0026150970454111,0.0007006247405371662,-0.0259523789834238,0.027353628464498132,-0.04006162687949523,0.041462876360569556
2023-06-14,0.0034853345710786,0.001248606618343473,-0.02540439711720817,0.027901610353895115,-0.039513645019415324,0.04201085825610227
2023-06-15,0.0111364266896462,0.0010769749522081817,-0.025576028771752784,0.027729978676169147,-0.03968527666782421,0.041839226572240575
2023-06-16,-0.0058770085059791,0.0008352623007951568,-0.025817741423176877,0.02748826602476719,-0.03992698931925416,0.04159751392084447
2023-06-20,0.0004864904963907,0.001353506324279152,-0.025299497399681813,0.02800651004824012,-0.03940874529575324,0.04211575794431154
2023-06-21,-0.0056914546880374,0.001172884339936703,-0.025480119384024273,0.02782588806389768,-0.039589367280095704,0.04193513595996911
2023-06-22,0.016390270875522,0.001358205739990322,-0.025294797983970642,0.02801120946395129,-0.03940404588004207,0.04212045736002271
2023-06-23,-0.0017127259378478,0.000681592176370073,-0.025971411547590893,0.02733459590033104,-0.04008065944366232,0.041443843796402466
2023-06-26,-0.0075816026142924,0.00122007909518742,-0.025432924628773546,0.027873082819148385,-0.03954217252484497,0.04198233071521981
2023-06-27,0.0149466199980253,0.0014180709246513772,-0.02523493279930959,0.028071074648612342,-0.039344180695381016,0.04218032254468377
2023-06-28,0.0063079558430854,0.0007280518280871301,-0.025924951895873835,0.027381055552048096,-0.040034199791945266,0.04149030344811952
2023-06-29,0.001794918856934,0.0009736702873549049,-0.025679333436606062,0.02762667401131587,-0.039788581332677486,0.0417359219073873
2023-06-30,0.0228396674043203,0.0011207159297429855,-0.02553228779421798,0.02777371965370395,-0.03964153569028941,0.04188296754977538
2023-07-03,-0.0078150781078697,0.00047496290491764754,-0.02617804081904332,0.027127966628878612,-0.04028728871511474,0.04123721452495004
2023-07-05,-0.005888724948208,0.0014022608839714273,-0.02525074283998954,0.028055264607932392,-0.03935999073606097,0.04216451250400382
2023-07-06,0.002505455488851,0.0013713894093515728,-0.02528161431460939,0.02802439313331254,-0.03939086221068082,0.04213364102938397
2023-07-07,-0.0059086598381295,0.0011110496590446583,-0.025541954064916307,0.027764053383005624,-0.03965120196098774,0.04187330127907705
2023-07-10,-0.0109150579584588,0.001363006788798042,-0.025289996935162925,0.028016010512759006,-0.03939924483123435,0.042125258408830434
2023-07-11,-0.0028139516775676,0.0015316021901736958,-0.02507592471328661,0.028139129093634002,-0.039161098634784126,0.04222430301513152
2023-07-12,0.0089454706019949,0.0012734609485422794,-0.025334078255117257,0.027881000152201817,-0.03941925868794693,0.04196618058503148
2023-07-13,0.0040490976853203,0.0009130267792194463,-0.02569450012424086,0.027520553682679753,-0.03977967404573838,0.041605727604177266
2023-07-14,0.0007868923912079,0.0010532218974882558,-0.025554305017804903,0.027660748812781417,-0.03963947894556635,0.04174592274054287
2023-07-17,0.0171576765371619,0.0011588776482195822,-0.025448649255240725,0.027766404551679887,-0.03953382317673824,0.04185157847317741
2023-07-18,-0.0013412328257408,0.0006543982679465627,-0.025953128635525128,0.02726192517141825,-0.04003830255702867,0.041347099092921794
2023-07-19,0.0070469224174706,0.001212510024346861,-0.025395016879113445,0.027820036927807167,-0.039480190800610965,0.04190521084930468
2023-07-20,-0.0101487671532749,0.0009696520063810015,-0.02563787489707932,0.02757717890984132,-0.03972304881857684,0.041662352831338845
2023-07-21,-0.0061806749790735,0.0014954646214019173,-0.025112062282058388,0.028102991524862224,-0.039197236203555905,0.04218816544635974
2023-07-24,0.0042112306448445,0.0013886981334515287,-0.025218828770008778,0.027996225036911834,-0.039304002691506294,0.04208139895840935
2023-07-25,0.004503314714179,0.0010630690372508006,-0.025544457866209506,0.027670595940711105,-0.03962963178770702,0.04175576986220862
2023-07-26,0.0045347877605393,0.0010439099119015419,-0.025563616991558763,0.02765143681536185,-0.03964879091305628,0.041736610736859366
2023-07-27,-0.0066027636189981,0.0010423394930060205,-0.025565187410454285,0.027649866396466327,-0.0396503613319518,0.041735040317963844
2023-07-28,0.0134174562726316,0.0013877354987753003,-0.025219791404685006,0.027995262402235606,-0.03930496532618252,0.04208043632373312
2023-07-31,0.0031611298391405,0.0007774968850283413,-0.025830030018431965,0.027385023788488647,-0.03991520393992948,0.04147019770998617
2023-08-01,-0.0042851305370511,0.0010766820413158082,-0.0255308448621445,0.027684208944776113,-0.039616018783642015,0.04176938286627363
2023-08-02,-0.0156113787651034,0.0013169164633376966,-0.02529061044012261,0.027924443366798002,-0.03937578436162013,0.04200961728829552
2023-08-03,-0.0073483926851944,0.0016756650030590918,-0.024931861900401215,0.028283191906519397,-0.03901703582189873,0.04236836582801692
2023-08-04,-0.0492113882298889,0.0014305054536142938,-0.025177021449846012,0.0280380323570746,-0.03926219537134353,0.04212320627857211
2023-08-07,-0.0174044497098746,0.002721333300017953,-0.02388619360344235,0.02932886020347826,-0.03797136752493987,0.04341403412497578
2023-08-08,0.005297914428397,0.001740343182203548,-0.024837983054950146,0.028318669419357245,-0.038907699077446206,0.042388385441853305
2023-08-09,-0.0089948054407026,0.0010088781619483071,-0.025569459108105597,0.02758721543200221,-0.03963918097106623,0.041656937294962844
2023-08-10,-0.0012352535064012,0.001437051521030872,-0.025141274716122822,0.028015377758184568,-0.03921099073861888,0.04208509378068063
2023-08-11,0.000337480719211,0.001215240539938887,-0.02536308570727215,0.027793566787149927,-0.03943280173509225,0.04186328281497002
2023-08-14,0.0093492350752732,0.0011609668592924974,-0.025417359377861198,0.027739293096446193,-0.03948707540035726,0.04180900911894225
2023-08-15,-0.0112635104788663,0.0008872364500291066,-0.025691089787133754,0.02746556268719197,-0.03976080580963467,0.041535278709692876
2023-08-16,-0.004971514183226,0.0015013278227422218,-0.025076998414411474,0.028079654059895917,-0.03914671443690754,0.042149370082391974
2023-08-17,-0.0146621461669734,0.0013298981904059173,-0.025248428046747786,0.02790822442755962,-0.03931814406924385,0.041977940450055685
2023-08-18,0.0028122537813292,0.0016173053807468335,-0.024961020856406863,0.028195631617900528,-0.03903073687890292,0.04226534764039659
2023-08-21,0.0077069926767427,0.0010983896201593726,-0.025479936616994322,0.02767671585731307,-0.03954965263949038,0.04174643187980913
2023-08-22,0.0078738505464134,0.0009349386464677105,-0.025643387590685986,0.027513264883621404,-0.039713103613182046,0.041582980906117464
2023-08-23,0.0217115647183609,0.0009249658453241047,-0.02565336039182959,0.0275032920824778,-0.03972307641432565,0.04157300810497386
2023-08-24,-0.0265191029908642,0.0005068715872161763,-0.026071454649937518,0.027085197824369873,-0.04014117067243358,0.04115491384686593
2023-08-25,0.0125638689714175,0.0019504456985664268,-0.02462788053858727,0.02852877193572012,-0.038697596561083326,0.042598487958216184
2023-08-28,0.0088071572332272,0.0008140236994521892,-0.025764302537701508,0.027392349936605883,-0.03983401856019757,0.04146206595910194
2023-08-29,0.0215757884034198,0.0008931364130864624,-0.025685189824067232,0.02747146265024016,-0.03975490584656329,0.04154117867273622
2023-08-30,0.018990953804929,0.0005100099882319258,-0.02606831624892177,0.02708833622538562,-0.04013803227141783,0.04115805224788168
2023-08-31,0.0011717986952352,0.0005764847393445226,-0.026001841497809174,0.027154810976498217,-0.04007155752030523,0.04122452699899428
2023-09-01,0.0084275896403896,0.0011164939956692605,-0.025461832241484433,0.027694820232822957,-0.0395315482639805,0.041764536255319014
2023-09-05,0.0012659205675348,0.0009137287420188293,-0.025664597495134864,0.027492054979172526,-0.039734313517630925,0.041561771001668586
2023-09-06,-0.0364495028486683,0.0011318958869637199,-0.02540905540828667,0.02767284718221411,-0.039458986331666834,0.04172277810559427
2023-09-07,-0.0296856374089036,0.0022765927201645955,-0.024264369606120235,0.028817555046449426,-0.03831430636897729,0.042867491809306484
2023-09-08,0.0034856394172502,0.002107626709445775,-0.024433324585804616,0.028648578004696165,-0.03848325550918478,0.04269850892807633
2023-09-11,0.0066005398204055,0.0010996118981370742,-0.02544133940717519,0.02764056320344934,-0.03949127033588179,0.041690494132155934
2023-09-12,-0.0172078600289885,0.0009761857658027324,-0.02556476552944766,0.02751713706105312,-0.03961469645282782,0.041567067984433284
2023-09-13,-0.0119254808947445,0.0016914537647796002,-0.024849497530479967,0.028232405060039167,-0.03889942845386498,0.04228233598342419
2023-09-14,0.0087441118236683,0.0015535465571640357,-0.024987404738086354,0.028094497852414427,-0.03903733566146652,0.042144428775794586
2023-09-15,-0.0041627712775146,0.0009251238360791217,-0.025615827459171278,0.027466075131329523,-0.039665758382551444,0.04151600605470969
2023-09-18,0.0167721939246168,0.0012959542251568365,-0.025244997070093554,0.027836905520407226,-0.03929492799347371,0.04188683644378739
2023-09-19,0.0061619209142555,0.0006748823130652703,-0.02586606898218512,0.02721583360831566,-0.03991599990556528,0.04126576453169582
2023-09-20,-0.0201949818814457,0.0009765732060891595,-0.02556437808916123,0.02751752450133955,-0.03961430901254139,0.041567455424719714
2023-09-21,-0.0089289763072817,0.001781708167064017,-0.02475924312818637,0.02832265946231441,-0.03880917405156654,0.04237259038569457
2023-09-22,0.004932149475165,0.0014657720474458781,-0.025075179247804513,0.028006723342696268,-0.039125110171184675,0.04205665426607643
2023-09-25,0.0073531735935184,0.001037600617266269,-0.02550335067798412,0.02757855191251666,-0.03955328160136429,0.04162848283589682
2023-09-26,-0.0236764057483516,0.0009515500560776606,-0.025589401239172728,0.027492501351328053,-0.039639332162552894,0.04154243227470821
2023-09-27,-0.0089373658772831,0.0018860973595786782,-0.02465485393567171,0.02842704865482907,-0.03870478485905188,0.04247697957820923
2023-09-28,0.0015244830511373,0.001469178158259892,-0.025071773136990497,0.028010129453510283,-0.03912170406037066,0.042060060376890446
2023-09-29,0.003041831286176,0.001140620821017566,-0.025400330474232825,0.027681572116267955,-0.039450261397612985,0.04173150303964812
2023-10-02,0.014726684358737,0.0010848713269207618,-0.025456079968329628,0.027625822622171153,-0.03950601089170979,0.041675753545551315
2023-10-03,-0.0078002388491673,0.0007302851209351394,-0.02581066617431525,0.02727123641618553,-0.03986059709769541,0.041321167339565694
2023-10-04,0.0072821115823227,0.0013690436965074146,-0.025148102054554776,0.027886189447569605,-0.039185431084064706,0.041923518477079535
2023-10-05,0.0071721862600147,0.0009352990348260096,-0.02558185683157258,0.027452454901224603,-0.03961919121581815,0.041489789285470174
2023-10-06,0.0146427776831789,0.0009332223374337178,-0.025583923413628473,0.027450368088495908,-0.039621252443138404,0.04148769711800584
2023-10-09,0.0084154729204878,0.0007122669693483334,-0.025804878790553026,0.027229412729249693,-0.039842207824742126,0.041266741763438794
2023-10-10,-0.0033576782282628,0.0008896569506076758,-0.025627488800454516,0.027406802701669866,-0.03966481782996444,0.0414441317311798
2023-10-11,0.0078729273564481,0.00124293387651461,-0.025274211874555304,0.027760079627584523,-0.03931154090406932,0.04179740865709854
2023-10-12,0.0050485061858049,0.000921386448753024,-0.025595759302309166,0.027438532199815215,-0.0396330883318191,0.041475861229325145
2023-10-13,-0.0103463352463203,0.0009953737879023876,-0.025521771963159808,0.02751251953896458,-0.03955910099266974,0.04154984856847452
2023-10-16,-0.0007268722958165,0.0014526439542759052,-0.025064501796786286,0.027969789705338095,-0.039101830826296216,0.042007118734848026
2023-10-17,-0.0088236217459059,0.0011818024947793365,-0.025335343256282852,0.02769894824584153,-0.03937267228579278,0.04173627727535146
2023-10-18,-0.0074223706045969,0.0014131423559423759,-0.025104003395119815,0.027930288107004566,-0.03914133242462974,0.0419676171365145
2023-10-19,-0.0021632885487853,0.0013785588777067714,-0.02513858687335542,0.02789570462876896,-0.03917591590286535,0.04193303365827889
2023-10-20,-0.0148133615692594,0.0012220740483330295,-0.025295071702729162,0.02773921979939522,-0.03933240073223909,0.04177654882890515
2023-10-23,0.0006937733055408,0.0015913941356733208,-0.02492575161538887,0.02810853988673551,-0.0389630806448988,0.042145868916245444
2023-10-24,0.002540140773143,0.0011439086740142699,-0.02537323707704792,0.02766105442507646,-0.039410566106557854,0.04169838345458639
2023-10-25,-0.0135834648250778,0.0010761006150950434,-0.025441045135967146,0.027593246366157235,-0.03947837416547708,0.04163057539566716
2023-10-26,-0.0249133131881029,0.0015507223537666302,-0.02496642339729556,0.028067868104828822,-0.03900375242680549,0.04210519713433875
2023-10-27,0.0079378073261666,0.0018996715797425132,-0.024617474171319677,0.028416817330804704,-0.038654803200829604,0.04245414636031464
2023-10-30,0.0122301224309878,0.0009388823688862354,-0.025578263382175954,0.027456028119948427,-0.039615592411685885,0.04149335714945836
2023-10-31,0.0028148568407065,0.0007835965602786319,-0.025733549190783557,0.027300742311340824,-0.03977087822029349,0.041338071340850754
2023-11-01,0.0185650794033966,0.0010511379962447622,-0.02542378551039417,0.02752606150288369,-0.03943876343383493,0.04154103942632445
2023-11-02,0.0204822349172554,0.00060067823424215,-0.02587425494207495,0.02707561141055925,-0.03988923798433413,0.04109059445281842
2023-11-03,-0.0051948118962702,0.0005292071262169548,-0.025945716380421976,0.027004130632855883,-0.03996069430386273,0.041019108556296646
2023-11-06,0.0144997627920247,0.0012784594775787647,-0.02519646403732818,0.027753382992485708,-0.03921144196514576,0.04176836092030329
2023-11-07,0.0143472869394547,0.0007240110845411047,-0.025750912422097826,0.027198934591180033,-0.03976589034553858,0.041213912514620796
2023-11-08,0.0058675891722216,0.0007122845655405585,-0.02576263894110544,0.02718720807218656,-0.03977761686454994,0.04120218599563106
2023-11-09,-0.0026280730934697,0.0009598830604074291,-0.0255150404462315,0.02743480656704636,-0.03953001836967226,0.04144978449048712
2023-11-10,0.0229547514159574,0.0012155464806565693,-0.02525937702598237,0.027690469987295505,-0.03927435494942313,0.041705447910736264
2023-11-13,-0.0086207852944762,0.0004749509532681463,-0.025999972553370783,0.026949874459907076,-0.04001495047681154,0.040964852383347836
2023-11-14,0.0141847043185936,0.0013766004981394385,-0.02509832300849949,0.027851524004778368,-0.03911330093194025,0.04186650192821913
2023-11-15,0.0030361581610714,0.0007361067327153667,-0.025738816773923562,0.027211030239354297,-0.03975379469736432,0.04122600816279506
2023-11-16,0.0090017062298968,0.00104337440550048,-0.02543154910113845,0.02751829791213941,-0.03944652702457921,0.04153327583558017
2023-11-17,-0.0001057349164863,0.0008779197061640499,-0.02559700380047488,0.02735284321280298,-0.03961198172391564,0.04136782113624374
2023-11-20,0.0092357250346982,0.0011393937889691338,-0.025335529717669794,0.027614317295608065,-0.03935050764111055,0.041629295219048824
2023-11-21,-0.0042398153314594,0.0008738844426051252,-0.025601039064033805,0.027348807949244054,-0.039616016987474564,0.04136378587268481
2023-11-22,0.0035081820956617,0.00126016111222985,-0.02521476239440908,0.02773508461886878,-0.039229740317849836,0.04175006254230954
2023-11-24,-0.0070288771871209,0.001044895835967352,-0.025430027670671578,0.02751981934260628,-0.039445005594112334,0.041534797266047044
2023-11-27,-0.0009479515275902,0.001346717096448624,-0.025128206410190305,0.027821640603087554,-0.039143184333631065,0.04183661852652831
2023-11-28,0.0032088490962747,0.0011777293630107933,-0.025297194143628136,0.027652652869649724,-0.0393121720670689,0.04166763079309048
2023-11-29,-0.0054243454179815,0.001051238280767576,-0.025423685225871354,0.027526161787406505,-0.03943866314931211,0.04154113971084727
2023-11-30,0.0030579388082509,0.0013177174910827707,-0.025115699982096014,0.027751134964261556,-0.03910870593864941,0.041744140920814944
2023-12-01,0.0067684493971925,0.0010715014008530741,-0.0253619257195773,0.027504928521283452,-0.03935493678307719,0.041497939584783344
2023-12-04,-0.0095095764297687,0.0009614865913204992,-0.025471930881858285,0.027394904064499286,-0.03946493683841168,0.041387910021052673
2023-12-05,0.020844418913904,0.0014340555383112964,-0.02499936194311322,0.02786747301973581,-0.038992367904031634,0.041860478980654224
2023-12-06,-0.0057032268056825,0.0005604036534274909,-0.025873013819751295,0.026993821126606275,-0.03986601977630468,0.04098682708315967
2023-12-07,0.0100881921831428,0.0013110050485977205,-0.025122412424588115,0.027744422521783555,-0.03911541838114523,0.04173742847834067
2023-12-08,0.0073849062435872,0.0008712728123889783,-0.025562144660789807,0.027304690285567763,-0.0395551506173432,0.04129769624212115
2023-12-11,-0.0130114712736677,0.0009374491949614926,-0.0254959682782173,0.027370866668140283,-0.03948897423477069,0.041363872624693675
2023-12-12,0.0078889437937536,0.0015356856114252828,-0.0248977318617535,0.02796910308460407,-0.038890737818306896,0.04196210904115746
2023-12-13,0.0165537101244668,0.0009421380941151648,-0.02549127937906362,0.02737555556729395,-0.039484285335617014,0.04136856152384734
2023-12-14,0.0007573385828775,0.0006714651974731008,-0.025761952275705685,0.027104882670651885,-0.03975495823225907,0.04109788862720528
2023-12-15,-0.0027294351213788,0.0011253691916641689,-0.025308048281514617,0.027558786664842953,-0.039301054238068005,0.04155179262139635
2023-12-18,-0.0085397169760315,0.001240577491712244,-0.02519283998146654,0.02767399496489103,-0.03918584593801993,0.04166700092144442
2023-12-19,0.0053459707534493,0.001413813087021707,-0.02501960438615708,0.02784723056020049,-0.03901261034271047,0.041840236516753886
2023-12-20,-0.0107717926059497,0.0010129205453745477,-0.025420496927804237,0.027446338018553333,-0.03941350288435763,0.04143934397510672
2023-12-21,-0.0007703309538416,0.0014724135833187296,-0.024961003889860056,0.027905831056497514,-0.038954009846413444,0.04189883701305091
2023-12-22,-0.0055629187235098,0.0011934478656939872,-0.0252399696074848,0.02762686533887277,-0.03923297556403819,0.041619871295426165
2023-12-26,-0.0028447765272167,0.0013254065699980066,-0.02510801090318078,0.02775882404317679,-0.03910101685973417,0.041751829999730185
2023-12-27,0.0005176892715376,0.0012497977975397987,-0.025183619675638987,0.027683215270718584,-0.039176625632192374,0.04167622122727198
2023-12-28,0.0022237955348007,0.0011492834300347889,-0.025284134043143995,0.027582700903213575,-0.03927713999969739,0.04157570685976696
2023-12-29,-0.0054388547523672,0.001096060731227225,-0.025291982697465052,0.0274841041599195,-0.03926096908577998,0.041453090548234435
2024-01-02,-0.036442718080094,0.0013209442944621076,-0.02506710905419773,0.027708997643121947,-0.039036100693826285,0.041677989282750495
2024-01-03,-0.0075157473657559,0.00223993312190792,-0.024148110306784355,0.028627976550600197,-0.03811709669509929,0.04259696293891513
2024-01-04,-0.0127814289568493,0.001414845126025909,-0.024973198311271642,0.027802888563323462,-0.03894218470414193,0.04177187495619375
2024-01-05,-0.0040211836294142,0.0015458344770677725,-0.024842208951624502,0.02793387790576005,-0.03881119533993944,0.04190286429407498
2024-01-08,0.02388724024691,0.001291643861572636,-0.025096399567127104,0.027679687290272374,-0.03906538595544599,0.04164867367859126
2024-01-09,-0.002265974829282,0.00046220386531841805,-0.025925839563373857,0.026850247294010695,-0.03989482595168879,0.04081923368232562
2024-01-10,0.0056554214147062,0.0012080603225531111,-0.02517998310613917,0.02759610375124539,-0.0391489694944541,0.04156509013956033
2024-01-11,-0.0032276926103748,0.0009967204075211984,-0.02539132302117108,0.027384763836213473,-0.03936030940948601,0.041353750224528404
2024-01-12,0.0017764910003632,0.0012521289141095905,-0.025135914514582684,0.027640172342801868,-0.039104900902897616,0.0416091587311168
2024-01-16,-0.012393577726777,0.001112263929790968,-0.025275779498901307,0.027500307358483245,-0.03924476588721624,0.041469293746798176
2024-01-17,-0.0051868692717465,0.0015254935135840745,-0.024862549915108202,0.02791353694227635,-0.038831536303423134,0.04188252333059128
2024-01-18,0.0320514385239661,0.0013254061521260586,-0.025062637276566217,0.027713449580818336,-0.03903162366488115,0.041682435969133264
2024-01-19,0.0154136360510313,0.00022273845421074702,-0.02616530497448153,0.02661078188290302,-0.04013429136279646,0.04057976827121795
2024-01-22,0.0120898427365774,0.0006802925568084831,-0.025707750871883792,0.02706833598550076,-0.03967673726019873,0.04103732237381569
2024-01-23,0.0066312055763723,0.00079166404145477,-0.025596379387237505,0.027179707470147047,-0.03956536577555244,0.041148693858461975
2024-01-24,-0.0034899453605538,0.000955716709419291,-0.025432326719272987,0.027343760138111566,-0.03940131310758792,0.0413127465264265
2024-01-25,-0.0016981372136383,0.0012586453401494829,-0.025129398088542792,0.02764668876884176,-0.03909838447685773,0.04161567515715669
2024-01-26,-0.0090535962503113,0.001214793584706761,-0.025173249843985515,0.027602837013399037,-0.03914223623230045,0.04157182340171397
2024-01-29,-0.0035922780895097,0.001430141308215783,-0.024957902120476494,0.027818184736908058,-0.038926888508791425,0.04178717112522299
2024-01-30,-0.0194334713834117,0.0012654575860887001,-0.02509419202750049,0.027625107199677888,-0.03904814763804065,0.04157906281021806
2024-01-31,-0.0195473675376092,0.001713082519455682,-0.024646576187007278,0.02807274122591864,-0.038600536611024056,0.042026701649935425
2024-02-01,0.01325236530278,0.0017340574822852916,-0.024625592131303897,0.02809370709587448,-0.038579547741844064,0.04204766270641465
2024-02-02,-0.0054197100874554,0.0007885249575114899,-0.02557112466363344,0.02714817457865642,-0.03952508027817338,0.04110213019319636
2024-02-05,0.0097983404833694,0.0013000391680964688,-0.02505961044549272,0.02765968878168566,-0.039013566056032886,0.041613644392225826
2024-02-06,0.0085948587196532,0.0008760757976126099,-0.025483573815982857,0.027235725411208073,-0.03943752942652635,0.04118968102175157
2024-02-07,0.00058076963744,0.0008985612479595603,-0.025461088365629627,0.02725821086154875,-0.039415043976169795,0.04121216647208892
2024-02-08,-0.0057712708531222,0.0011302253281694759,-0.025229424285419716,0.02748987494175867,-0.03918337989595989,0.04144383055229884
2024-02-09,0.0040856766679532,0.0013200085806802067,-0.025039641032908982,0.027679658194269395,-0.03899359664344915,0.041633613804809566
2024-02-12,-0.0090427450704058,0.0010413405326679056,-0.025318309080921284,0.027400990146257093,-0.03927226469146145,0.04135494575679726
2024-02-13,-0.0113385138858095,0.0014117506914813772,-0.02494789892210781,0.027771400305070568,-0.03890185453264798,0.04172535591561073
2024-02-14,-0.0048212919821887,0.0014886066213522678,-0.02487104299223692,0.027848256234941457,-0.03882499860277709,0.04180221184548162
2024-02-15,-0.0015758741926178,0.0013029550501302142,-0.025056694563458975,0.027662604663719403,-0.03901065017399914,0.04161656027425957
2024-02-16,-0.0084660909294184,0.0012040502022007285,-0.02515559941138846,0.02756369981578992,-0.03910955502192863,0.04151765542633008
2024-02-20,-0.0041224663590732,0.0013998182263992983,-0.02495983138718989,0.027759467839988488,-0.03891378699773006,0.041713423450528656
2024-02-21,0.0041773629722954,0.0012802510950407947,-0.025079398518548394,0.027639900708629983,-0.03903335412908856,0.041593856319170154
2024-02-22,0.0111810431241031,0.001037551505115433,-0.025322098108473756,0.027397201118704622,-0.03927605371901392,0.04135115672924479
2024-02-23,-0.0100847555864469,0.0008286655832387378,-0.02553098403035045,0.027188315196827927,-0.039484939640890615,0.0411422708073681
2024-02-26,-0.0074791263254049,0.0014356573220800704,-0.024923992291509118,0.02779530693566926,-0.038877947902049285,0.04174926254620943
2024-02-27,0.0080816231633177,0.0013780441060740336,-0.024981605507515155,0.027737693719663222,-0.03893556111805532,0.04169164933020339
2024-02-28,-0.006647599827965,0.000914371728996263,-0.025403913239627287,0.027232656697619814,-0.039335971729827945,0.04116471518782047
2024-02-29,-0.0036997444238013,0.0013282272278221253,-0.02499006654293496,0.027646520998579213,-0.03892212969270365,0.0415785841483479
2024-03-01,-0.0060487711793145,0.0012502748678894762,-0.025068010100734076,0.027568559836513025,-0.03900006859093473,0.04150061832671369
2024-03-04,-0.0257088526354131,0.00131520876501388,-0.025003076210811544,0.027633493740839305,-0.038935134704824646,0.0415655522348524
2024-03-05,-0.0288532722465855,0.0018796113734549048,-0.024438673595168645,0.028197896342078456,-0.038370732085369307,0.04212995483227911
2024-03-06,-0.0058955532942486,0.001985690373609116,-0.02433259459502033,0.02830397534223856,-0.0382646530852241,0.04223603383244233
2024-03-07,-0.0007097713623852,0.0013320424617721046,-0.024986242506851445,0.027650327430395655,-0.038918300997052103,0.041582385920596314
2024-03-08,0.0101845780099263,0.0011650103328101548,-0.0251532746358134,0.027483295301433713,-0.03908533312601406,0.04141535379163437
2024-03-11,0.0117621206654772,0.0008486091781518183,-0.02546967579047173,0.02716689414677537,-0.03940173428067239,0.04109895263697603
2024-03-12,0.0027748554909588,0.00079443452301132,-0.025523850445612232,0.02711271949163487,-0.03945590893581289,0.04104477798183553
2024-03-13,-0.0121966538210568,0.0010499579178108195,-0.02526832705081273,0.02736824288643437,-0.03920038554101339,0.041300301376635026
2024-03-14,0.0108679981887882,0.0014855141045586173,-0.024832770864064935,0.027803799073182166,-0.03876482935426559,0.04173585756338283
2024-03-15,-0.0021990297493934,0.0008382282617226054,-0.025480056706900945,0.027156513230346156,-0.0394121151971016,0.041088571720546814
2024-03-18,0.0063522107842378,0.0011934843134285594,-0.02512480065519499,0.02751176928205211,-0.039056859145395646,0.04144382777225277
2024-03-19,0.0134935357822061,0.0009590452192318635,-0.025359239749391686,0.027277330187855414,-0.03929129823959235,0.04120938867805607
2024-03-20,0.014602230123755,0.000748067824555604,-0.025570217144067948,0.027066352793179153,-0.039502275634268606,0.04099841128337981
2024-03-21,-0.0417156457876668,0.0007103197483892172,-0.025607965220234334,0.027028604717012766,-0.03954002371043499,0.04096066320721343
2024-03-22,0.0052960181860438,0.002320164449812788,-0.023998120518810763,0.028638449418436338,-0.03793017900901142,0.042570507908637
2024-03-25,-0.0083348777631135,0.001021484418302689,-0.02529680055032086,0.02733976938692624,-0.03922885904052152,0.041271827877126896
2024-03-26,-0.0066950397722984,0.0013742368589145832,-0.024944048109708968,0.027692521827538133,-0.03887610659990962,0.041624580317738795
2024-03-27,0.0209909080347756,0.001314029084179762,-0.02498022898098029,0.027608287149339814,-0.03889956839678871,0.04152762656514823
2024-03-28,-0.0106152337898318,0.0005259522679697363,-0.02576831411972881,0.026820218655668283,-0.03968765794122299,0.040739562477162455
2024-04-01,-0.0084918241646327,0.0014015343100746125,-0.02489272375508544,0.027695792375234663,-0.038812063170893855,0.041615131791043085
2024-04-02,-0.007023509358149,0.0013665960954763199,-0.024927661976308045,0.027660854167260683,-0.038847001395623165,0.0415801935865758
2024-04-03,0.0047860249372294,0.0013237389404046104,-0.024970519124755442,0.02761799700556466,-0.03888985854056386,0.04153733642137308
2024-04-04,-0.0049042229107642,0.0009893575515368975,-0.02530490051362843,0.02728361561670222,-0.039224239929439644,0.041202955032513436
2024-04-05,0.0044918091885087,0.001253318014715176,-0.025040940050444875,0.02754757607987523,-0.03896027946625329,0.04146691549568365
2024-04-08,-0.0066860228748127,0.0009956784347507795,-0.025298579630409275,0.027289936499910836,-0.0392179190462177,0.041209275915719254
2024-04-09,0.0072164193570196,0.0013037652971964165,-0.024990492767963637,0.027598023362356467,-0.03890983218377205,0.04151736277816489
2024-04-10,-0.0112017814019452,0.0009202336083271681,-0.025374024456832883,0.02721449167348722,-0.039293363872641304,0.041133831089295636
2024-04-11,0.0423608069105904,0.0014290379458422686,-0.02486522011931778,0.027723296011002322,-0.0387845595351262,0.04164263542681074
2024-04-12,0.0085897900552811,-6.77455591060925e-05,-0.026362003624266144,0.02622651250605396,-0.040281343040074566,0.040145851921862374
2024-04-15,-0.0221060865843743,0.0008427934541256215,-0.02545146461103443,0.027137051519285672,-0.03937080402684285,0.04105639093509409
2024-04-16,-0.0193532975113553,0.0017344916149911733,-0.024559766450168878,0.028028749680151226,-0.038479105865977296,0.041948089095959644
2024-04-17,-0.0081809122788563,0.001681985460490057,-0.024612272604669996,0.027976243525650108,-0.03853161202047841,0.04189558294145853
2024-04-18,-0.0057306615404897,0.0013653024453819656,-0.024928955619778086,0.027659560510542018,-0.038848295035586504,0.041578899926350436
2024-04-19,-0.0122877673071827,0.0012872401378330638,-0.02500701792732699,0.027581498202993115,-0.038926357343135404,0.04150083761880154
2024-04-22,0.0050780170502914,0.0014700305940537936,-0.02482422747110626,0.027764288659213845,-0.038743566886914674,0.041683628075022267
2024-04-23,0.0063713031496826,0.000985254204721926,-0.025309003860438127,0.027279512269881977,-0.039228343276246545,0.041198851685690395
2024-04-24,0.0126222861014038,0.0009350904952867072,-0.025359167569873345,0.02722934856044676,-0.03927850698568176,0.04114868797625518
2024-04-25,0.0051341082345287,0.0007526285614229481,-0.025514710533930778,0.027019967656776674,-0.03941979990790385,0.040925057030749744
2024-04-26,-0.00347892344021,0.0009677113602615307,-0.025299635964838512,0.027235058685361576,-0.039204729695376125,0.04114015241589919
2024-04-29,0.0245053311634619,0.0012065288023484987,-0.025060810293005227,0.027473867897702224,-0.0389658996669783,0.041378957271675294
2024-04-30,-0.0184398244459613,0.000426108991966108,-0.025841230109904776,0.026693448093836992,-0.03974631948732782,0.040598537471260035
2024-05-01,-0.0060655067175005,0.0016125594625226406,-0.024654779632831084,0.027879898557876367,-0.03855986900680416,0.041784987931849434
2024-05-02,0.0217928216916179,0.001297724507102134,-0.024969614588256746,0.027565063602461016,-0.03887470396223255,0.04147015297643681
2024-05-03,0.0580954917168504,0.0005049123021143443,-0.025762426793239382,0.02677225139746807,-0.03966751616721245,0.04067734077144114
2024-05-06,-0.0091484872724974,-0.0005389829820923711,-0.0268063220774461,0.02572835611326136,-0.040711411451419176,0.03963344548723443
2024-05-07,0.0037899822103911,0.0013239382651867237,-0.024943400830167002,0.02759127736054045,-0.03884849020414007,0.04149636673451352
2024-05-08,0.0018623604828175,0.00101226375621817,-0.025255075339135555,0.027279602851571896,-0.039160164713108625,0.04118469222554497
2024-05-09,0.0099643963196724,0.0010577377730210506,-0.025209601322332676,0.027325076868374775,-0.03911469069630574,0.04123016624234785
2024-05-10,-0.006913957770836,0.0008310198792747602,-0.025436319216078966,0.027098358974628485,-0.039341408590052036,0.041003448348601555
2024-05-13,0.0174913540461361,0.0012996098268260588,-0.024967729268527666,0.027566948922179785,-0.03887281864250074,0.041472038296152855
2024-05-14,0.0061545259479053,0.000626011922675376,-0.02564132717267835,0.026893351018029102,-0.03954641654665142,0.04079844039200217
2024-05-15,0.0121439697768045,0.0009260834842384427,-0.025341255611115283,0.027193422579592168,-0.039246344985088354,0.04109851195356524
2024-05-16,0.0006323140383851,0.0007659801394224973,-0.02550135895593123,0.027033319234776223,-0.039406448329904295,0.0409384086087493
2024-05-17,0.0001578540854057,0.0010854216211321445,-0.02518191747422158,0.02735276071648587,-0.039087006848194654,0.04125785009045894
2024-05-20,0.0061433125021732,0.001107762622771011,-0.025159576472582715,0.027375101718124736,-0.03906466584655578,0.04128019109209781
2024-05-21,0.0068337774938113,0.0009399558773452018,-0.025327383218008523,0.02720729497269893,-0.03923247259198159,0.041112384346672
2024-05-22,-0.0075669877886718,0.0009158034455110978,-0.02535153564984263,0.027183142540864822,-0.039256625023815696,0.041088231914837896
2024-05-23,-0.0212828870536247,0.0013414035227923703,-0.024907436066833225,0.027590243112417964,-0.038802732394027165,0.041485539439611904
2024-05-24,0.016452152477423,0.001731008630268181,-0.024517839139741027,0.02797985640027739,-0.03841313979736847,0.04187515705790484
2024-05-28,5.277086712667212e-05,0.0006888902729655848,-0.02555994931666001,0.02693772986259118,-0.03945524564385395,0.04083302618978512
2024-05-29,0.0015775497137334,0.0011197865108629832,-0.025129053085223486,0.027368626106949456,-0.039024349415837614,0.04126392243756358
2024-05-30,0.0052413745568356,0.0010895511314208467,-0.025159288458204747,0.027338390721046442,-0.03905458478539869,0.04123368704824038
2024-05-31,0.0050061906029735,0.0009857307334904084,-0.02526310885614029,0.027234570323121106,-0.03915840518333693,0.04112986665031775
2024-06-03,0.0092160343165232,0.0009894130805637976,-0.025259426509061798,0.02723825267018939,-0.039154722836255734,0.041133548997383335
2024-06-04,0.0016479841623619,0.000871205821250543,-0.025377633768375055,0.02712004541087614,-0.039272930095569,0.04101534173807008
2024-06-05,0.0077904994334177,0.001080571872168352,-0.02516826771745724,0.027329411461793948,-0.03906356404465118,0.04122470778898789
2024-06-06,-0.0071219291132278,0.0009138301068479312,-0.025335009482777664,0.027162669696473525,-0.039230305809971604,0.041057966023667465
2024-06-07,0.0123157416936253,0.0013282342877493942,-0.0249206053018762,0.02757707387737499,-0.03881590162907014,0.041472370204568926
2024-06-10,-0.0193334797232118,0.000793615497477058,-0.025455224092148537,0.02704245508710265,-0.03935052041934248,0.04093775141429659
2024-06-11,0.0701316128205566,0.0016680421427019707,-0.024580797446923625,0.027916881732327564,-0.038476093774117565,0.041812178059521504
2024-06-12,0.0281776133411055,-0.0008216582630825862,-0.02707049785270818,0.025427181326543008,-0.04096579417990212,0.03932247765373695
2024-06-13,0.0054760849128353,0.00028742338136756923,-0.025961416208258026,0.026536262970993162,-0.03985671253545196,0.040431559298187106
2024-06-14,-0.0082018950505805,0.0009565828798186963,-0.0252922567098069,0.02720542246944429,-0.03918755303700084,0.04110071879663823
2024-06-17,0.0194805236119282,0.0013597865195904605,-0.024889053070035135,0.027608626109216054,-0.03878434939722907,0.04150392243641
2024-06-18,-0.0110453194298179,0.0005931473706143935,-0.025655692219011202,0.026841986960239986,-0.03955098854620514,0.04073728328743393
2024-06-20,-0.0217477324767265,0.0014294826803930238,-0.024819356909232572,0.027678322270018617,-0.03871465323642651,0.04157361859721256
2024-06-21,-0.0104992407465966,0.0017537609344793906,-0.024495078655146205,0.028002600524104984,-0.038390374982340145,0.041897896851298924
2024-06-24,0.0031276755372861,0.0014568168466979785,-0.02479113873498607,0.027704772428382027,-0.038685967096643424,0.041599600790039375
2024-06-25,0.0044582146122503,0.0010587388272848396,-0.02518922469125809,0.02730670234582777,-0.039084057254434736,0.04120153490900442
2024-06-26,0.0197960569349909,0.0010202838677020863,-0.02522767171398196,0.027268239449386136,-0.03912250007563931,0.04116306781104349
2024-06-27,0.0039780037004784,0.0005911813683194844,-0.02565677421953917,0.02683913695617814,-0.03955160258446516,0.040733965321104126
2024-06-28,-0.0163876373736859,0.001020370890738716,-0.025227584690945333,0.027268326472422763,-0.03912241305260268,0.04116315483408012
2024-07-01,0.028689090573948,0.0016003845337255675,-0.024647571047963283,0.027848340115414417,-0.03854239940962318,0.041743168477074315
2024-07-02,0.0161095013556179,0.00035927806797631694,-0.02588867751370773,0.026607233649660365,-0.03978350587536508,0.040502062011317716
2024-07-03,0.0057942111292479,0.0006755318401500073,-0.025572423741534043,0.02692348742183406,-0.0394672521031914,0.04081831578349141
2024-07-05,0.0213900475432251,0.0009720669388719393,-0.02527588864281211,0.027220022520555987,-0.03917071700446946,0.04111485088221334
2024-07-08,0.0065174218674706,0.000545338260536801,-0.025702617321147248,0.026793293842220848,-0.0395974456828046,0.0406881222038782
2024-07-09,0.003767842852189,0.000948263762326327,-0.02529969181935772,0.027196219344010376,-0.039194520181015075,0.041091047705667724
2024-07-10,0.0186289637936098,0.0010361935368856407,-0.025211762044798407,0.02728414911856969,-0.03910659040645576,0.04117897748022704
2024-07-11,-0.0234946817699225,0.0006241391326044559,-0.025623816449079594,0.026872094714288502,-0.03951864481073694,0.04076692307594586
2024-07-12,0.0129664920054793,0.0017875604044228844,-0.024460395177261163,0.028035515986106933,-0.038355223538918515,0.041930344347764284
2024-07-15,0.0166045750163607,0.0008030341619797341,-0.025444921419704315,0.02705098974366378,-0.03933974978136166,0.040945818105321136
2024-07-16,0.0017904103190586,0.0006741001705610737,-0.025573855411122975,0.02692205575224512,-0.03946868377278032,0.040816884113902475
2024-07-17,-0.0256215305895827,0.001083701178575633,-0.025164254403108415,0.02733165676025968,-0.039059082764765767,0.04122648512191703
2024-07-18,-0.0207485986693696,0.0018597006737024438,-0.024388254907981605,0.02810765625538649,-0.03828308326963895,0.042002484617043846
2024-07-19,0.0005797029263787,0.0017454288801778605,-0.024502526701506187,0.02799338446186191,-0.03839735506316354,0.04188821282351926
2024-07-22,-0.0015614520529915,0.001147351815501092,-0.025100603766182956,0.02739530739718514,-0.038995432127840304,0.041290135758842494
2024-07-23,0.0046773340949839,0.0012008986149615712,-0.025023382102633048,0.02742517933255619,-0.03890567774828574,0.041307474978208886
2024-07-24,-0.0291758708393712,0.0010275909667906951,-0.02519669740625435,0.02725187933983574,-0.039078997104457704,0.0411341790380391
2024-07-25,-0.0048160729260765,0.001960818116001207,-0.02426346260159341,0.028185098833595826,-0.03814575824724611,0.04206739447924852
2024-07-26,0.0021586500810382,0.0013131301819693788,-0.024911150541476985,0.027537410905415744,-0.0387934461902274,0.04141970655416616
2024-07-29,0.0012837269094516,0.00110233168871347,-0.02512194902888115,0.027326612406308088,-0.03900424467453384,0.041208908051960785
2024-07-30,0.0025628016186969,0.0011206769297347967,-0.025103603787864297,0.02734495764733389,-0.03898589943351936,0.04122725329298895
2024-07-31,0.014879582264493,0.0010858390343112987,-0.02513844168328332,0.027310119751905917,-0.03902073732893601,0.041192415397558614
2024-08-01,-0.0168926086238728,0.0007443459605174806,-0.025479934757077143,0.026968626678112107,-0.03936223040272984,0.0408509223237648
2024-08-02,0.0068459347859653,0.0016133290909676624,-0.024610951626626958,0.02783760980856228,-0.03849324727227965,0.04171990545421497
2024-08-05,-0.049365634394418,0.0009810408827436246,-0.025243239834850995,0.027205321600338242,-0.03912553548050369,0.041087617245990936
2024-08-06,-0.0097961155101529,0.0025176740053588385,-0.02370660671223578,0.028741954722953458,-0.037588902357888476,0.04262425036860615
2024-08-07,0.0124207657241879,0.0014661564074002647,-0.024758124310194352,0.027690437124994884,-0.03864041995584705,0.041572732770647575
2024-08-08,0.0164964658243273,0.0008228412773773049,-0.025401439440217312,0.027047121994971925,-0.039283735085870006,0.04092941764062462
2024-08-09,0.0136424818057669,0.0006923718833196401,-0.025531908834274978,0.02691665260091426,-0.039414204479927675,0.04079894824656695
2024-08-12,0.0071046053718881,0.0007676704965755962,-0.025456610221019024,0.026991951214170213,-0.039338905866671714,0.04087424685982291
2024-08-13,0.0170470373506268,0.0009505088429507854,-0.025273771874643833,0.027174789560545403,-0.039156067520296524,0.0410570852061981
2024-08-14,0.0020315978664293,0.0006806796083824733,-0.025543601109212145,0.02690496032597709,-0.03942589675486484,0.040787255971629785
2024-08-15,0.0134397942126456,0.0010883601816498083,-0.02513592053594481,0.027312640899244428,-0.0390182161815975,0.04119493654489712
2024-08-16,0.0059011634517562,0.0007842224416288474,-0.025440058275965773,0.027008503159223464,-0.039322353921618466,0.04089079880487616
2024-08-19,-0.0007081041308139,0.0009842387320445223,-0.025240041985550098,0.02720851944963914,-0.03912233763120279,0.04109081509529183
2024-08-20,0.0027408606532119,0.0011693587218024608,-0.025034919066509655,0.027373636510114575,-0.03890662580102808,0.041245343244633
2024-08-21,-0.000485821407353,0.0010789269750572045,-0.025125358126181087,0.0272832120762955,-0.038997068731928784,0.04115492268204319
2024-08-22,-0.0082939132433777,0.0011659308170327324,-0.025038346971279383,0.027370208605344847,-0.0389100537057978,0.04124191533986327
2024-08-23,0.0102355812155979,0.0013817651682372777,-0.024822512625540312,0.02758604296201487,-0.038694219362951976,0.04145774969942653
2024-08-26,0.001497675858489,0.0008810725244122264,-0.02532320526389989,0.02708535031272434,-0.03919491199841831,0.04095705704724276
2024-08-27,0.0037345403839147,0.0011062621295377982,-0.0250980156587784,0.027310539917853996,-0.03896972239329898,0.041182246652374584
2024-08-28,-0.0067763517593019,0.0010512677955659235,-0.02515300999274619,0.02725554558387804,-0.03902471672726462,0.04112725231839646
2024-08-29,0.0144650263841676,0.0013371120396421458,-0.024867165748669977,0.027541389827954267,-0.0387388724831884,0.04141309656247269
2024-08-30,-0.0034438070527294,0.0007642276375780668,-0.02544005015073405,0.02696850542589018,-0.03931175688525247,0.040840212160408604
2024-09-03,-0.0275821702265706,0.0012381595997293553,-0.02496611818858276,0.02744243738804147,-0.038837824923101186,0.04131414412255989
2024-09-04,-0.0086561142809519,0.001911013058229575,-0.02429326473008254,0.02811529084654169,-0.03816497146460096,0.041986997581060115
2024-09-05,0.0069038430243975,0.001412005126583086,-0.02479227266172903,0.0276162829148952,-0.03866397939624745,0.04148798964941362
2024-09-06,-0.0070397432729899,0.0009729834790202865,-0.02523129430929183,0.0271772612673324,-0.03910300104381025,0.04104896800185082
2024-09-09,0.0004075758255408,0.0013421726599292386,-0.024862105128382876,0.027546450448241354,-0.0387338118629013,0.04141815718275978
2024-09-10,-0.0036279818621193,0.0011486700143854972,-0.025055607773926618,0.027352947802697612,-0.03892731450844504,0.041224654537216035
2024-09-11,0.011518509857095,0.0012537045112968929,-0.024950573277015223,0.027457982299609007,-0.03882228001153364,0.04132968903412743
2024-09-12,0.0004939107090277,0.0008424996027672628,-0.025361778185544852,0.027046777391079378,-0.039233484920063275,0.0409184841255978
2024-09-13,-0.0012127306663409,0.0011326496688783784,-0.025071628119433736,0.027336927457190494,-0.03894333485395216,0.041208634191708914
2024-09-16,-0.0281682834400961,0.0011872381592029073,-0.025017039629109207,0.027391515947515023,-0.03888874636362763,0.041263222682033446
2024-09-17,0.0021702859606567,0.0019256441862068245,-0.02427863360210529,0.02812992197451894,-0.03815034033662371,0.04200162870903736
2024-09-18,0.0178299006077403,0.0011032796733521908,-0.025063911209392963,0.027270470556097347,-0.03891598532202149,0.04112254466872588
2024-09-19,0.0363950892617115,0.0006543838745067354,-0.025512814261544475,0.026821582010557947,-0.0393648922138413,0.04067365996285476
2024-09-20,-0.0029316813124074,0.00013490703651461498,-0.02603228384623054,0.02630209791925977,-0.03988435795885907,0.0401541720318883
2024-09-23,-0.0076099262637897,0.0011944042030281815,-0.024972786685119562,0.027361595091175923,-0.03882486080060805,0.04121366920666441
2024-09-24,0.0039661283063688,0.0013506284883175732,-0.02481656239442758,0.027517819371062728,-0.03866863650705611,0.04136989348369126
2024-09-25,-0.0044078647256632,0.0010389896953079997,-0.02512820118744118,0.02720618057805718,-0.03898027530007184,0.04105825469068784
2024-09-26,0.0050674832405065,0.0012590060068028838,-0.02490818487594227,0.02742619688954804,-0.0387602589885708,0.04127827100217657
2024-09-27,0.001185853889406,0.001006411312555794,-0.02516077957018937,0.027173602195300954,-0.0390128536828179,0.041025676307929484
2024-09-30,0.0226142836294177,0.001105454457118662,-0.025061736425626494,0.027272645339863816,-0.038913810538255024,0.041124719452492346
2024-10-01,-0.029574587882973,0.0005233358933367735,-0.025643854989408382,0.026690526776081927,-0.03949592910203691,0.04054260088871046
2024-10-02,0.0025165632465533,0.0019317799944317052,-0.02423541088831345,0.02809897087717686,-0.03808748500094198,0.04195104498980539
2024-10-03,-0.0049066142881929,0.0010943919562269753,-0.02507279892651818,0.02726158283897213,-0.03892487303914671,0.04111365695160066
2024-10-04,0.0049947903461748,0.0012741303782666464,-0.02489306050447851,0.0274413212610118,-0.03874513461710704,0.04129339537364033
2024-10-07,-0.022788461917815,0.0010088080587783556,-0.025158382823966798,0.027175998941523512,-0.03901045693659533,0.04102807305415204
2024-10-08,0.018236709844267,0.0017598234547940086,-0.024407367427951146,0.027927014337539163,-0.038259441540579676,0.041779088450167694
2024-10-09,0.0165605024747525,0.0006606669574342309,-0.025506523925310925,0.026827857840179384,-0.03935859803793945,0.04067993195280792
2024-10-10,-0.0021805680801138,0.0006764157470468439,-0.02549077513569831,0.026843606629792,-0.039342849248326844,0.040695680742420526
2024-10-11,-0.0065267077497881,0.0011883241695323434,-0.02497886671321281,0.0273555150522775,-0.03883094082584134,0.04120758916490603
2024-10-14,0.0163455639191373,0.0013209093210734132,-0.02484628156167174,0.027488100203818568,-0.03869835567430027,0.0413401743164471
2024-10-15,0.0109643024972426,0.0007003010591318489,-0.025466889823613306,0.026867491941877004,-0.03931896393624184,0.04071956605450553
2024-10-16,-0.008891291337577,0.0008387983902568997,-0.025304952025108088,0.02698254880562189,-0.039144617503854603,0.0408222142843684
2024-10-17,0.0015950637328494,0.001396241532514662,-0.024747516367371464,0.02753999943240079,-0.03858718580818414,0.04137966887321347
2024-10-18,0.0122018212998504,0.0011153036715679777,-0.025028446743797013,0.027259054086932966,-0.03886811222254352,0.04109871956567948
2024-10-21,0.0062781045567451,0.0008157556603712336,-0.025327994760659292,0.02695950608140176,-0.039167660242404964,0.04079917156314743
2024-10-22,-0.0026250891445299,0.0009707014440446067,-0.02517304897132038,0.027114451859409597,-0.0390127144500669,0.040954117338156105
2024-10-23,-0.0218603055871408,0.0012199132007851621,-0.024923837214584115,0.02736366361615444,-0.0387635026933329,0.04120332909490323
2024-10-24,-0.0008236002782339,0.0017559889020274952,-0.024387761513337495,0.027899739317392484,-0.03822742699208401,0.041739404796138996
2024-10-25,0.0036365261370125,0.0011919542846864472,-0.024951796130678546,0.02733570470005144,-0.03879146160942506,0.04117537017879796
2024-10-28,0.0085625891220643,0.0010537241201856126,-0.025090026295179375,0.027197474535550603,-0.03892969177392589,0.04103714001429711
2024-10-29,0.001156127771345,0.0009143899878500713,-0.02522936042751492,0.02705814040321506,-0.03906902590626143,0.040897805881961576
2024-10-30,-0.0153957561210157,0.0011143308040324966,-0.025029419611332492,0.027258081219397486,-0.038869085090079004,0.041097746698144
2024-10-31,-0.018377386396214,0.0015752245580698094,-0.02456852585729518,0.0277189749734348,-0.03840819133604169,0.041558640452181314
2024-11-01,-0.0133685924250252,0.0016699388863072576,-0.024473811529057733,0.027813689301672245,-0.03831347700780424,0.04165335478041876
2024-11-04,-0.0040457128003942,0.0015347375781650816,-0.024609012837199906,0.027678487993530072,-0.03844867831594642,0.04151815347227658
2024-11-05,0.006465320924628,0.0012745169453276803,-0.02486923347003731,0.02741826736069267,-0.03870889894878382,0.04125793283943918
2024-11-06,-0.0032722936318822,0.0009781669092618274,-0.02516558350610316,0.027121917324626817,-0.03900524898484967,0.04096158280337333
2024-11-07,0.021146839977365,0.001237924871350747,-0.024905825544014243,0.027381675286715736,-0.03874549102276075,0.04122134076546225
2024-11-08,-0.0011888228822324,0.0005732268142359796,-0.02557052360112901,0.02671697722960097,-0.03941018907987552,0.04055664270834748
2024-11-11,-0.0121015313025711,0.0011694611048231633,-0.024974289310541825,0.027313211520188153,-0.03881395478928834,0.04115287699893466
2024-11-12,0.0,0.001486107195811753,-0.024657643219553237,0.027629857611176742,-0.038497308698299745,0.04146952308992326
2024-11-13,0.0039612725751561,0.0011483584395852492,-0.024958435904616924,0.02725515278378742,-0.03877853802102344,0.041075254900193946
2024-11-14,0.01367656245549,0.0010309236668323537,-0.02507587780289688,0.027137725136561586,-0.03889598369132957,0.040957831024994285
2024-11-15,-0.0142097131990881,0.000764662434309217,-0.025342131909892956,0.02687145677851139,-0.039162234026299474,0.04069155889491791
2024-11-18,0.0133329808551777,0.0015155896659850797,-0.024591204683483615,0.027622384015453777,-0.03841130680267807,0.041442486134648224
2024-11-19,0.0011394812548946,0.0007871499282533717,-0.025319644415948802,0.026893944272455544,-0.03913974653235532,0.040714046388862064
2024-11-20,0.0031490877270673,0.0010988533905932048,-0.025007940953612858,0.027205647734799266,-0.03882804307002144,0.041025749851207854
2024-11-21,-0.002098110539359,0.0010526864526015122,-0.02505410789160066,0.027159480796803685,-0.038874210008007185,0.0409795829132102
2024-11-22,0.005890068968419,0.0011940843505230288,-0.024912709993679148,0.027300878694725205,-0.03873281211008567,0.04112098081113173
2024-11-25,0.0129663720196067,0.0009807579016846552,-0.025126036442517517,0.02708755224588683,-0.03894613855892404,0.04090765436229335
2024-11-26,0.0093605039365136,0.0007825782543971079,-0.025324216089805066,0.02688937259859928,-0.03914431820621159,0.0407094747150058
2024-11-27,-0.0005533082604428,0.0008752214336772209,-0.02523157291052495,0.026982015777879394,-0.03905167502693147,0.040802117894285915
2024-11-29,0.0101640550853726,0.0011472621164896933,-0.02495953222771248,0.027254056460691865,-0.038779634344119,0.04107415857709839
2024-12-02,0.0094775730296837,0.0008632901602631033,-0.02524350418393907,0.026970084504465277,-0.03906360630034559,0.0407901866208718
2024-12-03,0.0126909075929081,0.0008742330084678485,-0.025232561335734323,0.026981027352670023,-0.03905266345214085,0.04080112946907654
2024-12-04,0.0014825329377229,0.0007871711273513709,-0.0253196232168508,0.026893965471553545,-0.039139725333257325,0.04071406758796006
2024-12-05,0.0001234820812087,0.0010895209011305164,-0.025017273443071655,0.02719631524533269,-0.03883737555947818,0.04101641736173921
2024-12-06,-0.000823312501477,0.0011346885998483579,-0.024972105744353816,0.02724148294405053,-0.03879220786076033,0.041061585060457054
2024-12-09,0.0159729778806044,0.001161656600611643,-0.02494513774359053,0.027268450944813817,-0.03876523985999705,0.041088553061220334
2024-12-10,0.0041251846081081,0.0007057571100188324,-0.02540103723418334,0.026812551454221005,-0.03922113935058986,0.04063265357062753
2024-12-11,-0.005179451579852,0.0010154630393319384,-0.025091331304870235,0.02712225738353411,-0.03891143342127675,0.040942359499940635
2024-12-12,0.0059461099877857,0.00129168584793787,-0.024771794908072232,0.02735516660394797,-0.03856896819591596,0.04115233989179169
2024-12-13,0.0006852611511059,0.0009916887746999558,-0.025071799108924375,0.027055176658324284,-0.03886897616989916,0.040852353719299066
2024-12-16,0.0116595091566061,0.0011312423565738713,-0.02493223839943623,0.027194723112583974,-0.038729411687279953,0.0409918964004277
2024-12-17,0.0096725711930081,0.0008365120662995036,-0.025226968694983812,0.026899992827582823,-0.03902414198561901,0.04069716611821802
2024-12-18,-0.0216545813722456,0.0008824436564753805,-0.02518103709953472,0.026945924412485483,-0.03897821038737845,0.0407430977003292
2024-12-19,0.0069901588759667,0.0017357878889574024,-0.024327692867056598,0.027799268644971405,-0.03812486615490239,0.041596441932817196
2024-12-20,0.018641176856808,0.0009798674126062132,-0.02508361334340389,0.027043348168616314,-0.03888078663124761,0.04084052145646004
2024-12-23,0.0030601843310993,0.0006424012948788788,-0.025421079461131226,0.026705882050888984,-0.039218252748974954,0.04050305533873271
2024-12-24,0.0114128343314393,0.00105702204041435,-0.02500645871559575,0.027120502796424452,-0.038803632003439475,0.040917676084268176
2024-12-26,0.003170589406826,0.0008411092190094978,-0.025222371537000604,0.0269045899750196,-0.03901954482484433,0.04070176326286332
2024-12-27,-0.0133306690776987,0.0010594238647237257,-0.025004056891286375,0.02712290462073383,-0.0388012301791301,0.04092007790857755
2024-12-30,-0.0133521746741229,0.001514192953942952,-0.02454928780206715,0.027577673709953055,-0.038346461089910876,0.041374846997796776
2024-12-31,-0.0070828972698522,0.0015271475316481241,-0.024536333224361977,0.027590628287658226,-0.038333506512205705,0.04138780157550195
2025-01-02,-0.0265862124346986,0.0013569767855056414,-0.02470650397050446,0.027420457541515744,-0.03850367725834818,0.04121763082935947
2025-01-03,-0.002011505853004,0.0018828344981118655,-0.024180646257898238,0.027946315254121966,-0.03797781954574196,0.04174348854196569
2025-01-06,0.0067164383761698,0.001228710555142938,-0.024834770200867162,0.02729219131115304,-0.038631943488710886,0.041089364598996765
2025-01-07,-0.0114530261742872,0.0009735201525012966,-0.025089960603508807,0.027037000908511397,-0.03888713389135253,0.04083417419635512
2025-01-08,0.0020209200539332,0.0014607848737687242,-0.024602695882241378,0.027524265629778825,-0.0383998691700851,0.04132143891762255
2025-01-10,-0.0243990404458402,0.001107549699825272,-0.024955931056184828,0.027171030455835375,-0.03875310434402855,0.0409682037436791
2025-01-13,-0.0103979804685604,0.001816559484170564,-0.024246921271839538,0.027880040240180665,-0.03804409455968326,0.04167721352802439
2025-01-14,-0.0047896392745835,0.001435277097295922,-0.02459825498783723,0.027468809182429076,-0.03837957440697869,0.04125012860157053
2025-01-15,0.0194847967398827,0.0012664687990099604,-0.02476707000799691,0.027300007606016835,-0.038548392985483376,0.0410813305835033
2025-01-16,-0.0412389617015975,0.0006202176550591709,-0.025413314430073983,0.02665374974019232,-0.03919463384921544,0.040435069159333786
2025-01-17,0.0075070521164055,0.00223065053698322,-0.02380288155298208,0.02826418262694852,-0.03758420097468152,0.042045502048647966
2025-01-21,-0.0324361781816882,0.0009669780819303272,-0.025066554003202825,0.02700051016706348,-0.03884787342234429,0.04078182958620494
2025-01-22,0.0053307086947792,0.0020040498181247367,-0.02402948226701189,0.02803758190326136,-0.037810801686155186,0.04181890132240466
2025-01-23,-0.0007598216358473,0.0010192508436268047,-0.02501428124150635,0.027052782928759955,-0.03879560066064781,0.04083410234790142
2025-01-24,-0.003942348971352,0.001156143996492762,-0.02487738808864039,0.027189676081625914,-0.03865870750778185,0.040970995500767375
2025-01-27,0.031285758994881,0.0012451439981620038,-0.024788388086971147,0.027278676083295157,-0.03856970750611261,0.041059995502436615
2025-01-28,0.0358919877661188,0.0003030036842882681,-0.025730528400844884,0.02633653576942142,-0.039511847819986345,0.04011785518856288
2025-01-29,0.0046061847945305,0.00015424230484840625,-0.025879289780284746,0.026187774389981558,-0.039660609199426204,0.03996909380912302
2025-01-30,-0.0074221640480986,0.0009890802787198192,-0.025044451806413334,0.02702261236385297,-0.03882577122555479,0.040803931782994435
2025-01-31,-0.0067147522201192,0.0013339645800090748,-0.024699567505124077,0.027367496665142228,-0.03848088692426554,0.04114881608428369
2025-02-03,-0.0344422708103074,0.001324244589581823,-0.02470928749555133,0.027357776674714975,-0.03849060691469279,0.041139096093856437
2025-02-04,0.0207902341407257,0.002067406741409028,-0.023966125343724123,0.02810093882654218,-0.03774744476286559,0.04188225824568364
2025-02-05,-0.0014185063245415,0.000606453155913752,-0.0254270789292194,0.026639985241046903,-0.03920839834836086,0.04042130466018837
2025-02-06,0.0032210325345983,0.0011627372304858048,-0.024870794854647348,0.027196269315618957,-0.038652114273788805,0.04097758873476042
2025-02-07,-0.0242607188235707,0.001053258102796784,-0.02498027398233637,0.027086790187929935,-0.03876159340147783,0.0408681096070714
2025-02-10,0.0011866722427306,0.001787156094659802,-0.02424637599047335,0.027820688179792954,-0.038027695409614815,0.04160200759893441
2025-02-11,0.021596828977821,0.0011245445735360842,-0.024908987511597067,0.027158076658669237,-0.03869030693073853,0.0409393960778107
2025-02-12,0.0181053567391547,0.000546660259980336,-0.02548731236198724,0.026580632881947914,-0.03926886498724193,0.040362185507202594
2025-02-13,0.0194822541803786,0.0006413528507466936,-0.025392626839873263,0.02667533254136665,-0.039174183207046485,0.04045688890853987
2025-02-14,0.0126304441707341,0.0005906846754947551,-0.025443287946472822,0.026624657297462332,-0.0392248405717275,0.04040620992271702
2025-02-18,-0.0005315768485272,0.0007761234899227541,-0.02525784913725568,0.026810096117101192,-0.039039401765268836,0.04059164874511434
2025-02-19,0.0016348152823846,0.0011381495710988782,-0.0248958230508687,0.027172122193066455,-0.03867737567612338,0.04095367481832114
2025-02-20,0.003912811409765,0.0010891793796359362,-0.02494479324233548,0.027123152001607354,-0.0387263458675922,0.040904704626864075
2025-02-21,-0.0011396196027101,0.0010259891103491703,-0.02500798351161841,0.027059961732316746,-0.03878953613687309,0.04084151435757143
2025-02-24,0.0062925211154987,0.0011614526757301542,-0.024872519946237428,0.027195425297697733,-0.038654072571492115,0.04097697792295242
2025-02-25,-0.0002428401780244,0.0009633400759690487,-0.02507063254599853,0.026997312697936624,-0.03885218517125321,0.04077886532319131
2025-02-26,-0.0274124842707341,0.0011354030118681964,-0.02489856961009938,0.027169375633835775,-0.03868012223535407,0.040950928259090455
2025-02-27,-0.0128125769878034,0.0018777589611587704,-0.024156213660808806,0.027911731583126348,-0.03793776628606349,0.04169328420838103
2025-02-28,0.0189511674872014,0.0015015119456664116,-0.024532460676301167,0.027535484567633987,-0.03831401330155585,0.04131703719288867
2025-03-03,-0.0158797226327676,0.0006288775541393321,-0.025405095067828246,0.02666285017610691,-0.03918664769308293,0.04044440280136159
2025-03-04,-0.0088615415311848,0.0015508797218588353,-0.024483092900108742,0.027584852343826412,-0.038264645525363426,0.041366404969081096
2025-03-05,-0.0008056607490407,0.0013853620864184857,-0.024648610535549093,0.02741933470838606,-0.038430163160803776,0.041200887333640746
2025-03-06,-0.0017407081280129,0.0011621425187437696,-0.02487183010322381,0.027196115140711345,-0.03865338272847849,0.04097766776596603
2025-03-07,0.0157676757981003,0.00118146938848371,-0.024852503233483866,0.02721544201045129,-0.03863405585873855,0.04099699463570597
2025-03-10,-0.049694131551819,0.0007066231936061732,-0.025327349428361404,0.02674059581557375,-0.039108902053616085,0.04052214844082844
2025-03-11,-0.0296238890250188,0.0024710871736628053,-0.02356288544830477,0.028505059795630384,-0.03734443807355946,0.042286612420885064
2025-03-12,-0.0176332607808159,0.0019740661359262746,-0.024059906486041303,0.02800803875789385,-0.03784145911129599,0.041789591383148535
2025-03-13,-0.034222645721751,0.0015923903791279924,-0.02443225384418102,0.027617034602437005,-0.03820886831347737,0.04139364907173335
2025-03-14,0.0180074624822244,0.002000873455279135,-0.02402377667490131,0.028025523585459577,-0.037800394271106506,0.041802141181664774
2025-03-17,0.0023859990710405,0.0006696760707535167,-0.025354968152555498,0.02669432029406253,-0.039131582621851846,0.040470934763358876
2025-03-18,-0.0061403373408097,0.0010396906854632933,-0.02498495354182684,0.027064334912753427,-0.03876156801323066,0.04084094938415725
2025-03-19,0.011918150233757,0.0012712851779035866,-0.024753359045405425,0.0272959294012126,-0.038529973514701776,0.041072543870508946
2025-03-20,-0.0053105722119697,0.000808469831167411,-0.025216174392144287,0.02683311405447911,-0.03899278886144206,0.04060972852377688
2025-03-21,0.0192896891221076,0.0012437245090085017,-0.024780919714300513,0.027268368732317513,-0.03855753418359686,0.041044983201613865
2025-03-24,0.0112073398408897,0.0006163734750802357,-0.025408270748228778,0.02664101769838925,-0.039184885217525126,0.040417632167685597
2025-03-25,0.0135891322604238,0.0008099137467401905,-0.025214730476568824,0.026834557970049203,-0.03899134494586517,0.040611172439345554
2025-03-26,-0.0099713666231393,0.0007531042138566796,-0.025271540009452333,0.026777748437165693,-0.03904815447874868,0.04055436290646204
2025-03-27,0.0104181831552794,0.00136328690257029,-0.024661357320738722,0.027387931125879304,-0.03843797179003507,0.04116454559517565
2025-03-28,-0.0269399388247158,0.000849791886182964,-0.02517485233712605,0.026874436109491976,-0.0389514668064224,0.040651050578788324
2025-03-31,0.019226533807503,0.0018063205880375817,-0.024218323635271433,0.027830964811346594,-0.03799493810456778,0.041607579280642945
2025-04-01,0.0047606510828451,0.0006326186796107053,-0.025392025543698307,0.02665726290291972,-0.03916864001299466,0.040433877372216064
2025-04-02,0.0031314246616022,0.000977698912739565,-0.02504694531056945,0.027002343136048577,-0.0388235597798658,0.040778957605344925
2025-04-03,-0.0970133399676603,0.0010289541740075346,-0.024995690049301477,0.02705359839731655,-0.038772304518597825,0.0408302128666129
2025-04-04,-0.0756801969242268,0.003630157571727417,-0.022394486651581596,0.02965480179503643,-0.036171101120877944,0.04343141626433278
2025-04-07,-0.0374260259864307,0.0031438549710297962,-0.022880789252279217,0.02916849919433881,-0.03665740372157557,0.042945113663635154
2025-04-08,-0.0511019232330493,0.002138107921319541,-0.02388653630198947,0.028162752144628555,-0.03766315077128582,0.0419393666139249
2025-04-09,0.1426174138846177,0.002467039527363658,-0.023557604695945356,0.02849168375067267,-0.037334219165241704,0.04226829821996902
2025-04-10,-0.0433186091899665,-0.0022621835997029454,-0.02850368914614505,0.02397932194673916,-0.042395103065396234,0.03787073586599034
2025-04-11,0.0397920894766872,0.0021143670081636623,-0.024127142676618977,0.028355876692946303,-0.038018558786575306,0.04224729280290263
2025-04-14,0.0218142894664616,0.0001681643367016408,-0.026073341209740464,0.026409669883143746,-0.03996475512899164,0.04030108380239493
2025-04-15,-0.0018779985488287,0.0005494587303608402,-0.025692046818406044,0.026790964279127725,-0.039583460738887896,0.04068237819960957
2025-04-16,-0.0397115704978579,0.0011205883409677142,-0.02512091720547439,0.02736209388740982,-0.039012331124725574,0.041253507806661
2025-04-17,0.0138531898387271,0.002030841015915795,-0.024210664530527618,0.028272346562359208,-0.03810207844977949,0.04216376048161108
2025-04-21,-0.0195832502301222,0.0007828320410626443,-0.02545867350537946,0.02702433758750475,-0.03935008742463064,0.04091575150675593
2025-04-22,0.033497614217216,0.0015457501371166148,-0.02469575540932549,0.02778725568355872,-0.03858716932857667,0.0416786696028099
2025-04-23,0.0240402719965788,0.00030573039789853144,-0.025935775148543574,0.026547235944340636,-0.039827189067794755,0.040438649863591816
2025-04-24,0.0182585256179246,0.0005004941759792882,-0.025741011370462818,0.026741999722421392,-0.039632425289713995,0.040633413641672576
2025-04-25,0.0043577255544404,0.0006421470910620186,-0.025599358455380087,0.026883652637504123,-0.039490772374631264,0.04077506655675531
2025-04-28,0.0041009521542287,0.0009749758385123081,-0.025266529707929797,0.027216481384954413,-0.039157943627180974,0.0411078953042056
2025-04-29,0.0050789078966427,0.0009889503590008188,-0.025252555187441288,0.027230455905442923,-0.03914396910669247,0.0411218698246941
2025-04-30,0.0060890478043804,0.000966102451774958,-0.025275403094667147,0.027207607998217063,-0.039166817013918324,0.04109902191746825
2025-05-01,0.003851446517865,0.000941618977177079,-0.025299886569265025,0.027183124523619186,-0.039191300488516205,0.041074538442870366
2025-05-02,-0.0380775218163822,0.0009940734330212905,-0.025247432113420815,0.027235578979463396,-0.039138846032671995,0.041126992898714576
2025-05-05,-0.0319639787887732,0.0019891007542794225,-0.02425240479216268,0.02823060630072153,-0.03814381871141386,0.04212202021997271
2025-05-06,-0.0019125386595231,0.0018677836898823154,-0.02437372185655979,0.02810928923632442,-0.03826513577581097,0.0420007031555756
2025-05-07,-0.0114499939381677,0.0011526407583175586,-0.025088864788124547,0.027394146304759663,-0.03898027870737573,0.041285560224010844
2025-05-08,0.0062986715918553,0.0013617437671867316,-0.024879761779255372,0.027603249313628838,-0.038771175698506556,0.041494663232880015
2025-05-09,0.0052521425877672,0.0009297755623526444,-0.02532540094880511,0.027184952073510397,-0.03922405183962427,0.04108360296432956
2025-05-12,0.0612326835268015,0.0009485810287901788,-0.025306601583671463,0.02720376364125182,-0.03920525570432581,0.04110241776190616
2025-05-13,0.0101010562158184,-0.0005163510579111969,-0.02677152756906895,0.025738825453246555,-0.04067017845988811,0.03963747634406572
2025-05-14,-0.0028218552384125,0.0007808695561461643,-0.02547430695917251,0.02703604607146484,-0.03937295785219433,0.040934696964486664
2025-05-15,-0.0041530530045971,0.0011521148671894369,-0.025103061643968316,0.02740729137834719,-0.03900171253478748,0.04130594226916635
2025-05-16,-0.0008989569837456,0.001196604386940496,-0.025058572124220094,0.02745178089810109,-0.03895722301504075,0.04135043178892175
2025-05-19,-0.0118085227012968,0.0011127578988354451,-0.025142418612322307,0.0273679344099932,-0.03904106950314147,0.041266585300812356
2025-05-20,-0.009238802480674,0.0013954681416869464,-0.024859708369470806,0.0276506446528447,-0.03875835926028997,0.04154929554366386
2025-05-21,-0.0233290686604626,0.0013357436487692427,-0.02491943286238851,0.027590920159926997,-0.03881808375320767,0.04148957105074615
2025-05-22,-0.0036187813492862,0.0017021457031827262,-0.024553030807975027,0.02795732221434048,-0.038451681698794184,0.04185597310515964
2025-05-23,-0.0307111808878645,0.0011969877842679477,-0.025058188726889804,0.027452164295425702,-0.03895683961770897,0.04135081518624486
2025-05-27,0.0249836269214835,0.0018913030936747754,-0.024363873417482976,0.02814647960483253,-0.03826252430830214,0.042045130495651686
2025-05-28,0.0010482873230302,0.00045498696442587705,-0.025800189546731876,0.02671016347558363,-0.039698840437551036,0.04060881436640279
2025-05-29,-0.0023478698442391,0.0010425400722846015,-0.025212636438873153,0.027297716583442353,-0.03911128732969231,0.04119636747426152
2025-05-30,0.0044911434458863,0.0011465730920368973,-0.025108603419120856,0.02740174960319465,-0.039007254309940016,0.04130040049401381
2025-06-02,0.0042230385921995,0.0009706917434683856,-0.025284484767689366,0.02722586825462614,-0.039183135658508526,0.0411245191454453
2025-06-03,0.0077537475576289,0.000973100123864358,-0.025282076387293396,0.02722827663502211,-0.03918072727811255,0.041126927525841274
2025-06-04,-0.0022162787829837,0.0008809599482234153,-0.025374216562934336,0.02713613645938117,-0.039272867453753496,0.04103478735020033
2025-06-05,-0.0108565151152929,0.0011389170423730549,-0.025116259468784697,0.02739409355353081,-0.03901491035960386,0.041292744444349966
2025-06-06,0.0162653969999426,0.001371289847762366,-0.024883886663395388,0.027626466358920118,-0.03878253755421455,0.04152511724973928
2025-06-09,-0.0121866376582548,0.0006767285785140014,-0.02556838160994465,0.026921838766972656,-0.039461703711414796,0.0408151608684428
2025-06-10,0.0060378781295455,0.0014012569938079845,-0.024843858962409527,0.027646372950025495,-0.03873718411714677,0.04153969810476274
2025-06-11,-0.0193803853421474,0.000940687355444398,-0.025304422833014255,0.027185797543903052,-0.0391977449344844,0.0410791196453732
2025-06-12,0.0021106894117195,0.0015834408773253213,-0.024661669314958452,0.027828551069609096,-0.0385549914184535,0.04172187317310414
2025-06-13,-0.0139014593182167,0.0010467681097419525,-0.025198342078716702,0.027291878298200605,-0.03909166418018684,0.04118520039967075
2025-06-16,0.0099781100409717,0.0014452962981668436,-0.02479981389029435,0.027690406486628037,-0.03869313599176584,0.04158372858809953
2025-06-17,-0.0141097337321806,0.0008405992471990125,-0.02540451094125964,0.027085709435657666,-0.03929783304272978,0.040979031537127814
2025-06-18,0.0047931638998902,0.0014453484791757103,-0.02479976170928294,0.027690458667634366,-0.038693083810753086,0.04158378076910451
2025-06-20,0.0222355648147507,0.0009741258982737924,-0.025270984290184862,0.027219236086732445,-0.039164306391655,0.04111255818820259
2025-06-23,0.0024843525909344,0.0005128055479469221,-0.02573230464051173,0.026757915736405576,-0.039625626741981876,0.04065123783787572
2025-06-24,-0.0059731688624307,0.001009568224953557,-0.025235541963505095,0.02725467841341221,-0.03912886406497524,0.041148000514882356
2025-06-25,0.0062708738025823,0.0012401633046323999,-0.025004946883826255,0.02748527349309105,-0.0388982689852964,0.041378595594561196
2025-06-26,-0.0027820575310859,0.0009307871598592983,-0.025314323028599355,0.027175897348317952,-0.039207645130069496,0.0410692194497881
2025-06-27,0.000397932719298,0.0011559554454587174,-0.025089154742999935,0.027401065633917372,-0.03898247684447008,0.04129438773538752
2025-06-30,0.0201359110541215,0.0010798614331598141,-0.02516524875529884,0.02732497162161847,-0.03905857085676898,0.04121829372308861
2025-07-01,0.0128335272400285,0.0005695998056199847,-0.02567551038283867,0.026814709994078638,-0.039568832484308814,0.04070803209554878
2025-07-02,0.0219872207372053,0.0007445138394765641,-0.02550059634898209,0.026989624027935217,-0.03939391845045223,0.040882946129405365
2025-07-03,0.0052114546359404,0.0005132879439609421,-0.02573182224449771,0.026758398132419595,-0.03962514434596785,0.04065172023388974
2025-07-07,-0.0170016751069727,0.0009393509896785099,-0.025305759198780142,0.027184461178137165,-0.03919908130025029,0.04107778327960731
2025-07-08,0.000285724721192,0.0015223664928086164,-0.024722743695650036,0.02776747668126727,-0.03861606579712018,0.041660798782737415
2025-07-09,0.005366344294458,0.0010939436811498147,-0.025118553621789518,0.027306440984089145,-0.03899461150451854,0.04118249886681818
2025-07-10,0.0059969334396774,0.0009509890373032814,-0.025261514069642728,0.02716349214424929,-0.039137575024827294,0.04103955309943386
2025-07-11,-0.0059022679350206,0.0009318013219794347,-0.025280695980959896,0.027144298624918767,-0.03915675386368893,0.04102035650764779
2025-07-14,-0.012101694334927,0.001238372323476646,-0.02497412498332633,0.027450869630279623,-0.03885018286810065,0.041326927515053936
2025-07-15,0.0023459983367661,0.001406155393512023,-0.024806341909427307,0.027618652696451355,-0.03868239979215634,0.04149471057918038
2025-07-16,0.0050087138635853,0.0010377251574320285,-0.025174772145509873,0.02725022246037393,-0.03905083002824026,0.04112628034310432
2025-07-17,-0.0006662933552984,0.0009595166999684177,-0.025252980602970914,0.027172014002907748,-0.039129038485699943,0.04104807188563678
2025-07-18,0.0055080045085997,0.001103919046648407,-0.025108578256290925,0.027316416349587737,-0.03898463613901995,0.04119247423231677
2025-07-21,0.0061369925927967,0.0009483424770986144,-0.025264154825840716,0.027160839780037947,-0.039140212708569745,0.041036897662766976
2025-07-22,0.0089956080625643,0.0009281000069767859,-0.025284397295962546,0.027140597309916116,-0.03916045517869157,0.04101665519264515
2025-07-23,-0.0011667756373673,0.0008538229222183782,-0.025358674380720952,0.02706632022515771,-0.039234732263449985,0.040942378107886736
2025-07-24,-0.0018227781721993,0.001114105022307253,-0.025098392280632077,0.027326602325246585,-0.03897445016336111,0.04120266020797561
2025-07-25,0.0005612583242248,0.001137745978748101,-0.02507475132419123,0.027350243281687434,-0.03895080920692026,0.04122630116441646
2025-07-28,0.0007944996467067,0.0010768456798284133,-0.02513565162311092,0.027289342982767743,-0.039011709505839945,0.041165400865496776
2025-07-29,-0.0130727439113966,0.0010692565650521834,-0.025143240737887148,0.027281753867991514,-0.03901929862061618,0.041157811750720544
2025-07-30,-0.0105634405566575,0.00142684794507222,-0.02478564935786711,0.02763934524801155,-0.038661707240596144,0.04151540313074058
2025-07-31,-0.0071048244492009,0.0013713318672658396,-0.024841165435673492,0.02758382917020517,-0.03871722331840252,0.0414598870529342
2025-08-01,-0.0253215193313932,0.001280664139376997,-0.024931833163562334,0.027493161442316328,-0.038807891046291364,0.04136921932504536
2025-08-04,0.0047815849918225,0.0017483317201880404,-0.02446416558275129,0.02796082902312737,-0.03834022346548032,0.0418368869058564
2025-08-05,-0.0021168961182062,0.0009837111616058693,-0.025228786141333462,0.0271962084645452,-0.03910484402406249,0.04107226634727423
2025-08-06,0.0496533744125165,0.0011302774004869735,-0.025041200674237544,0.02730175547521149,-0.038895544289209646,0.0411560990901836
2025-08-07,0.0312987123435585,-0.00019011470863812639,-0.02636159836407384,0.02598136894679759,-0.040215944933296,0.03983571551601975
2025-08-08,0.0414853573920177,0.00024650270347036194,-0.025924975371254155,0.026417980778194877,-0.03977931898622626,0.04027232439316698
2025-08-11,-0.0083723091785196,-1.905528027788773e-06,-0.026173383606397968,0.026169572550342392,-0.040027727223299975,0.04002391616724439
2025-08-12,0.0108136910772675,0.0012652125839349938,-0.024906265490789524,0.02743669065865951,-0.03876060910576163,0.041291034273631615
2025-08-13,0.0158974373616645,0.0008072589252280135,-0.025364219149498886,0.026978736999954914,-0.039218562764472255,0.040833080614928276
2025-08-14,-0.0023599439386882,0.0006656044247381919,-0.025505873649986324,0.02683708249946271,-0.03936021726495843,0.04069142611443481
2025-08-15,-0.0051253349352227,0.0011286249608714826,-0.025042853113853035,0.027300103035595998,-0.03889719672882514,0.041154446650568104
2025-08-18,-0.0030271651946962,0.0012111394499111049,-0.02496033862481341,0.02738261752463562,-0.038814682239785514,0.04123696113960773
2025-08-19,-0.0014302255730334,0.0011596213406447258,-0.02501185673407979,0.027331099415369244,-0.038866200349051895,0.04118544303034135
2025-08-20,-0.0199319181695404,0.0011174884233796222,-0.025053989651344893,0.02728896649810414,-0.038908333266317,0.041143310113076245
2025-08-21,-0.0049234164825971,0.0015892961797744573,-0.02458218189495006,0.027760774254498972,-0.038436525509922166,0.04161511786947108
2025-08-22,0.0126366258301214,0.001217752921479196,-0.02495372515324532,0.027389230996203714,-0.03880806876821743,0.041243574611175816
2025-08-25,-0.0026377745247599,0.00075943965163127,-0.025412038423093246,0.026930917726355787,-0.03926638203806535,0.04078526134132789
2025-08-26,0.0094201613822412,0.00113812391752725,-0.025033354157197266,0.027309601992251766,-0.03888769777216937,0.041163945607223876
2025-08-27,0.0051327198404102,0.0008396140067407575,-0.02533186406798376,0.027011092081465272,-0.039186207682955866,0.04086543569643738
2025-08-28,0.0089407491840593,0.0009415670823236243,-0.025229910992400892,0.02711304515704814,-0.039084254607373,0.04096738877202025
2025-08-29,-0.0018076343154579,0.0008468435049794234,-0.025324634569745093,0.02701832157970394,-0.039178978184717196,0.04087266519467605
2025-09-02,-0.0104794348817349,0.0011191403242144242,-0.025052337750510092,0.02729061839893894,-0.0389066813654822,0.041144962013911046
2025-09-03,0.037382333218868,0.001347742446564341,-0.024823735628160176,0.027519220521288856,-0.03867807924313228,0.04137356413626096
2025-09-04,0.0054783303839962,0.00019320111262491227,-0.025974537224245454,0.02636093944949528,-0.039826901141582084,0.04021330336683191
2025-09-05,-0.000375477066895,0.0009701599682642075,-0.025197583134681366,0.02713790307120978,-0.039049949575025805,0.040990269511554225
2025-09-08,-0.0075800451328291,0.001110737471793407,-0.02505700086507696,0.027278475808663775,-0.038909364782413594,0.0411308397260004
2025-09-09,-0.0149506219450665,0.0012918282824239398,-0.02487591005732385,0.027459566622171732,-0.038728273976183704,0.041311930541031584
2025-09-10,-0.0327912710458057,0.0014773001249452123,-0.024690438211925157,0.02764503846181558,-0.03854280212926178,0.04149740237915221
2025-09-11,0.0141852768091865,0.0019202201500730972,-0.02424751818679901,0.028087958486945203,-0.03809988210413656,0.04194032240428276
2025-09-12,0.0174105622704576,0.0007768459018047473,-0.02539089243506562,0.026944584238675115,-0.03924325635240225,0.040796948156011745
2025-09-15,0.0111731844856819,0.0006695037450290287,-0.025498234591841338,0.026837242081899398,-0.03935059850917797,0.040689605999236024
2025-09-16,0.0061072481261459,0.0008201245462314745,-0.025347613790638893,0.026987862883101843,-0.03919997770797552,0.04084022680043847
2025-09-17,0.0035210139688395,0.0009483002364925494,-0.025219438100377817,0.027116038573362918,-0.03907180201771445,0.040968402490699544
2025-09-18,-0.0046553926694393,0.001014995833003396,-0.02515274250386697,0.027182734169873764,-0.039005106421203604,0.04103509808721039
2025-09-19,0.0315305839144645,0.0012175365763164774,-0.02495020176055389,0.027385274913186847,-0.03880256567789052,0.041237638830523476
2025-09-22,0.0421929003025901,0.00033338985061821976,-0.02583434848625215,0.026501128187488586,-0.03968671240358878,0.040353492104825216
2025-09-23,-0.0064641058135487,4.968243582378299e-05,-0.026118055901046586,0.02621742077269415,-0.039970419818383215,0.04006978469003078
2025-09-24,-0.0083672584920246,0.0012382596983320053,-0.024929478638538363,0.027405998035202373,-0.038781842555874996,0.041258361952539
2025-09-25,0.0179115923571242,0.00131422639914287,-0.024853511937727498,0.027481964736013238,-0.038705875855064124,0.04133432865334987
2025-09-26,-0.0055042211276313,0.0006703969902124845,-0.025497341346657883,0.026838135327082853,-0.03934970526399451,0.04069049924441948
2025-09-29,-0.0040401127374681,0.0012299259704846572,-0.02493781236638571,0.027397664307355026,-0.03879017628372234,0.041250028224691655
2025-09-30,0.0007858061820065,0.001207699607023914,-0.024960038729846454,0.02737543794389428,-0.03881240264718308,0.041227801861230914
2025-10-01,0.0032151674950931,0.0010885761359491234,-0.025079162200921244,0.027256314472819492,-0.03893152611825788,0.04110867839015612
2025-10-02,0.0065550962450013,0.001036811529356066,-0.02511272301373953,0.02718634607245166,-0.03895545042474925,0.04102907348346138
2025-10-03,0.0034553030219053,0.0009569844903916231,-0.025192554280927208,0.027106523261710456,-0.039035283930223104,0.04094925291100635
2025-10-06,-0.0051679069167358,0.0010277021742236686,-0.025121832368871926,0.027177236717319263,-0.03896455977988165,0.041019964128328985
2025-10-07,-0.0008184792895691,0.0012351605082823272,-0.024914374037218422,0.02738469505378308,-0.038757101449501355,0.041227422466066005
2025-10-08,0.0061413740972974,0.0011362961641020483,-0.025013238378993545,0.027285830707197645,-0.03885596579000327,0.04112855811820736
2025-10-09,-0.0157004100800648,0.00096794662146329,-0.025181587921633674,0.027117481164560257,-0.039024315332644124,0.0409602085755707
2025-10-10,-0.0351320102409498,0.0014848624409774603,-0.024664672102118135,0.027634396984073054,-0.03850739951312786,0.041477124395082776
2025-10-13,0.0096971889158483,0.001960639286498916,-0.02418889525659668,0.02811017382959451,-0.0380316226676064,0.04195290124060423
2025-10-14,0.000444043533683,0.0009027996094050263,-0.02524673493369057,0.02705233415250062,-0.03908946234470029,0.040895061563510346
2025-10-15,0.0063164825844998,0.0010982596083441729,-0.02505127493475142,0.02724779415143977,-0.038894002345761146,0.04109052156244949
2025-10-16,-0.0076088609068667,0.0009628623010394711,-0.025186672242056125,0.027112396844135064,-0.039029399653065844,0.04095512425514479
2025-10-17,0.0193706292840006,0.0012917558145176325,-0.024857778728577962,0.027441290357613227,-0.038700506139587684,0.04128401776862295
2025-10-20,0.0386809749453044,0.0006561327119690707,-0.025493401831126524,0.026805667255064666,-0.039336129242136246,0.04064839466607439
2025-10-21,0.0020190097011623,0.00018041658815717734,-0.025969117954938416,0.026329951131252773,-0.03981184536594814,0.040172678542262495
2025-10-22,-0.0165768184182978,0.0010434672812877465,-0.02510606726180785,0.02719300182438334,-0.03894879467281757,0.041035729235393066
2025-10-23,0.004362523603168,0.001507566193304396,-0.0246419683497912,0.02765710073639999,-0.03848469576080092,0.04149982814740971
2025-10-24,0.0124045242481059,0.001019226749809626,-0.02513030779328597,0.02716876129290522,-0.03897303520429569,0.041011488703914946
2025-10-27,0.0225354329726733,0.0008157760992195615,-0.025333758443876035,0.026965310642315155,-0.039176485854885756,0.04080803805332488
2025-10-28,0.0007065606505676,0.0005692991573261914,-0.025580235385769402,0.026718833700421787,-0.03942296279677913,0.040561561111431506
2025-10-29,0.0025988547161788,0.0010840444471828519,-0.025065490095912742,0.027233578990278447,-0.038908217506922464,0.04107630640128817
2025-10-30,0.006283446827328,0.0010582081466353483,-0.025068977835109307,0.027185394128380003,-0.03889987463237332,0.04101629092564402
2025-10-31,-0.0038022623449224,0.0009721619352300923,-0.02515502795372206,0.027099351824182247,-0.03898592681933679,0.04093025068979698
2025-11-03,-0.0048942150357827,0.0012051310830079331,-0.024922054898736723,0.027332317064752587,-0.03875295169600074,0.0411632138620166
2025-11-04,0.0036729050702184,0.0012362057842679134,-0.024890980199614145,0.027363391768149975,-0.038721876998009636,0.04119428856654546
2025-11-05,0.000370296057114,0.0010364899431198884,-0.025090696038624766,0.027163675924864544,-0.03892159283588878,0.04099457272212856
2025-11-06,-0.0013707015250657,0.0011090633512015095,-0.025018122630544315,0.027236249332947333,-0.038849019427808947,0.04106714613021197
2025-11-07,-0.0048305274235891,0.0011514823396095522,-0.024975703642135104,0.027278668321354206,-0.03880660043939912,0.04110956511861822
2025-11-10,0.0045384074346724,0.0012333960217058907,-0.024893789960038763,0.027360582003450547,-0.03872468675730278,0.04119147880071456
2025-11-11,0.0213711059324486,0.0010161825814188985,-0.025111003400325755,0.027143368563163555,-0.03894190019758977,0.040974265360427566
2025-11-12,-0.0064877918333629,0.0006174033925384885,-0.025509782589206168,0.026744589374283142,-0.03934067938647018,0.04057548617154716
2025-11-13,-0.0019032501358421,0.0012596661695699653,-0.02486751981217469,0.02738685215131462,-0.03869841660943871,0.04121774894857863
2025-11-14,-0.0019804359095259,0.001167460485838772,-0.024959725495905884,0.027294646467583426,-0.038790622293169895,0.04112554326484744
2025-11-17,-0.0183382659850772,0.0011671091862244373,-0.024960076795520217,0.027294295167969093,-0.03879097359278423,0.04112519196523311
2025-11-18,-7.469497556412872e-05,0.001549693104099862,-0.024577492877644793,0.027676879085844517,-0.03840838967490881,0.04150777588310853
2025-11-19,0.0041790134909905,0.0011314759576369466,-0.02499571002410771,0.0272586619393816,-0.03882660682137172,0.04108955873664562
2025-11-20,-0.0086385994690706,0.0010222046188483622,-0.02510498136289629,0.02714939060059302,-0.03893587816016031,0.04098028739785703
2025-11-21,0.0194894988223489,0.0013194391250805906,-0.024807746856664065,0.027446625106825245,-0.03863864365392808,0.04127752190408926
2025-11-24,0.0161858258260115,0.0006685050141058595,-0.025458680967638796,0.026795690995850514,-0.03928957776490281,0.04062658779311453
2025-11-25,0.0037982021957636,0.0007305497368755026,-0.025396636244869153,0.026857735718620157,-0.03922753304213317,0.04068863251588417
2025-11-26,0.0020918259041709,0.0010217341522731646,-0.02510545182947149,0.02714892013401782,-0.038936348626735506,0.04097981693128183
2025-11-28,0.0046729521334146,0.001070037756488799,-0.025017798875949182,0.027157874388926778,-0.03882786538595301,0.040967940898930605
2025-12-01,0.0151262094613095,0.0010115760804987133,-0.025076264402582572,0.027099416563579996,-0.038886332950993835,0.04090948511199126
2025-12-02,0.0108556837967431,0.0007658802959229392,-0.02532195633651504,0.02685371692836092,-0.039132022846518864,0.04066378343836475
2025-12-03,-0.0071536336319996,0.000859773908570242,-0.02522806272596047,0.026947610543100953,-0.039038129237072124,0.040757677054212606
2025-12-04,-0.0122157932793753,0.0012817554076105394,-0.024806081224827442,0.027369592040048518,-0.03861614773483127,0.041179658550052345
2025-12-05,-0.0068635709838028,0.001409610273771352,-0.024678226358667767,0.02749744690621047,-0.0384882928686722,0.0413075134162149
2025-12-08,-0.0031975602189451,0.0012878124663095228,-0.02480002416612846,0.0273756490987475,-0.03861009067613228,0.04118571560875133
2025-12-09,-0.0025582890023414,0.0011995090499691769,-0.024888327582468804,0.027287345682407156,-0.03869839409247263,0.04109741219241098
2025-12-10,0.0057558492212865,0.0011825473398260641,-0.024905289292611914,0.027270383972264046,-0.038715355802615745,0.04108045048226787
2025-12-11,-0.0026939160410902,0.0009883279222105453,-0.025099508710227435,0.027076164554648525,-0.03890957522023126,0.040886231064652355
2025-12-12,0.0008988517870461,0.0011807859808440182,-0.024907050651593963,0.027268622613281997,-0.038717117161597786,0.04107868912328583
2025-12-15,-0.0150984459758863,0.0011015159936953649,-0.024986320638742614,0.027189352626133347,-0.03879638714874644,0.04099941913613717
2025-12-16,0.0018224589395023,0.0014726062594712557,-0.024615230372966725,0.027560442891909235,-0.03842529688297055,0.041370509401913065
2025-12-17,-0.010138194827446,0.0010867874129070548,-0.025001049219530926,0.027174624045345035,-0.03881111572953475,0.04098469055534886
2025-12-18,0.0012866850997307,0.0013566266559857216,-0.02473120997645226,0.0274444632884237,-0.03854127648645608,0.04125452979842753
2025-12-19,0.0054227268611264,0.0010965738988271921,-0.024991262733610787,0.027184410531265173,-0.03880132924361462,0.040994477041269
2025-12-22,-0.0099150115009593,0.0009940896020277188,-0.02509374703041026,0.0270819262344657,-0.03890381354041409,0.04089199274446952
2025-12-23,0.0051166138778281,0.0013492626523004911,-0.02473857398013749,0.027437099284738472,-0.03854864049014132,0.041247165794742295
2025-12-24,0.0053096944255422,0.001007116711158712,-0.02508071992127927,0.02709495334359669,-0.038890786431283096,0.04090501985360052
2025-12-26,-0.001498475178594,0.0009946392018359844,-0.025093197430601996,0.027082475834273964,-0.03890326394060582,0.04089254234427779
2025-12-29,0.0013159470067161,0.0011456373977096661,-0.02490050249776001,0.027191777293179342,-0.03868849608853732,0.04097977088395666
2025-12-30,-0.0024870835251959,0.0010826955436205675,-0.024963448115061546,0.02712883920230268,-0.038751443697963184,0.04091683478520432
2025-12-31,-0.004477611054965,0.0011707871031770177,-0.02487535279229266,0.027216926998646696,-0.03866334638306997,0.041004920589424
2026-01-02,-0.0031314216669777,0.001218956950742879,-0.02482718294675027,0.027265096848236033,-0.03861517653859874,0.041053090440084504
2026-01-05,-0.0139337385176139,0.001188856951669169,-0.024857282943800508,0.027234996847138846,-0.03864527653457782,0.04102299043791616
2026-01-06,-0.0185044652798469,0.001438645762955846,-0.02460749413251492,0.027484785658426613,-0.03839548772329281,0.0412727792492045
2026-01-07,-0.0077675669961071,0.0015504266260163181,-0.024495713269453358,0.027596566521485996,-0.03828370686023067,0.041384560112263304
2026-01-08,-0.0049674255927542,0.0013040476972620452,-0.02474209219820763,0.027350187592731723,-0.038530085788984945,0.04113818118350903
2026-01-09,0.0012730846985475,0.0012334039788395221,-0.024812735916630156,0.027279543874309198,-0.038600729507407464,0.04106753746508651
2026-01-12,0.0033871074933367,0.0010870587743874764,-0.0249590811210822,0.027133198669857153,-0.03874707471185951,0.04092119226063447
2026-01-13,0.003069147713342,0.0010346445870500233,-0.025011495308419653,0.0270807844825197,-0.03879948889919697,0.04086877807329701
2026-01-14,-0.0041841013710764,0.0010408021492161945,-0.02500533774625348,0.027086942044685872,-0.03879333133703079,0.04087493563546318
2026-01-15,-0.0067546375337528,0.0012091357593311987,-0.02483700413613848,0.027255275654800876,-0.038624997726915786,0.04104326924557819
2026-01-16,-0.0104333114788383,0.001272645610584215,-0.024773494284885463,0.02731878550605389,-0.03856148787566277,0.041106779096831206
2026-01-20,-0.0351668016880479,0.0013594206513852902,-0.024686719244084387,0.027405560546854967,-0.038474712834861695,0.04119355413763228
2026-01-21,0.003843435636429,0.0019349614711140072,-0.02411117842435567,0.027981101366583685,-0.03789917201513298,0.041769094957360996
2026-01-22,0.0028226246974348,0.0010437245520259063,-0.02500241534344377,0.027089864447495584,-0.03879040893422108,0.040877858038272895
2026-01-23,-0.0012490692680777,0.0010467291588212451,-0.024999410736648433,0.02709286905429092,-0.038787404327425744,0.04088086264506823
2026-01-26,0.0292800862387651,0.0011412146662415463,-0.02490492522922813,0.027187354561711223,-0.03869291882000544,0.04097534815248854
2026-01-27,0.0111353492612507,0.0004354851044015564,-0.02561065479106812,0.026481624999871233,-0.03939864838184543,0.040269618590648544
2026-01-28,-0.0071106663010964,0.000831931711727108,-0.025184856221528665,0.026848719644982883,-0.03895731182208914,0.04062117524554336
2026-01-29,0.0071494587994362,0.001257613696608453,-0.024759177598916583,0.02727440499213349,-0.03853163497935489,0.0410468623725718
2026-01-30,0.0046353794561552,0.0009401726671713355,-0.02507661526608444,0.02695696060042711,-0.038849070866644915,0.040729416200987585
2026-02-02,0.0397794264034297,0.0009897391645009056,-0.02502704877046468,0.027006527099466493,-0.038799504371930284,0.04077898270093209
2026-02-03,-0.0019648412969745,0.0001984303461538819,-0.02581835758710189,0.026215218279409657,-0.03959081318766237,0.03998767387997013
2026-02-04,0.0256803727265563,0.0011219421984632063,-0.02489484573479344,0.02713873013171985,-0.038667301335354384,0.040911185732280794
2026-02-05,-0.0020998540074744,0.0005193511581152597,-0.025497436775140516,0.026536139091371033,-0.03926989237570099,0.04030859469193151
2026-02-06,0.0079778857662463,0.0011322222322923507,-0.024884565700963424,0.027149010165548125,-0.0386570213015239,0.0409214657661086
2026-02-09,-0.0117290308885893,0.0009187840778759357,-0.025098003855379837,0.02693557201113171,-0.038870459455940316,0.040708027611692184
2026-02-10,-0.003428792205986,0.0013583730177130799,-0.024658414915542694,0.027375160950968855,-0.03843087051610317,0.04114761655152933
2026-02-11,0.0066281146856005,0.0011811109275452487,-0.024835677005710526,0.027197898860801022,-0.038608132606271,0.0409703544613615
2026-02-12,-0.0512741485728267,0.0009503246452362738,-0.0250664632880195,0.026967112578492047,-0.038838918888579974,0.04073956817905253
2026-02-13,-0.0229957847874414,0.002250848976690443,-0.02376593895656533,0.028267636909946218,-0.037538394557125807,0.042040092510506694
2026-02-17,0.0311767776258816,0.001642483482007333,-0.02437430445124844,0.027659271415263108,-0.03814676005180892,0.04143172701582358
2026-02-18,0.0017795329116435,0.0004071426622580841,-0.02560964527099769,0.02642393059551386,-0.03938210087155817,0.04019638619607433
2026-02-19,-0.0143641415256223,0.0010422094778676032,-0.024974578455388172,0.027058997411123376,-0.03874703405594865,0.04083145301168385
2026-02-20,0.0152337480384972,0.0014205795560171992,-0.024596208377238575,0.027437367489272974,-0.03836866397779905,0.04120982308983345
2026-02-23,0.0060291318592713,0.0007616629123443394,-0.025255125020911436,0.026778450845600113,-0.03902758062147191,0.04055090644616059
2026-02-24,0.0221439494471828,0.0009543732564862773,-0.025062414676769496,0.026971161189742052,-0.03883487027732997,0.04074361679030253
2026-02-25,0.0076505168067397,0.0005953207583676306,-0.025421467174888145,0.026612108691623403,-0.03919392277544862,0.04038456429218388
2026-02-26,-0.0046785374459385,0.0009222801297501387,-0.02509118323623785,0.026935743495738126,-0.03886187891719549,0.040706439176695766
2026-02-27,-0.0326580116789895,0.0012098118592601605,-0.024803654814959275,0.027223278533479597,-0.03857435224718885,0.040993975965709174
2026-03-02,0.0020420069532886,0.001841124239387917,-0.02417233912660007,0.027854587605375902,-0.03794303480755771,0.041625283286333546
2026-03-03,-0.0036709834343797,0.0010759440085982288,-0.024937519359058614,0.02708940737625507,-0.03870821504089969,0.04086010305809615
2026-03-04,-0.0046744570342451,0.001187145976756269,-0.024826317389231717,0.027200609342744257,-0.03859701307018936,0.040971305023701894
2026-03-05,-0.0085308008759145,0.0012121714709546945,-0.024801291895034133,0.02722563483694352,-0.038571987575992214,0.04099633051790161
2026-03-06,-0.0109320918379469,0.0012993562214720668,-0.02471410714451592,0.027312819587460055,-0.03848480282547356,0.04108351526841769
2026-03-09,0.0093556697588803,0.0013552474424533597,-0.024658215923534628,0.027368710808441346,-0.038428911604492265,0.04113940648939899
2026-03-10,0.003648797829983,0.0009008376055959726,-0.025112625760392013,0.02691430097158396,-0.03888332144134966,0.0406849966525416
2026-03-11,-7.663911620952738e-05,0.0010188084299817546,-0.024994654936006232,0.02703227179596974,-0.03876535061696387,0.04080296747692738
2026-03-12,-0.0195526802410451,0.0011051317543445403,-0.024908331611643447,0.027118595120332527,-0.03867902729260109,0.04088929080129017
2026-03-13,-0.0222987000965606,0.0015445044204257673,-0.02446895894556222,0.027557967786413753,-0.03823965462651986,0.04132866346737139
2026-03-16,0.010737018860286,0.001616048655725915,-0.02439741471026207,0.027629512021713903,-0.038168110391219714,0.04140020770267154
