date,actual,predicted,lower_80,upper_80,lower_95,upper_95
2022-01-03,-0.0266009202075386,0.00039917950348361964,-0.01100430365127112,0.011802662658238358,-0.017040942987514695,0.017839301994481933
2022-01-04,-0.0041668530922532,0.000852810263157004,-0.010577118098979217,0.012282738625293225,-0.016627756682379796,0.018333377208693807
2022-01-05,-0.0054425694656016,0.0015927083010489128,-0.009810774853705826,0.012996191455803652,-0.0158474141899494,0.019032830792047227
2022-01-06,0.0025856363746222,0.0005831642824023103,-0.010834407970584601,0.012000736535389222,-0.01687850562490927,0.01804483418971389
2022-01-07,-0.0072143575477478,0.000780865185174953,-0.010622617969579785,0.012184348339929693,-0.01665925730582336,0.018220987676173268
2022-01-10,0.0024571979463743,0.0006052112946527224,-0.010798554995937636,0.01200897758524308,-0.016835344215238832,0.01804576680454428
2022-01-11,0.0066395516582404,0.0005461309270648892,-0.01085735222768985,0.011949614081819628,-0.016893991563933425,0.017986253418063203
2022-01-12,-0.0038386900061973,0.000325745406100353,-0.01107790278475597,0.011729393596956678,-0.017114629485834414,0.01776612029803512
2022-01-13,0.008841229188837,-1.5254872693268697e-05,-0.011418738027448009,0.01138822828206147,-0.01745537736369158,0.017424867618305046
2022-01-14,-0.0152243727612789,-7.924187397459969e-05,-0.011482767539999833,0.011324283792050633,-0.017519429380350632,0.017360945632401436
2022-01-18,-0.0141750061409812,0.0004203702982516068,-0.010983112856503132,0.011823853453006346,-0.017019752192746707,0.01786049278924992
2022-01-19,0.0068999502920121,0.0009234386364530953,-0.010480046855519658,0.01232692412842585,-0.016516687429011714,0.0183635647019179
2022-01-20,0.0061478941227662,0.0014918019997904794,-0.00991168115496426,0.012895285154545218,-0.015948320491207833,0.018931924490788794
2022-01-21,0.011836846639423,0.0005246162326595887,-0.010878867810166065,0.011928100275485241,-0.016915507616525983,0.01796474008184516
2022-01-24,-0.008249848504301,-0.0005569025433724478,-0.011960385698127187,0.010846580611382292,-0.017997025034370763,0.016883219947625865
2022-01-25,-0.0016157803318892,-0.0003095499910411094,-0.011713033304768916,0.011093933322686697,-0.01774967272516775,0.01713057274308553
2022-01-26,-0.0121677141944217,0.00010912371023278879,-0.01129435944452195,0.011512606864987528,-0.017330998780765525,0.017549246201231102
2022-01-27,0.0181962814726839,0.000990434781260291,-0.01041304838939768,0.012393917951918262,-0.016449687734059918,0.0184305572965805
2022-01-28,0.0003492698021019,0.00043392986624113546,-0.010969553288513604,0.011837413020995875,-0.01700619262475718,0.017874052357239448
2022-01-31,-0.0051831590042827,7.998747551444033e-06,-0.011395484411619933,0.011411481906722823,-0.017432123750201537,0.017448121245304423
2022-02-01,-0.0033250807682222,-0.0004432171761246206,-0.011856346768138716,0.010969912415889474,-0.017898092619806058,0.017011658267556816
2022-02-02,0.0033809521080384,0.00031465164623197477,-0.011125452292199777,0.011754755584663728,-0.017181477500309753,0.0178107807927737
2022-02-03,-0.0078362341947304,0.0005412865943687943,-0.010871842997645301,0.011954416186382889,-0.01691358884931264,0.017996162038050233
2022-02-04,-0.0148522031448969,0.0002795411813604655,-0.011147948923277978,0.01170703128599891,-0.01719729677112669,0.017756379133847623
2022-02-07,0.0006470243952326,0.0009091476747350242,-0.010503981917279071,0.012322277266749119,-0.016545727768946413,0.01836402311841646
2022-02-08,-0.0067080687028357,0.0013481527709101868,-0.010065271896777642,0.012761577438598015,-0.01610717395207111,0.018803479493891485
2022-02-09,0.0018800391155703,0.0011885588424327775,-0.010224570749581318,0.012601688434446872,-0.016266316601248658,0.018643434286114216
2022-02-10,-0.0160203139060477,0.0005739588065848692,-0.010839342416025508,0.011987260029195246,-0.01688117912344234,0.018029096736612075
2022-02-11,0.014719321599469,0.0010279074087407017,-0.010385222183273392,0.012441037000754798,-0.016426968034940734,0.01848278285242214
2022-02-14,-0.0125196648453617,0.000584583654249179,-0.010828590191714766,0.011997757500213124,-0.016870359470008065,0.018039526778506423
2022-02-15,-0.0114176825395138,0.0007185173688398367,-0.010694612223174258,0.012131646960853932,-0.0167363580748416,0.018173392812521273
2022-02-16,0.005909441792002,0.0005289931250510191,-0.010884138949543432,0.011942125199645468,-0.016925886115409426,0.017983872365511466
2022-02-17,0.0074105833656481,0.0012952651058445455,-0.01011786448616955,0.01270839469785864,-0.016159610337836892,0.018750140549525982
2022-02-18,0.0104724001615771,0.00038483112689818887,-0.011028299407084783,0.01179796166088116,-0.01707004575740033,0.017839708011196706
2022-02-22,0.0026009894356917,-0.0005850450011290519,-0.011998174593143146,0.010828084590885044,-0.018039920444810488,0.016869830442552386
2022-02-23,-0.0138777156153029,-0.0006264297833145493,-0.012039559544661523,0.010786699978032423,-0.018081305485968275,0.016828445919339175
2022-02-24,0.0006586323243913,-4.495112216939664e-05,-0.01145808071418349,0.0113681784698447,-0.017499826565850835,0.01740992432151204
2022-02-25,0.0007303869980462,0.0006964252510661064,-0.010716704358162736,0.012109554860294948,-0.016758450218943014,0.018151300721075226
2022-02-28,0.0216819568391517,0.0008276869453730022,-0.010585442646641094,0.012240816537387096,-0.016627188498308434,0.01828256238905444
2022-03-01,0.0114955076722887,-0.0003594648867663125,-0.011772594483562169,0.011053664710029545,-0.017814340337760824,0.017095410564228197
2022-03-02,-0.0347805196019471,-0.0010770008097703656,-0.012498606802091942,0.010344605182551212,-0.018544839789034668,0.016390838169493934
2022-03-03,0.010133471881731,0.0010268803262063644,-0.010421922206503509,0.012475682858916239,-0.016482552172271885,0.018536312824684615
2022-03-04,0.0171169208798569,0.0009821675266679735,-0.010439438465653603,0.012403773518989551,-0.01648567145259633,0.018450006505932273
2022-03-07,-0.0076587904165312,-0.0006335240912726701,-0.012069889923937703,0.010802841741392363,-0.018123936298387103,0.016856888115841764
2022-03-08,-0.0101107535576659,-0.0008210035769210547,-0.012242609569242632,0.010600602415400522,-0.018288842556185354,0.016646835402343248
2022-03-09,-0.0098472084379049,2.8744444068390385e-05,-0.011393159203048725,0.011450648091185506,-0.017439549758922184,0.017497038647058965
2022-03-10,-0.0144717123450354,0.0013492548309547406,-0.010072351161366837,0.012770860823276317,-0.01611858414830956,0.01881709381021904
2022-03-11,0.0033411786491304,0.0016596711330359574,-0.009762110369125386,0.0130814526351973,-0.01580843626536505,0.01912777853143697
2022-03-14,-0.0236259999250069,0.00141610765729994,-0.010005498335021637,0.012837713649621517,-0.01605173132196436,0.01888394663656424
2022-03-15,-0.0017472791081286,0.0015514799989204183,-0.009870172373299107,0.012973132371139943,-0.015916429912276722,0.019019389910117562
2022-03-16,0.0097603044692513,0.001423776168452513,-0.009997829823869063,0.012845382160774091,-0.016044062810811787,0.018891615147716815
2022-03-17,-0.0074817308362193,0.001368493932111534,-0.010053114602331312,0.01279010246655438,-0.016099348934991743,0.018836336799214815
2022-03-18,0.0121387390436078,0.0002276901448572611,-0.011193915847464316,0.011649296137178838,-0.01724014883440704,0.017695529124121562
2022-03-21,-0.0234288914036113,-7.16166887243506e-05,-0.011493223664011622,0.011349990286562922,-0.017539457171304954,0.01739622379385625
2022-03-22,-0.0128941492980437,0.0007082107885389654,-0.010713395203782611,0.012129816780860543,-0.016759628190725337,0.018176049767803265
2022-03-23,0.0216779002850193,0.0011230481322742074,-0.010298558039992467,0.012544654304540881,-0.016344791122192368,0.018590887386740782
2022-03-24,-0.0078637707239284,0.0014610843202580246,-0.009960521672063552,0.012882690312579602,-0.016006754659006278,0.018928923299522324
2022-03-25,-0.0139698302577511,0.00015452505133317553,-0.01126708095896041,0.01157613106162676,-0.017313313955416937,0.01762236405808329
2022-03-28,0.0085135253509234,5.5772978789830104e-05,-0.011365833013531747,0.011477378971111406,-0.01741206600047447,0.01752361195805413
2022-03-29,0.0075237449805799,0.0011276786693925909,-0.010293927328018843,0.012549284666804026,-0.016340160317655974,0.018595517656441154
2022-03-30,0.0077714374983007,0.00019148711578828267,-0.011277537011627242,0.011660511243203806,-0.0173488716430127,0.017731845874589265
2022-03-31,0.0024261590047389,2.0512805313952957e-05,-0.011475821799824822,0.011516847410452728,-0.017561613724817723,0.017602639335445626
2022-04-01,0.0037990945724914,-0.0005508421178309079,-0.012019866245246431,0.010918182009584616,-0.01809120087663189,0.016989516640970075
2022-04-04,-0.0069739913819824,2.6714762344932355e-06,-0.011478542670637552,0.01148388562310654,-0.01755633030852657,0.017561673260995555
2022-04-05,-0.0228514600605038,4.211242027602705e-05,-0.011426911707139498,0.01151113654769155,-0.017498246338524957,0.01758247117907701
2022-04-06,-0.0081270793829076,0.0010917182109084237,-0.010377614642106396,0.012561051063923245,-0.016449112702952098,0.018632549124768947
2022-04-07,-0.0075607631825829,0.0019540130290593453,-0.009515011098356178,0.01342303715647487,-0.015586345729741637,0.01949437178786033
2022-04-08,-0.0108899901809564,0.0019663758559343167,-0.009502809881110397,0.013435561592979029,-0.015574230063465807,0.01950698177533444
2022-04-11,-0.0159514183515075,0.0014750979676058317,-0.009993926159809692,0.012944122095021356,-0.016065260791195152,0.019015456726406813
2022-04-12,-0.0013815859583713,0.001779166183093478,-0.009689892124077455,0.013248224490264412,-0.015761244849132477,0.01931957721531943
2022-04-13,0.0020310799621526,0.0017636864577807885,-0.009705337669634734,0.013232710585196313,-0.015776672301020193,0.019304045216581772
2022-04-14,-0.0202490996250463,0.0011020257776286223,-0.010367000761574829,0.012571052316832074,-0.016438336669683702,0.018642388224940944
2022-04-18,-0.0049814384045826,0.0009570071968722627,-0.010512016930543261,0.012426031324287786,-0.01658335156192872,0.018497365955673247
2022-04-19,-0.0075187009517074,0.0014798474369780968,-0.009989177480759696,0.01294887235471589,-0.016060512530516498,0.01902020740447269
2022-04-20,0.0199260761361463,0.0017007938883492376,-0.009768230239066287,0.01316981801576476,-0.015839564870451746,0.01924115264715022
2022-04-21,-0.0074259367798563,0.00040209897245305454,-0.011066925280279262,0.01187112322518537,-0.017138259978003424,0.017942457922909535
2022-04-22,-0.0063140725677349,-0.00012362320550937276,-0.011592647332924897,0.01134540092190615,-0.017663981964310356,0.01741673555329161
2022-04-25,0.0099512993874141,1.691691610952446e-05,-0.011452107226337337,0.011485941058556385,-0.017523441865679907,0.017557275697898955
2022-04-26,0.0100165282178844,0.0005806723985805561,-0.010888351728834967,0.01204969652599608,-0.016959686360220428,0.018121031157381538
2022-04-27,-0.0129089301679128,-0.00031624725343989415,-0.0117852713844698,0.01115277687759001,-0.017856606017768596,0.01722411151088881
2022-04-28,0.0014886428444251,-0.0003572208481748991,-0.011843389568497226,0.011128947872147429,-0.017923799999139862,0.01720935830279006
2022-04-29,-0.0130580973741009,0.00016254262290463358,-0.011349328487908898,0.011674413733718166,-0.01744334494219967,0.017768430188008933
2022-05-02,-0.0174855151368708,0.0009822509943884217,-0.010503917725933907,0.012468419714710749,-0.01658432815657654,0.018548830145353384
2022-05-03,0.006719177144157,0.001296453155331467,-0.010200861025978105,0.01279376733664104,-0.016287171507272203,0.018880077817935135
2022-05-04,0.0054947407817641,0.001542653215354736,-0.009943515504967592,0.013028821935677063,-0.016023925935610226,0.019109232366319697
2022-05-05,-0.0277807726329389,0.00048407691684074135,-0.011002359016972605,0.01197051285065409,-0.017082910901892776,0.01805106473557426
2022-05-06,-0.0148449254205926,0.0005383070056381111,-0.010947861714684216,0.012024475725960439,-0.017028272145326852,0.01810488615660307
2022-05-09,0.0087590734517066,0.0017821793889381283,-0.009704129613133205,0.013268488391009461,-0.01578461430444801,0.01934897308232427
2022-05-10,0.0090284680193431,0.0019587349681450717,-0.009527433752177256,0.013444903688467399,-0.01560784418281989,0.019525314119110033
2022-05-11,0.0190890234954629,0.0002804530742325617,-0.011205744112466715,0.011766650260931837,-0.017286169612299045,0.017847075760764167
2022-05-12,-0.0018672994325033,-0.0009609905652026021,-0.01244715928552493,0.010525178155119726,-0.018527569716167563,0.01660558858576236
2022-05-13,-0.0148907945793154,-0.0010328005222149444,-0.012518971176789864,0.010453370132359977,-0.018599382631363973,0.016533781586934082
2022-05-16,-0.0010352810750275,-0.00015823120351243146,-0.011644399923834758,0.011327937516809897,-0.017724810354477392,0.01740834794745253
2022-05-17,-0.0121574790954743,0.0009535532955573522,-0.01053261605174652,0.012439722642861225,-0.016613026814293136,0.01852013340540784
2022-05-18,0.0210939297740564,0.0011642988470245204,-0.010321869873297806,0.012650467567346849,-0.01640228030394044,0.018730877997989483
2022-05-19,0.0023921395693621,0.0003551689837156307,-0.011130999831896813,0.011841337799328075,-0.017211410312982987,0.017921748280414245
2022-05-20,0.0112860934362397,-0.000339920263820691,-0.011826088984143019,0.011146248456501636,-0.017906499414785653,0.01722665888714427
2022-05-23,-0.0165911516558183,-0.0010467129767652314,-0.012532881708197254,0.010439455754666791,-0.018613292144721006,0.01651986619119054
2022-05-24,0.0195400681961462,-6.217669961589955e-05,-0.011548345419938226,0.011423992020706429,-0.017628755850580862,0.01750440245134906
2022-05-25,0.0039463750869662,-2.378113040987903e-05,-0.011509949853348756,0.011462387592528997,-0.017590360285376506,0.01754279802455675
2022-05-26,-0.0045355371723654,-0.00025483838993741717,-0.011773391260478985,0.01126371448060415,-0.017870944824709075,0.017361268044834243
2022-05-27,0.002438272864299,0.0003003050248092013,-0.011245156565920116,0.011845766615538517,-0.017356954746165235,0.017957564795783636
2022-05-31,-0.021389178975046,0.00014979921896615927,-0.011368753651575409,0.011668352089507726,-0.0174663072158055,0.01776590565373782
2022-06-01,-0.0011436856533561,0.0006076271101230969,-0.01092316362173006,0.012138417841976255,-0.017027195518411954,0.01824244973865815
2022-06-02,0.0005160853770503,0.0012086735217490395,-0.010309879348792527,0.012727226392290607,-0.01640743291302262,0.0188247799565207
2022-06-03,-0.0021523673643657,0.0012314444949817777,-0.010287399331530637,0.012750288321494193,-0.01638510691854788,0.01884799590851144
2022-06-06,-0.0186158420877993,0.00040093631162946134,-0.011117616558912106,0.011919489182171028,-0.017215170123142196,0.018017042746401122
2022-06-07,0.0107422349665053,0.0008126492367094068,-0.010706061066506133,0.012331359539924945,-0.016803697970559642,0.018428996443978458
2022-06-08,-0.0088998958308632,0.001043407232892637,-0.01047514563764893,0.012561960103434204,-0.016572699201879024,0.018659513667664294
2022-06-09,0.0033248023450803,0.0007607444341683777,-0.010757842170333494,0.012279331038670249,-0.016855413592243466,0.018376902460580224
2022-06-10,-0.0062212562165368,0.00020530354867834678,-0.011313249321863221,0.011723856419219914,-0.017410802886093313,0.017821409983450005
2022-06-13,-0.0318822615499843,0.0006591145466834889,-0.010859440578252968,0.012177669671619946,-0.016956995335887626,0.018275224429254604
2022-06-14,-0.0126933326920591,0.0012932921444034895,-0.010225260726138078,0.012811845014945056,-0.01632281429036817,0.01890939857917515
2022-06-15,0.0184844093776717,0.0025136162018910206,-0.009004937431030959,0.014032169834813,-0.015102491398840862,0.020129723802622904
2022-06-16,0.0079081682737588,0.0018778797325896064,-0.009640673137951961,0.013396432603131173,-0.015738226702182053,0.019493986167361265
2022-06-17,0.0032172026935134,-0.0001916216619083213,-0.01171017465314622,0.011326931329329578,-0.017807728281269093,0.017424484957452448
2022-06-21,-0.0170975119752844,-0.0009017393205276653,-0.012420292191069233,0.010616813550013902,-0.018517845755299325,0.016714367114243994
2022-06-22,0.0271289386819526,0.0001946102972273451,-0.011323942587297946,0.011713163181752636,-0.017421496158930575,0.017810716753385265
2022-06-23,0.0081811914524092,0.00014057591805284773,-0.01137797695248872,0.011659128788594415,-0.01747553051671881,0.01775668235282451
2022-06-24,-0.0139392341782581,-0.0007102581095086318,-0.012228810983490095,0.010808294764472832,-0.01832636454954116,0.016905848330523894
2022-06-27,-0.0085652655488872,-0.0010364635712120916,-0.012591679352075669,0.010518752209651486,-0.01870864108867095,0.016635713946246765
2022-06-28,0.0046483884669936,0.00038369764411983,-0.01119951972349224,0.011966915011731898,-0.017331304604713528,0.018098699892953186
2022-06-29,0.0154880701513031,0.001029167809912605,-0.010526047970950973,0.012584383590776183,-0.01664300970754625,0.018701345327371464
2022-06-30,0.0087436603649409,-0.0004416221978148662,-0.012008886477811464,0.011125642082181732,-0.018132226304576393,0.017248981908946658
2022-07-01,0.0102143239809085,-0.0010060812344050492,-0.012561297015268627,0.010549134546458528,-0.018678258751863908,0.016666096283053808
2022-07-05,0.0078262662465971,-0.0012475671852354433,-0.012803094386477126,0.01030796001600624,-0.018920220979062378,0.01642508660859149
2022-07-06,-0.0169335638057088,-0.0010494346869562075,-0.012604650467819785,0.01050578109390737,-0.018721612204415067,0.01662274283050265
2022-07-07,-0.0088392524525263,-0.0002604909435771468,-0.01181587161069561,0.011294889723541316,-0.01793292063280171,0.017411938745647417
2022-07-08,-0.0111376488804704,0.0008725921283078596,-0.010682623652555718,0.012427807909171437,-0.016799585389151,0.018544769645766717
2022-07-11,0.0170974887429198,0.001665926112099649,-0.009889323138239156,0.013221175362438454,-0.016006302592504375,0.019338154816703677
2022-07-12,0.0059243782451536,0.0007508212587591627,-0.010804394522104415,0.01230603703962274,-0.016921356258699696,0.01842299877621802
2022-07-13,0.0114011804446144,-0.000270275633511319,-0.011825493850381605,0.011284942583358968,-0.017942456876520945,0.017401905609498305
2022-07-14,-0.0081925745553431,-0.001080945664853293,-0.01263616144571687,0.010474270116010286,-0.01875312318231215,0.016591231852605564
2022-07-15,0.0056127053328626,-0.0004665470626205728,-0.0120217636395193,0.011088669514278154,-0.018138725797510136,0.01720563167226899
2022-07-18,-0.0104731768759446,-0.00011020022470002925,-0.011665416005563606,0.011445015556163549,-0.01778237774215889,0.017561977292758827
2022-07-19,-0.0054091836379925,0.00043899619752975447,-0.011116219706130073,0.011994212101189583,-0.017233181507729765,0.01811117390278927
2022-07-20,0.0026210402001319,0.0006313026911975748,-0.010923913089666002,0.012186518472061153,-0.017040874826261283,0.018303480208656433
2022-07-21,0.0171285573654116,0.0008734936183253985,-0.01068172217766257,0.012428709414313368,-0.01679868392226422,0.018545671158915016
2022-07-22,0.0166711197487892,-0.00013029235352894405,-0.011685508134392522,0.011424923427334633,-0.0178024698709878,0.017541885163929915
2022-07-25,-0.0098330088695206,-0.001240228245162987,-0.012795444029628008,0.010314987539302035,-0.01891240576812978,0.016431949277803806
2022-07-26,0.0007663694863166,-0.0012481384698433398,-0.012813905712130452,0.010317628772443771,-0.01893645305500232,0.01644017611531564
2022-07-27,-0.0056337296302768,0.00017208504099544198,-0.011424180336261169,0.011768350418252053,-0.017562872416555846,0.01790704249854673
2022-07-28,0.0079292460152324,0.0006211933516342362,-0.010944573890652875,0.012186960593921348,-0.017067121233524746,0.018309507936793215
2022-07-29,-0.0027215032301276,0.00031206002877581346,-0.01126795220277416,0.011892072260325785,-0.01739804038745388,0.01802216044500551
2022-08-01,0.0237985730639444,0.00012159332437462594,-0.011444173917912486,0.011687360566661737,-0.017566721260784353,0.017809907909533608
2022-08-02,-0.0213868201024678,-0.000649762684033912,-0.012215887557289421,0.010916362189221596,-0.018338624218560095,0.017039098850492273
2022-08-03,0.0156217349261245,-0.0004110371131662815,-0.011976804355453393,0.01115473012912083,-0.018099351698325262,0.0172772774719927
2022-08-04,-0.0003350315873751,-0.00019137562823723941,-0.011757346933999758,0.01137459567752528,-0.01788000230155023,0.01749725104507575
2022-08-05,-0.024091503315033,0.0002923876377269044,-0.011273379604560207,0.011858154880014016,-0.017395926947432076,0.017980702222885885
2022-08-08,0.0160126726336382,7.827233180229048e-05,-0.011487540251182088,0.01164408491478667,-0.017610111595969244,0.017766656259573826
2022-08-09,-0.0038944097673332,0.0010874190966880407,-0.010478348145599071,0.012653186338975152,-0.016600895488470938,0.018775733681847023
2022-08-10,-0.0065530101645291,0.0006086014355264164,-0.010957168985722826,0.012174371856775657,-0.017079718011435593,0.018296920882488427
2022-08-11,-0.0235850951859845,-0.00010216041376911076,-0.011667927656056223,0.011463606828518,-0.01779047499892809,0.01758615417138987
2022-08-12,0.0100893269088448,0.0014142380321831617,-0.010151530349344485,0.01298000641371081,-0.016274078295293867,0.019102554359660188
2022-08-15,-0.0008658078383196,0.0015575776274015741,-0.010008189614885537,0.013123344869688686,-0.016130736957757408,0.019245892212560553
2022-08-16,0.0041490730736666,0.0008788446740910295,-0.0106869227555683,0.01244461210375036,-0.01680947019762903,0.01856715954581109
2022-08-17,-0.0104921837586434,-0.0001748049362649627,-0.011740572178552074,0.01139096230602215,-0.017863119521423942,0.01751350964889402
2022-08-18,0.0014808066147182,0.00039260462258581044,-0.0111731626425119,0.011958371887683521,-0.01729570999745897,0.01808091924263059
2022-08-19,-0.0162335012706532,0.0005601834268845503,-0.01100558381540256,0.012125950669171662,-0.01712813115827443,0.01824849801204353
2022-08-22,-0.0033671144768516,0.0010478144176903942,-0.010517952830528312,0.0126135816659091,-0.016640500176540177,0.018736129011920965
2022-08-23,-0.0055181202809551,0.0011316742865612574,-0.010460888411584941,0.012724236984707458,-0.01659762041195807,0.018860968985080582
2022-08-24,-0.0073460824476181,0.0003241755032818135,-0.011298010834956216,0.011946361841519842,-0.017450424643127384,0.018098775649691014
2022-08-25,0.0138401153684853,0.0009947475411242743,-0.010597815157021925,0.012587310239270474,-0.01673454715739505,0.0187240422396436
2022-08-26,0.0075090668376611,0.00018402455676806034,-0.011423085402616207,0.011791134516152327,-0.0175675182579152,0.01793556737145132
2022-08-29,-0.0083072511640651,-0.00029227934302373593,-0.011884842041169935,0.011300283355122464,-0.018021574041543063,0.017437015355495588
2022-08-30,0.0024817101565061,-0.0006291245480883109,-0.012222050292466164,0.010963801196289542,-0.018358974477905306,0.01710072538172868
2022-08-31,-0.0096068391245177,0.00017443610283400838,-0.01141812659531219,0.011766998800980208,-0.017554858595685317,0.017903730801353334
2022-09-01,-0.0184782012792475,0.0007312967885471743,-0.01086146381507708,0.01232405739217143,-0.016998300580281924,0.018460894157376274
2022-09-02,0.0056411169515574,0.0011212990048693548,-0.010471263693276845,0.012713861703015554,-0.01660799569364997,0.01885059370338868
2022-09-06,-0.0250807509981929,0.0015137881649686644,-0.010078821416012207,0.013106397745949535,-0.01621557823465885,0.01924315456459618
2022-09-07,0.0156918871115218,0.0016420974633831317,-0.009950465234763069,0.01323466016152933,-0.016087197235136193,0.019371392161902458
2022-09-08,-0.0103102520105706,0.0009169027518252048,-0.010675663137741138,0.012509468641391549,-0.01681239682755004,0.018646202331200446
2022-09-09,0.0022181449240635,0.001030148494362974,-0.010562414203783226,0.012622711192509174,-0.01669914620415635,0.0187594431928823
2022-09-12,-0.0082510083152364,6.41162432874691e-05,-0.011528447574093888,0.011656680060668827,-0.017665180166954318,0.017793412653529257
2022-09-13,0.0023248782191675,0.0008912315274760688,-0.01070133117067013,0.012483794225622269,-0.016838063171043256,0.018620526225995394
2022-09-14,0.0034300677829371,0.0005062880389051033,-0.011086274852848514,0.012098850930658721,-0.017223006955711218,0.01823558303352142
2022-09-15,-0.0006479119978102,0.00040226355864837965,-0.01119029913949782,0.011994826256794579,-0.017327031139870944,0.018131558257167706
2022-09-16,-0.0083702859586821,-1.277265250948002e-05,-0.011605335373416889,0.01157979006839793,-0.017742067385839073,0.01771652208082011
2022-09-19,0.0023319803599654,0.0003461078999912563,-0.011246454798154943,0.011938670598137456,-0.01738318679852807,0.018075402598510582
2022-09-20,-0.0100202754625716,0.0005985542824156123,-0.01099400842163116,0.012191116986462386,-0.017130740425127862,0.018327848989959088
2022-09-21,0.0166142138697194,0.0007928304938839462,-0.010808298295283196,0.012393959283051087,-0.016949564910327394,0.018535225898095285
2022-09-22,-0.0258804833677522,-0.00029801088787854285,-0.011927297598972887,0.011331275823215801,-0.018083470117487618,0.017487448341730532
2022-09-23,0.0040764294253252,0.000706318225154523,-0.01089481056401262,0.012307447014321665,-0.017036077179056815,0.018448713629365864
2022-09-26,-0.0192958699493399,0.0013091865544613405,-0.010306442520752065,0.012924815629674746,-0.016455385123557698,0.019073758232480382
2022-09-27,-0.0266835873559049,0.0018456429278504189,-0.009755485861316722,0.013446771717017561,-0.01589675247636092,0.01958803833206176
2022-09-28,0.0329333934000525,0.0017914711983150527,-0.009810001127722264,0.01339294352435237,-0.015951449600200354,0.019534391996830457
2022-09-29,-0.0051892080891755,0.0015070145595883207,-0.01009411422957882,0.013108143348755463,-0.016235380844623018,0.01924940996379966
2022-09-30,-0.012994581823222,0.00012135237299316337,-0.011479959465625763,0.011722664211612091,-0.017621322981196418,0.017864027727182742
2022-10-03,0.0157644308871202,-0.0005348934534086939,-0.012136022242575836,0.011066235335758448,-0.018277288857620033,0.017207501950802645
2022-10-04,-0.0027969327839682,0.0005453810817668633,-0.011055793575888989,0.012146555739422716,-0.017197084472244387,0.01828784663577811
2022-10-05,-0.0096076984767482,8.123182096885767e-05,-0.011519896968198284,0.011682360610136,-0.017661163583242483,0.017823627225180196
2022-10-06,-0.0055736155483662,-0.00014400995504632272,-0.011745141669210674,0.01145712175911803,-0.017886409832654864,0.017598389922562217
2022-10-07,-0.0097553879376352,0.0009742282862298623,-0.01062690050293728,0.012575357075397003,-0.016768167117981476,0.018716623690441202
2022-10-10,-0.0156681142426116,0.0012344659360463085,-0.010366663873500903,0.012835595745593521,-0.016507931028701683,0.018976862900794297
2022-10-11,0.0044160219163422,0.0014878974847762022,-0.01011323130439094,0.013089026273943344,-0.016254497919435135,0.019230292888987543
2022-10-12,0.0048947079047707,0.0014040076854769088,-0.01019712128688151,0.013005136657835327,-0.016338387998901308,0.01914640336985513
2022-10-13,-0.0096123742410532,0.0006950396326439982,-0.010906089156523144,0.01229616842181114,-0.01704735577156734,0.018437435036855337
2022-10-14,-0.0082843843661571,0.0001824405837844624,-0.011418688225700918,0.011783569393269843,-0.017559954851500942,0.017924836019069863
2022-10-17,-0.0048820959159968,0.0007794140471469743,-0.010821714742020167,0.012380542836314117,-0.016962981357064366,0.018521809451358312
2022-10-18,0.0023426109600846,0.0012434798032861132,-0.010357648991172422,0.01284460859774465,-0.016498915609017714,0.01898587521558994
2022-10-19,-0.0183738587203733,0.0007453657868716642,-0.010898224429561988,0.012388956003305317,-0.017061968766424296,0.01855270034016762
2022-10-20,-0.0172410007284714,0.0007160836195565152,-0.010953709499930093,0.012385876739043122,-0.017131324815785977,0.01856349205489901
2022-10-21,-0.0181873035049587,0.0016790222856448466,-0.009964567930788806,0.0133226125020785,-0.016128312267651112,0.019486356838940806
2022-10-24,-0.0082987436145408,0.0015866373361718234,-0.010069243007058021,0.013242517679401667,-0.016239493344048398,0.019412768016392048
2022-10-25,0.0286969157280898,0.0022794295303168338,-0.00936416068611682,0.013923019746750486,-0.015527905022979125,0.020086764083612794
2022-10-26,0.0143046784019831,0.0004130357088013543,-0.011230868883879159,0.012056940301481866,-0.017394779641473835,0.018220851059076542
2022-10-27,0.0104160039545675,-0.001182398206792026,-0.012825988423225678,0.010461192009641627,-0.018989732760087984,0.016624936346503933
2022-10-28,-0.0068976252919644,-0.00218309548901725,-0.013826837347022412,0.009460646368987913,-0.019990661958083675,0.015624470980049175
2022-10-31,-0.0071536531746471,-0.0008415240190196361,-0.012485114235453289,0.010802066197414016,-0.018648858572315595,0.016965810534276322
2022-11-01,0.0093021342429541,8.136648722730828e-05,-0.011562257895040631,0.011724990869495248,-0.017726020318203098,0.017888753292657718
2022-11-02,-0.0043493753558796,0.0003423260539923354,-0.011301264162441317,0.011985916270425988,-0.017465008499303623,0.018149660607288294
2022-11-03,-0.0054115550654522,0.00013008841758129638,-0.011513504156720398,0.01177368099188299,-0.017677249741762647,0.01793742657692524
2022-11-04,-0.0169434022376136,0.000180902899561934,-0.011462687316871719,0.011824493115995587,-0.017626431653734023,0.017988237452857894
2022-11-07,-0.0100266160982768,0.0012218657706283152,-0.010421725181182687,0.012865456722439318,-0.016585469907330248,0.019029201448586875
2022-11-08,0.0108753740608282,0.0016192657817682024,-0.01002432443466545,0.013262855998201855,-0.016188068771527755,0.019426600335064163
2022-11-09,0.0032820692462521,0.0011068254914448018,-0.010536764847564023,0.012750415830453627,-0.016700509249313707,0.018914160232203308
2022-11-10,0.0377520713320624,8.617518381549992e-05,-0.011557415032618153,0.011729765400249153,-0.01772115936948046,0.017893509737111457
2022-11-11,-0.0036709869697482,-0.0016675149771866763,-0.01331110520781166,0.00997607525343831,-0.019474849552186407,0.016139819597813052
2022-11-14,-0.0024547735238115,-0.0017441665870871253,-0.013387756803520778,0.009899423629346527,-0.019551501140383083,0.016063167966208835
2022-11-15,0.0160508335116157,-0.0013263381736017662,-0.01296992839336882,0.010317252046165288,-0.019133672731995722,0.016480996384792192
2022-11-16,0.0216327124521676,-0.000276345342894214,-0.011966522478003942,0.011413831792215515,-0.018154928439916933,0.017602237754128506
2022-11-17,-0.010608221809756,-0.00045152689149547266,-0.012168009092640118,0.011264955309649174,-0.018370340115362507,0.017467286332371563
2022-11-18,-0.0069009975575661,-0.0013896615261369883,-0.013079838661246717,0.01030051560897274,-0.019268244623159708,0.01648892157088573
2022-11-21,0.0042061514295379,0.0008667163063723013,-0.010836332456484441,0.012569765069229043,-0.01703155224653438,0.018764984859278987
2022-11-22,0.0140917501117179,0.0006799382216855107,-0.011010238913424219,0.012370115356795238,-0.017198644875337208,0.01855852131870823
2022-11-23,0.0172913997606446,-0.0001644765308998572,-0.011854954381827381,0.011526001320027667,-0.01804351953307841,0.017714566471278698
2022-11-25,-0.0033954708027811,-0.0012538666096101024,-0.012944043744719832,0.010436310525499625,-0.01913244970663282,0.01662471648741262
2022-11-28,0.0028143911077315,-0.0012584947149377166,-0.012948826633462343,0.010431837203586909,-0.019137314532765716,0.016620325102890285
2022-11-29,-0.0117953761565549,-0.0006441804574038026,-0.012334357592513532,0.011045996677705925,-0.018522763554426523,0.017234402639618916
2022-11-30,0.0073276282136666,0.00040613681025457207,-0.011284076630771482,0.012096350251280625,-0.01747250181187563,0.018284775432384777
2022-12-01,0.0314459128440178,0.0002933525354115427,-0.011396824599698185,0.011983529670521272,-0.017585230561611178,0.01817193563243426
2022-12-02,0.0124971779770646,-0.000680794444166975,-0.01237097389241124,0.011009385004077292,-0.01855938107882369,0.01719779219048974
2022-12-05,-0.0141058224528233,-0.002090868551465117,-0.013781045686574846,0.009599308583644611,-0.019969451648487836,0.015787714545557604
2022-12-06,0.012797843999795,-0.0014698385356072701,-0.013160016439730023,0.010220339368515484,-0.019348422808733924,0.01640874573751938
2022-12-07,0.0232891899553404,-0.000296835745598134,-0.011987012880707863,0.011393341389511594,-0.018175418842620854,0.017581747351424586
2022-12-08,-0.0027444549315132,-0.0007691996561064853,-0.012459376921667752,0.010920977609454782,-0.01864778295263762,0.017109383640424646
2022-12-09,-0.0263587726960111,-0.0015637520867905403,-0.013253929221900268,0.010126425048319189,-0.01944233518381326,0.016314831010232178
2022-12-12,0.0031926121273922,-3.7662855626206056e-06,-0.011693943435047085,0.011686410863921843,-0.017882349404569602,0.01787481683344436
2022-12-13,0.0096095188746775,0.0013389002272196945,-0.010351276907890034,0.013029077362329423,-0.016539682869803025,0.019217483324242415
2022-12-14,0.004262090748895,0.0008129070457955461,-0.010877270092868659,0.01250308418445975,-0.017065676056663277,0.01869149014825437
2022-12-15,0.0038939759831041,-0.0005118316513230561,-0.012238899532531827,0.011215236229885716,-0.01844683427578493,0.017423170973138818
2022-12-16,-0.0112332565947465,7.155119091091389e-05,-0.011684853717431153,0.01182795609925298,-0.017908318544746987,0.018051420926568817
2022-12-19,-0.016948206754725,9.239477977202292e-05,-0.01163467310143675,0.011819462660980794,-0.01784260784468985,0.018027397404233897
2022-12-20,-0.017916465416679,0.001218728021902954,-0.010521352528906588,0.012958808572712496,-0.016736175763343967,0.019173631807149875
2022-12-21,0.0025102472454585,0.0021024111121088745,-0.009624656769099897,0.013829478993317646,-0.015832591512353,0.020037413736570746
2022-12-22,-0.0001929493608138,0.001867085614834686,-0.009860326346196055,0.013594497575865427,-0.016068443234304366,0.01980261446397374
2022-12-23,-0.0147689215543123,0.001036111264630316,-0.010690956616578456,0.012763179145839087,-0.016898891359831556,0.01897111388909219
2022-12-27,-0.0199709885789056,0.0006060428775984602,-0.0111212067726578,0.012333292527854721,-0.017329237738632267,0.018541323493829188
2022-12-28,-0.0059092287069656,0.0017089110649138263,-0.010018156816294945,0.013435978946122598,-0.01622609155954805,0.019643913689375698
2022-12-29,0.0112872437833293,0.0021286789923184437,-0.009598427244830034,0.013855785229466924,-0.015806382292491122,0.02006374027712801
2022-12-30,-0.0111865883636123,0.0012148752844575307,-0.01051219259675124,0.012941943165666303,-0.016720127340004342,0.019149877908919404
2023-01-03,0.0189041523623852,0.0003640303682182689,-0.01136304033212807,0.012091101068564609,-0.017570976567742456,0.018299037304178995
2023-01-04,0.0136067805933264,-0.00010995073248535188,-0.011837018613694123,0.01161711714872342,-0.018044953356947224,0.017825051891976522
2023-01-05,0.0041724823902012,-0.0006868167441440187,-0.012413885556180584,0.011040252067892546,-0.018621820792184156,0.01724818730389612
2023-01-06,0.0182291701769593,-0.001523761416260194,-0.013250829297468965,0.010203306464948578,-0.019458764040722068,0.016411241208201678
2023-01-09,0.0053102787995625,-0.0012755784102330885,-0.013002646440008349,0.010451489619542172,-0.019210581261907802,0.016659424441441622
2023-01-10,-0.0166886728433207,-0.0012983246869493006,-0.013025392568158073,0.01042874319425947,-0.019233327311411173,0.016636677937512574
2023-01-11,0.0161207223921985,-0.000605316791914522,-0.012332384691551696,0.011121751107722653,-0.018540319444560208,0.017329685860731164
2023-01-12,0.0194912919480782,0.0002131608103004654,-0.011513907070908306,0.011940228691509238,-0.017721841814161407,0.01814816343476234
2023-01-13,-0.0094171527894304,-0.000619663766649777,-0.012346731652325402,0.011107404119025846,-0.018554666397943113,0.017315338864643558
2023-01-17,-0.0064848108320644,-0.0013175512288035513,-0.013075758161682785,0.010440655704075683,-0.019300176923165782,0.016665074465558677
2023-01-18,0.0239427870873022,0.00031495819334493474,-0.011471072019530865,0.012100988406220734,-0.017710219535747064,0.018340135922436933
2023-01-19,-0.0062793913102319,0.00016021627084512234,-0.011597990662034112,0.011918423203724356,-0.017822409423517108,0.01814284196520735
2023-01-20,-0.0163439654204635,-0.0009354706199455156,-0.012705115650636728,0.010834174410745696,-0.01893558937534864,0.01706464813545761
2023-01-23,-0.0047191333636005,-6.061690095405538e-05,-0.01181882383383329,0.011697590031925179,-0.018043242595316283,0.017922008793408176
2023-01-24,0.0142779665549589,0.001459133831141078,-0.010299370517859322,0.013217638180141477,-0.01652394672192647,0.019442214384208626
2023-01-25,0.0024217754544502,0.0007084646727709709,-0.011049742260108263,0.012466671605650206,-0.01727416102159126,0.0186910903671332
2023-01-26,-0.0046628013738912,-0.00036670072333736366,-0.012125063226405771,0.011391661779731044,-0.01834956434177229,0.017616162895097563
2023-01-27,-0.0025270908436457,-0.0003448736926875892,-0.012103080625566823,0.011413333240191646,-0.01832749938704982,0.01763775200167464
2023-01-30,-0.0036615085998899,0.0003480666852376818,-0.011410170256928144,0.012106303627403508,-0.017634604904367867,0.018330738274843227
2023-01-31,0.0079628631280764,0.0005629699792313212,-0.011195236953647913,0.012321176912110555,-0.01741965571513091,0.01854559567359355
2023-02-01,0.0119496656256002,0.0002629753008081969,-0.011495233851920444,0.012021184453536837,-0.017719653788520733,0.018245604390137126
2023-02-02,0.0012932183372453,-0.0003800167286805596,-0.012138223661559793,0.011378190204198675,-0.01836264242304279,0.01760260896568167
2023-02-03,-0.0150685499316151,-0.0008085949347441084,-0.012566802574152972,0.010949612704664756,-0.018791221709650162,0.017174031840161946
2023-02-06,-0.0074314421737416,-2.625681962094891e-05,-0.011784463752500182,0.011731950113258286,-0.01800888251398318,0.01795636887474128
2023-02-07,-0.0080582303746797,0.0010551420179921482,-0.01070306501988834,0.012813349055872636,-0.016927483836955644,0.01903776787293994
2023-02-08,0.0047479141810608,0.0013881311773823986,-0.010370075755496835,0.013146338110261634,-0.016594494516979832,0.019370756871744627
2023-02-09,-0.0095183136805563,0.0008644677610608526,-0.010893739184868396,0.0126226747069901,-0.01711815795325965,0.018847093475381358
2023-02-10,-0.0112529603209242,0.0006344335441825826,-0.011123773388696651,0.012392640477061817,-0.01734819215017965,0.01861705923854481
2023-02-13,0.0083796101599404,0.000897620079015228,-0.010860586856877985,0.012655827014908442,-0.017085005619956486,0.01888024577798694
2023-02-14,-0.0023044404194531,0.001049362136596509,-0.010713122761977415,0.012811847035170432,-0.016939806141703904,0.019038530414896924
2023-02-15,-0.0093690603034495,0.0002126664973039761,-0.011579190987178445,0.012004523981786397,-0.017821423274646208,0.01824675626925416
2023-02-16,-0.0142689438434993,0.0002994045681990451,-0.011463080330374879,0.012061889466772968,-0.017689763710101367,0.01828857284649946
2023-02-17,0.0077458969200391,0.0010289095911597199,-0.010744816429011286,0.012802635611330725,-0.01697745049905718,0.01903526968137662
2023-02-21,-0.0196288211213225,0.0011967541256061266,-0.010565730772967796,0.012959239024180051,-0.016792414152694286,0.01918592240390654
2023-02-22,0.0091226124289011,0.0008684712793638279,-0.010894335717561945,0.012631278276289602,-0.017121189605856263,0.018858132164583916
2023-02-23,0.0097246358391004,0.0008475739151143186,-0.010914910983459605,0.012610058813688242,-0.017141594363186095,0.018836742193414732
2023-02-24,-0.0130861818763299,0.00021082591687154618,-0.011551824659263157,0.01197347649300625,-0.017778595743392505,0.018200247577135596
2023-02-27,0.0027690823989791,-0.00032014525020949384,-0.012082630148783418,0.01144233964836443,-0.018309313528509907,0.01766902302809092
2023-02-28,0.0045330500989191,0.00047409475960361085,-0.011288420125563125,0.012236609644770345,-0.01751511937923298,0.018463308898440202
2023-03-01,-0.0108014299683213,0.00041893027263139004,-0.011343554625942534,0.012181415171205313,-0.017570238005669023,0.018408098550931805
2023-03-02,-0.008906521817011,8.98237500719297e-05,-0.011672663595686895,0.011852311095830754,-0.017899348270874818,0.01807899577101868
2023-03-03,0.0239373210983683,0.0008620561624964845,-0.010900428736077439,0.012624541061070409,-0.01712711211580393,0.0188512244407969
2023-03-06,-0.0077842512121454,0.0005084711660526193,-0.011254014485181941,0.01227095681728718,-0.017480698263342906,0.018497640595448145
2023-03-07,0.0061142533307535,-0.0005565072037709493,-0.012318992102344873,0.011205977694802974,-0.018545675482071363,0.017432661074529465
2023-03-08,0.0009825800785128,-0.00048779390168835645,-0.012250278909236944,0.011274691105860232,-0.018476962346651138,0.017501374543274426
2023-03-09,0.0024522345754929,7.91506577311183e-05,-0.011683334240842806,0.011841635556305042,-0.017910017620569294,0.018068318936031533
2023-03-10,0.0339047066209587,-0.0002595148806311782,-0.01202199979370077,0.011502970032438414,-0.018248683181100806,0.01772965341983845
2023-03-13,0.0022704945603543,-0.0009405831977909469,-0.01270306809636487,0.010821901700782977,-0.018929751476091362,0.017048585080509465
2023-03-14,-0.0165781799148343,-0.0019466973496928613,-0.013709182251507121,0.009815787552121397,-0.019935865632948944,0.01604247093356322
2023-03-15,0.0191262988612536,-0.0009281187640622957,-0.012716404878186493,0.0108601673500619,-0.018956746596387287,0.017100509068262697
2023-03-16,-0.0078536541445531,-0.0002978204176444354,-0.012115349992033899,0.011519709156745028,-0.018371172262989455,0.017775531427700587
2023-03-17,0.0148973105864949,-0.0002124651329715825,-0.012000751247095778,0.011575820981152615,-0.018241092965296576,0.01781616269935341
2023-03-20,-0.0088360067869073,0.0002380585601738164,-0.01156042213752794,0.012036539257875572,-0.017806160542285444,0.018282277662633076
2023-03-21,-0.0086295394019112,-0.00017014091231816738,-0.011958427026442365,0.011618145201806028,-0.01819876874464316,0.017858486920006824
2023-03-22,0.0132451793168722,0.00031604158141498374,-0.011472564257718774,0.012104647420548741,-0.01771307522811588,0.01834515839094585
2023-03-23,0.0,0.0005979082422360254,-0.01119037787188817,0.012386194356360222,-0.017430719590088968,0.018626536074561016
2023-03-24,0.0042203668719463,-0.00019115403469250619,-0.011979594123114253,0.01159728605372924,-0.01822001735038458,0.01783770928099957
2023-03-27,-0.0237710523926353,-0.0004282589563487587,-0.012216545070472954,0.011360027157775439,-0.01845688678867375,0.017600368875976234
2023-03-28,0.0018195424517351,0.0005629646577287111,-0.011225347237604735,0.012351276553062156,-0.01746570260355331,0.018591631919010733
2023-03-29,-0.0020113354122351,0.0012939546976617087,-0.010494331416462489,0.013082240811785904,-0.016734673134663283,0.0193225825299867
2023-03-30,0.004591020938796,0.0010628092083429376,-0.010725479187345812,0.012851097604031688,-0.016965822113333928,0.019091440530019804
2023-03-31,0.0148695678835882,0.00020085880623560843,-0.011587427307888589,0.011989144920359804,-0.017827769026089384,0.0182294866385606
2023-04-03,0.0046920040242604,-0.0003262072635180688,-0.012114494025917653,0.011462079498881516,-0.018354836087294712,0.01770242156025857
2023-04-04,0.0049597679414013,-0.0009617968338865539,-0.012750082948010751,0.010826489280237642,-0.018990424666211547,0.017066830998438438
2023-04-05,0.0104001119717882,-0.0008572991907157822,-0.012645585395443268,0.010930987014011703,-0.018885927161606548,0.017171328780174983
2023-04-06,0.0025832150761665,-0.0006897193495420512,-0.012478005463666248,0.011098566764582145,-0.018718347181867042,0.017338908482782942
2023-04-10,-0.0162558703223469,-0.0008082303550533291,-0.01259651648170354,0.010980055771596883,-0.01883685820653521,0.01722039749642855
2023-04-11,0.0020580020695744,-3.079858638869605e-05,-0.011819084700512893,0.0117574875277355,-0.01805942641871369,0.017997829245936296
2023-04-12,-0.0010282307799845,0.0008615279020613049,-0.010926758214679862,0.012649814018802472,-0.017167099934266,0.01889015573838861
2023-04-13,-0.0078897541893468,0.0006819642164755008,-0.011114735911705016,0.012478664344656018,-0.017359531739894733,0.018723460172845735
2023-04-14,-0.0091886458905785,0.00037122507430989996,-0.011453628845740025,0.012196078994359824,-0.017713328391079745,0.018455778539699548
2023-04-17,-0.0119669762363665,0.0010026107874472083,-0.01079408934073331,0.012799310915627724,-0.017038885168923025,0.019044106743817443
2023-04-18,0.0035571776344455,0.001014026250635599,-0.010792568113758423,0.01282062061502962,-0.01704260163421444,0.01907065413548564
2023-04-19,-0.0009602525027697,0.0011880474057160686,-0.010608652722464449,0.012984747533896585,-0.016853448550654165,0.019229543362086304
2023-04-20,0.0085132282082373,0.0004917660057397863,-0.011305242401225444,0.012288774412705017,-0.01755020142234605,0.018533733433825618
2023-04-21,-0.0056354791125256,-3.397483345139892e-05,-0.011830674961631916,0.011762725294729118,-0.01807547078982163,0.018007521122918837
2023-04-24,0.0096278826595719,-0.00011290599633602535,-0.011909749718992488,0.011683937726320436,-0.01815462156150609,0.017928809568834043
2023-04-25,0.0145975913244356,-0.00010781211305360222,-0.011904512241234119,0.011688888015126915,-0.018149308069423838,0.01793368384331663
2023-04-26,-0.0107157717743574,-0.0006142248099419809,-0.012410949207826653,0.01118249958794269,-0.018655757883621685,0.01742730826373772
2023-04-27,-0.0099717476353092,-0.0007244628805623221,-0.012521163008742838,0.011072237247618195,-0.018765958836932557,0.01731703307580791
2023-04-28,0.0160016738808267,0.0004559179529036391,-0.011340784287392106,0.012252620193199386,-0.01758558123366809,0.018497417139475367
2023-05-01,-0.0292584532713859,0.0005956154872324439,-0.011201084640948072,0.012392315615412961,-0.01744588046913779,0.018637111443602677
2023-05-02,0.0246144402439196,0.000528264880197066,-0.011268435834680464,0.012324965595074597,-0.017513231973448822,0.018569761733842952
2023-05-03,0.0055664000957222,0.0005403699785047055,-0.011256330149675812,0.012337070106685222,-0.017501125977865527,0.01858186593487494
2023-05-04,-0.0099277744895354,-0.0002270573006060553,-0.01202375751108715,0.01156964290987504,-0.018268553382844162,0.01781443878163205
2023-05-05,-0.0033313364085033,-0.0007314074052105331,-0.01252810753339105,0.011065292722969983,-0.018772903361580766,0.017310088551159702
2023-05-08,-0.0141137994929043,0.0005979876265623132,-0.01119871251277161,0.012394687765896237,-0.017443508346865585,0.018639483599990212
2023-05-09,-0.003583903663978,0.0011109287020467165,-0.0106857714261338,0.012907628830227233,-0.016930567254323518,0.01915242465841695
2023-05-10,0.0096571533433554,0.0012276601400605953,-0.010569039990416178,0.013024360270537369,-0.01681383581982146,0.019269156099942654
2023-05-11,0.0105164860201014,0.0006720730676365011,-0.011145333665705541,0.012489479800978543,-0.01740109090853864,0.018745237043811647
2023-05-12,-0.0084043553203801,-0.00013802069140289203,-0.011982831792100421,0.011706790409294636,-0.01825309603070999,0.017977054647904205
2023-05-15,-0.0104116005168767,-0.00043889508338900015,-0.012256301816731043,0.011378511649953042,-0.018512059059564143,0.017634268892786145
2023-05-16,-0.0030090248522395,0.0009468627806504506,-0.010879773920680626,0.012773499481981527,-0.017140417213423107,0.019034142774724008
2023-05-17,-0.0029200594328839,0.0011135444002053833,-0.010703862333136659,0.012930951133547426,-0.01695961957596976,0.019186708376380528
2023-05-18,-0.0074363153988849,0.000844466177033346,-0.010973241915458048,0.012662174269524741,-0.017229158688188348,0.018918091042255038
2023-05-19,-0.0070964114222971,0.0007776274982415744,-0.011039779235100468,0.012595034231583617,-0.017295536477933568,0.01885079147441672
2023-05-22,-0.0035672226191685,0.0009591520422877945,-0.010858386631020346,0.012776690715595935,-0.017114213718652495,0.019032517803228087
2023-05-23,0.0028747895566197,0.0010407537557533847,-0.010776652977588657,0.012858160489095428,-0.01703241022042176,0.01911391773192853
2023-05-24,-0.004961816534835,0.0006202751653329385,-0.011197153206393714,0.01243770353705959,-0.017452921903895705,0.01869347223456158
2023-05-25,-0.0024897445005592,0.00039821587732660237,-0.01141919085601544,0.012215622610668645,-0.017674948098848543,0.018471379853501745
2023-05-26,0.0080448504290763,0.0004931124298335631,-0.011324296242536178,0.012310521102203304,-0.017580054511828543,0.018566279371495666
2023-05-30,0.0099417321992635,0.0002733065307581914,-0.01154410020258385,0.012090713264100234,-0.017799857445416952,0.018346470506933336
2023-05-31,0.008679204910305,-0.0004790329712938162,-0.012296440213280208,0.011338374270692574,-0.018552197725373365,0.01759413178278573
2023-06-01,0.0039155189512266,-0.0009506463339897273,-0.01276805306733177,0.010866760399352315,-0.01902381031016487,0.017122517642185416
2023-06-02,-0.0110185759027425,-0.0008599866429821267,-0.012677393446798588,0.010957420160834336,-0.018933150726938595,0.017213177440974343
2023-06-05,-0.0018644892025434,-0.0001142244503653027,-0.011931631183707344,0.01170318228297674,-0.018187388426540448,0.01795893952580984
2023-06-06,0.005876643047072,0.000607497019730066,-0.011209909723195868,0.012424903762656002,-0.017465666971102377,0.01868066101056251
2023-06-07,-0.0149551205771531,0.0004462104928740489,-0.011371196240467993,0.012263617226216092,-0.017626953483301094,0.018519374469049193
2023-06-08,0.0116292417697525,0.00042202637521194944,-0.011395380360019306,0.012239433110443204,-0.017651137603852497,0.018495190354276398
2023-06-09,-0.0013728538553783,0.00046909746617572473,-0.011341414014387782,0.012279608946739231,-0.017593521130887434,0.018531716063238883
2023-06-12,0.0029392628582227,0.00019461877468834903,-0.011643379828397539,0.012032617377774236,-0.01791003774861277,0.018299275297989467
2023-06-13,-0.0099297820894891,-0.00023541171158687128,-0.012045923192150377,0.011575099768976636,-0.01829803030865003,0.017827206885476288
2023-06-14,0.0079713453167554,0.00029528305510443113,-0.011524460477084098,0.012115026587292962,-0.017781454746503392,0.018372020856712256
2023-06-15,0.0095600505977402,0.0003526659648823515,-0.011457845515681155,0.012163177445445858,-0.017709952632180805,0.01841528456194551
2023-06-16,-0.0038911343336308,-0.00019782905154178495,-0.012008641690323358,0.011612983587239788,-0.018260908230353607,0.017865250127270037
2023-06-20,0.0068961398856668,-0.0005192482616085278,-0.012329759742172035,0.011291263218954978,-0.018581866858671685,0.017543370335454632
2023-06-21,0.0024171715376478,-0.00024220685492842885,-0.012052850850005415,0.011568437140148559,-0.018305028115451125,0.01782061440559427
2023-06-22,-0.0121439610807879,-0.0002171162756302667,-0.012027627756193773,0.01159339520493324,-0.018279734872693423,0.017845502321432893
2023-06-23,0.0099202925042069,0.00013190561922934025,-0.011678627524270017,0.011942438762728696,-0.0179307461084352,0.01819455734689388
2023-06-26,0.0010644227738165,0.0004142109470490841,-0.011396300533514422,0.012224722427612592,-0.017648407650014075,0.01847682954411224
2023-06-27,-0.0026139096081724,1.3537950495688927e-05,-0.011796975474033423,0.0118240513750248,-0.018049083619606304,0.018076159520597684
2023-06-28,0.004256004730663,-0.00015100745761254967,-0.011961518938176057,0.011659504022950956,-0.01821362605467571,0.017911611139450608
2023-06-29,-0.0182135830514912,0.0001349268111102847,-0.011675585180720054,0.011945438802940625,-0.017927692567868022,0.01819754619008859
2023-06-30,0.0117259088995701,0.0005847915262407663,-0.011225719954322741,0.012395303006804272,-0.01747782707082239,0.018647410123303926
2023-07-03,-0.005685249820601,0.0006687768839359641,-0.011141734667316446,0.012479288435188373,-0.01739384182123654,0.01873139558910847
2023-07-05,-0.0095478664955287,0.0003854349221765688,-0.011425076558386938,0.012195946402740075,-0.01767718367488659,0.018448053519239727
2023-07-06,-0.0142437589713346,0.00042807169247288787,-0.01138243979772309,0.012238583182668867,-0.017634546919321866,0.01849069030426764
2023-07-07,-0.006037629407481,0.0014054875286000522,-0.010405023951963455,0.013215999009163558,-0.016657131068463105,0.01946810612566321
2023-07-10,0.0013112299823074,0.0015681223452051422,-0.010242389137259219,0.013378633827669503,-0.016494496254765123,0.019630740945175404
2023-07-11,0.0051274839898409,0.0010839979954552082,-0.01072295642009044,0.012890952411000856,-0.016973180540112875,0.01914117653102329
2023-07-12,0.0110698042441105,2.39692915331605e-06,-0.011831458766381534,0.011836252624688168,-0.018095923563815806,0.018100717422122437
2023-07-13,0.0104578315693146,-0.00042295198043376317,-0.012229906395979411,0.011384002435111885,-0.018480130516001846,0.01763422655513432
2023-07-14,-0.0059063695684611,-0.0007677355215932827,-0.01258371189417249,0.011048240850985925,-0.018838711949755983,0.017303240906569414
2023-07-17,0.000493679090138,-0.0006759606960031529,-0.0124829151115488,0.011130993719542496,-0.018733139231571237,0.01738121783956493
2023-07-18,0.0045290269968594,7.794060693675994e-05,-0.011729307100543722,0.011885188314417242,-0.01797968647993795,0.01813556769381147
2023-07-19,0.0112330116522161,0.0001073139368480399,-0.011699640478697608,0.011914268352393688,-0.01794986459872004,0.018164492472416124
2023-07-20,-0.0122160650024716,-0.0004452734794326457,-0.012252354781969637,0.011361807823104345,-0.01850264607190786,0.017612099113042567
2023-07-21,0.000295042596038,-0.00024827688754931276,-0.01205523130309496,0.011558677527996336,-0.018305455423117397,0.01780890164801877
2023-07-24,-0.0036436968208776,0.00038444323253750807,-0.011422531901449342,0.012191418366524358,-0.01767276698915204,0.018441653454227058
2023-07-25,-0.0018762345954872,0.0006601934694918474,-0.0111467609460538,0.012467147885037496,-0.017396985066076235,0.01871737200505993
2023-07-26,0.0009876961859774,0.0004338297507699083,-0.011373126510153006,0.012240786011692822,-0.017623351607059155,0.018491011108598972
2023-07-27,-0.0196444880288205,0.0004106001273301115,-0.011396354288215536,0.01221755454287576,-0.01764657840823797,0.018467778662898195
2023-07-28,0.0051230193708047,0.0008622220815831876,-0.01094473281298382,0.012669176976150194,-0.017194957186584845,0.01891940134975122
2023-07-31,0.0024015659838761,0.0011002962815391663,-0.010706658134006482,0.012907250697084814,-0.016956882254028915,0.01915747481710725
2023-08-01,-0.0165224321391329,0.0005747149423002175,-0.01123223953930795,0.012381669423908385,-0.017482463694301772,0.018631893578902207
2023-08-02,-0.0107569274566603,0.00048308957535078456,-0.011323864840194863,0.012290043990896433,-0.0175740889602173,0.018540268110918866
2023-08-03,-0.0233417564416729,0.0014168976922869887,-0.010390056732175499,0.013223852116749476,-0.016640280856918228,0.019474076241492205
2023-08-04,0.0175570209551768,0.0021830024609510285,-0.009623951954594619,0.013989956876496677,-0.015874176074617056,0.02024018099651911
2023-08-07,-0.0098900361639226,0.0014133301887648627,-0.010393624228523121,0.013220284606052846,-0.016643848349467895,0.01947050872699762
2023-08-08,0.0115465863914468,0.0005418742081568798,-0.011275429999742657,0.012359178416056417,-0.017531132968884925,0.018614881385198682
2023-08-09,0.0051578581677152,-0.0001973813897127929,-0.012040856422018128,0.011646093642592541,-0.01831041338874394,0.017915650609318354
2023-08-10,-0.0165998998718312,-0.00024344533671335225,-0.012060749544612889,0.011573858871186185,-0.018316452513755157,0.01782956184032845
2023-08-11,-0.0023040250406396,0.00038564493866020987,-0.011440596475309423,0.012211886352629842,-0.017701030515562745,0.018472320392883164
2023-08-14,-0.0022044179527117,0.000919360633651646,-0.01089794357424789,0.012736664841551183,-0.017153646543390157,0.01899236781069345
2023-08-15,-0.006113784699342,0.0009900899224503568,-0.01082749725544915,0.012807677100349864,-0.017083350019860954,0.019063529864761664
2023-08-16,-0.0078550281689068,0.00062377058841328,-0.011193533619486256,0.012441074796312818,-0.017449236588628524,0.018696777765455082
2023-08-17,-0.0042714655077456,0.0008526732044574409,-0.010964752624271473,0.012670099033186354,-0.017220519975591778,0.018925866384506662
2023-08-18,0.0035255850235645,0.0010195703048262055,-0.010797733903073332,0.012836874512725742,-0.017053436872215597,0.01909257748186801
2023-08-21,-0.0134200936192127,0.0006224037902343426,-0.01119492053912411,0.012439728119592795,-0.017450634159923307,0.018695441740391994
2023-08-22,0.0076445068618609,0.0006507787729398347,-0.011166525434959702,0.012468082980839372,-0.01742222840410197,0.018723785949981638
2023-08-23,0.0244756237417743,0.0005791282038973206,-0.011238177748655591,0.012396434156450233,-0.017493881641361567,0.01865213804915621
2023-08-24,-0.0066159641931962,-0.0005450394265402395,-0.012362343634439776,0.011272264781359297,-0.018618046603582045,0.017527967750501562
2023-08-25,0.003260937543561,-0.0012089922891065532,-0.013026296949621818,0.010608312371408711,-0.01928200015836438,0.016864015580151274
2023-08-28,0.0010496165291963,-0.0005178212805488768,-0.012335125488448414,0.01129948292735066,-0.01859082845759068,0.017555185896492926
2023-08-29,0.0103323494419973,5.419157923043526e-05,-0.011763112691235674,0.011871495849696543,-0.018018815693498683,0.018127198851959556
2023-08-30,-0.0010387335071891,-0.0004459887640809226,-0.01226329297198046,0.011371315443818614,-0.018518995941122725,0.017627018412960882
2023-08-31,0.0044593493749055,-0.00045739491149726836,-0.012274699127677,0.011359909304682463,-0.018530402101202537,0.017615612278207998
2023-09-01,-0.0157011292329766,-0.0003537036679307162,-0.012171007875830253,0.01146360053996882,-0.018426710844972518,0.01771930350911109
2023-09-05,-0.0141213785492188,0.00040150064208403335,-0.011415803567433599,0.012218804851601664,-0.017671506537432432,0.0184745078216005
2023-09-06,0.0024566659635433,0.001285188662051079,-0.010537111398466277,0.013107488722568434,-0.016795459012233484,0.019365836336335644
2023-09-07,0.0027695316399513,6.535233847500325e-05,-0.0117831293169655,0.011913833993915506,-0.01805533662988373,0.018186041306833736
2023-09-08,0.0038219516039774,0.0005273954133411742,-0.011294904647176182,0.01234969547385853,-0.01755325226094339,0.018608043087625738
2023-09-11,-0.0072317592248309,-0.00012349139961169436,-0.011954545898775471,0.011707563099552083,-0.01821752783242394,0.01797054503320055
2023-09-12,0.0057469703602826,0.00014361884616589758,-0.011678681214351458,0.011965918906683254,-0.017937028828118668,0.01822426652045046
2023-09-13,-0.000212562326437,0.00021674148114922553,-0.011605839878122632,0.012039322840421083,-0.017864336402455466,0.018297819364753914
2023-09-14,-0.0072435460696593,8.865245978179458e-05,-0.011733647600735562,0.01191095252029915,-0.01799199521450277,0.018169300134066358
2023-09-15,-0.0061132182096944,0.00022268066556636125,-0.01159973920336046,0.012045100534493184,-0.01785815023986856,0.018303511571001282
2023-09-18,0.005685137348288,0.0007599232842364747,-0.011062376776280882,0.01258222334475383,-0.01732072439004809,0.018840570958521038
2023-09-19,-0.007407435219298,0.0005588054377784941,-0.0112635140997919,0.012381124975348889,-0.017521872024088173,0.01863948289964516
2023-09-20,0.0031197908919171,0.00034774978109800144,-0.011474550279419354,0.012170049841615358,-0.017732897893186564,0.018428397455382564
2023-09-21,-0.0260093084895135,0.0003083072292052615,-0.011513994543269616,0.01213060900168014,-0.01777234306329239,0.018388957521702918
2023-09-22,0.0080164881603322,0.0011320948711299583,-0.010690205189387398,0.012954394931647314,-0.016948552803154604,0.019212742545414524
2023-09-25,-0.0249170422309675,0.0012495823760896975,-0.01057271812293624,0.013071882875115636,-0.01683106596883587,0.01933023072101526
2023-09-26,-0.003482225791371,0.0015372424324142464,-0.01028505762810311,0.013359542492931602,-0.016543405241870316,0.019617890106698812
2023-09-27,-0.005189642203292,0.0014934676214738232,-0.010328832499120966,0.013315767742068614,-0.01658718014469125,0.019574115387638893
2023-09-28,0.0030496859354411,0.001536647790431138,-0.010285652270086218,0.013358947850948493,-0.016543999883853425,0.019617295464715703
2023-09-29,0.0001126279832095,0.0006226945062345528,-0.011199605562283426,0.012444994574752531,-0.017457953180285906,0.018703342192755015
2023-10-02,-0.0168820512359232,0.00029915851655585256,-0.011523141543961503,0.012121458577073209,-0.017781489157728713,0.018379806190840415
2023-10-03,-0.0217462490777781,0.0006796600509248272,-0.011142640011138061,0.012501960112987716,-0.017400987625723424,0.018760307727573075
2023-10-04,0.0140092756226473,0.0017719551538411486,-0.01006315762899855,0.013607067936680848,-0.016328287888254488,0.01987219819593679
2023-10-05,-0.0049975188057093,-0.0002965698252691169,-0.01215642280048704,0.011563283149948806,-0.01843464972647803,0.017841510075939798
2023-10-06,-0.012190938371877,0.0004731394429327054,-0.011361973339906994,0.012308252225772405,-0.017627103599162933,0.018573382485028343
2023-10-09,0.0231982827741716,0.0007604935005116784,-0.011083457588724498,0.012604444589747854,-0.01735326656476676,0.018874253565790117
2023-10-10,-0.0013835382394564,0.000245854228915099,-0.0115892585539246,0.012080967011754798,-0.01785438881318054,0.018346097271010737
2023-10-11,0.0206711956786279,-0.0005908597913156115,-0.012426232051331943,0.01124451246870072,-0.018691499669507967,0.01750978008687674
2023-10-12,-0.0275024480558449,-0.0013035919903029343,-0.013138704773142634,0.010531520792536764,-0.01940383503239857,0.016796651051792705
2023-10-13,0.0177338412518686,-0.00012083356821773209,-0.011956058430054933,0.011714391293619468,-0.01822124802034823,0.017979580883912768
2023-10-16,-0.0162249186283419,0.0001478609118513016,-0.011687251870988399,0.011982973694691,-0.017952382130244336,0.01824810395394694
2023-10-17,-0.0110822140521678,0.000678420865917882,-0.011156711052167707,0.01251355278400347,-0.017421851441010938,0.0187786931728467
2023-10-18,-0.0088359583444997,0.0007365253645329498,-0.01109858741830675,0.012571638147372648,-0.017363717677562687,0.01883676840662859
2023-10-19,-0.0206862507101862,0.0016215223656737743,-0.010213591965013934,0.013456636696361483,-0.016478723043651115,0.01972176777499866
2023-10-20,0.0056623065145439,0.0017658707618788728,-0.010069242020960826,0.013600983544718573,-0.016334372280216766,0.01986611380397451
2023-10-23,0.0119418646637344,0.0014901761676049756,-0.010344937022250355,0.013325289357460307,-0.016610067496967355,0.019590419832177304
2023-10-24,0.0130904600177355,0.00034280143960552706,-0.011492311343234172,0.012177914222445227,-0.017757441602490112,0.018443044481701164
2023-10-25,-0.0225127077915928,-0.00099486852314808,-0.01282998136251838,0.010840244316222221,-0.019095111651699814,0.017105374605403654
2023-10-26,0.0152221701189683,-0.00020302181837691979,-0.012038134601216619,0.01163209096446278,-0.018303264860472557,0.01789722122371872
2023-10-27,-0.0042576451717301,0.0002799931126229346,-0.01155511967735715,0.01211510590260302,-0.017820249940392982,0.01838023616563885
2023-10-30,-0.0045141241780635,0.00021122920996121075,-0.01162388357287849,0.01204634199280091,-0.017889013832134426,0.01831147225205685
2023-10-31,-0.004893534561444,-3.188312136492758e-05,-0.01186699590561402,0.011803229662884163,-0.018132126165616047,0.01806835992288619
2023-11-01,0.0214506319144506,0.0006914322595891165,-0.011182055518173977,0.01256492003735221,-0.017467500272636244,0.018850364791814476
2023-11-02,0.0225404693839921,-0.000622692143862125,-0.012520170399338622,0.011274786111614372,-0.018818314945565795,0.017572930657841546
2023-11-03,0.0067553736096253,-0.0016217996165024937,-0.013495287394265587,0.0102516881612606,-0.019780732148727855,0.016537132915722865
2023-11-06,-0.0097472025260777,-0.0012392821756294274,-0.013122201942644088,0.010643637591385233,-0.019412639690612143,0.016934075339353285
2023-11-07,0.0146424170407441,-0.000834229682305757,-0.012707717460068851,0.011039258095457336,-0.018993162214531116,0.017324702849919604
2023-11-08,0.0168899300569358,-0.00020157154249066036,-0.01207533128332023,0.011672188198338908,-0.018360920006333405,0.017957776921352083
2023-11-09,-0.0232699168560991,-0.0010474454703527263,-0.01292093324811582,0.010826042307410367,-0.019206378002578087,0.017111487061872634
2023-11-10,0.0055849737301383,-0.0003794022565853436,-0.012253002711366964,0.011494198198196276,-0.0185385071134398,0.01777970260026911
2023-11-13,-0.002275994797093,0.0003659931859639269,-0.011507494591799167,0.01223948096372702,-0.017792939346261433,0.018524925718189287
2023-11-14,0.022414760268442,0.0007000853100626453,-0.01117342368349044,0.01257359430361573,-0.01745887966891352,0.01885905028903881
2023-11-15,-0.0141336616254331,-0.0008044260007050825,-0.012677913778468176,0.011069061777058012,-0.018963358532930442,0.017354506531520278
2023-11-16,0.0123499253598799,-0.0003633221425855485,-0.012236811556789462,0.011510167271618365,-0.01852225717753117,0.017795612892360077
2023-11-17,0.0046754570762497,-0.0004905117933843143,-0.012363999571147408,0.01138297598437878,-0.018649444325609676,0.017668420738841045
2023-11-20,0.0060898287357096,-0.0002383367025246079,-0.012111824910611363,0.011635151505562146,-0.018397269892873214,0.017920596487824
2023-11-21,-0.0004416736261595,-0.0008461677475193811,-0.012719655525282475,0.011027320030243712,-0.01900510027974474,0.01731276478470598
2023-11-22,0.0035277538441075,-0.00040858469607341617,-0.012282072537533906,0.011464903145387074,-0.01856751732571554,0.017750347933568705
2023-11-24,-0.0118447341091286,-0.00028824656743214823,-0.012161734345195243,0.011585241210330945,-0.01844717909965751,0.01787068596479321
2023-11-27,0.0165655427480124,0.0003397177391421762,-0.011533770046354764,0.012213205524639116,-0.017819214804911082,0.018498650283195438
2023-11-28,0.0019694689096097,-7.516804490947938e-05,-0.011948655822672573,0.011798319732853614,-0.01823410057713484,0.01808376448731588
2023-11-29,0.0124930035530487,-0.0003629746957752577,-0.012236462475093999,0.011510513083543485,-0.01852190723037978,0.01779595783882926
2023-11-30,-0.0116189173403237,-0.0010694332206677584,-0.012970442755401945,0.010831576314066428,-0.019270456647949446,0.017131590206613926
2023-12-01,0.0186590246932087,0.0005467720807358817,-0.011378392830369911,0.012471936991841676,-0.017691193806759056,0.018784737968230818
2023-12-04,-0.0039866828744271,-0.0005613627941447627,-0.01246237232887895,0.011339646740589423,-0.01876238622142645,0.017639660633136923
2023-12-05,0.0212579872156622,-0.0006214063963736268,-0.012532334733810786,0.011289521941063533,-0.018837599323338554,0.0175947865305913
2023-12-06,0.0132301002066485,-0.001239596676303205,-0.013140606211037392,0.010661412858430981,-0.01944062010358489,0.016961426750978482
2023-12-07,-0.0057531056503208,-0.001279381144361444,-0.01318067361605498,0.010621911327332091,-0.01948083728638136,0.016922074997658475
2023-12-08,-0.0082169162158284,-0.001200984228823111,-0.013101993763557297,0.010700025305911076,-0.019402007656104798,0.017000039198458574
2023-12-11,-0.0021180229663168,0.00011576508199945005,-0.011785361838522176,0.012016892002521075,-0.018085437871351934,0.018316968035350833
2023-12-12,0.0029635524173609,0.0007241571293313301,-0.011176852405402856,0.012625166664065516,-0.017476866297950356,0.018925180556613016
2023-12-13,0.0231915470203728,0.0004524687217047058,-0.011448563930471858,0.012353501373881269,-0.01774859006065413,0.018653527504063544
2023-12-14,0.0256801948233579,-0.0007945129879598908,-0.012695522522694076,0.011106496546774296,-0.018995536415241578,0.017406510439321794
2023-12-15,0.0011100737604008,-0.002103173844769911,-0.014004185130213443,0.009797837440673623,-0.020304199949530487,0.016097852259990667
2023-12-18,-0.0079996991434852,-0.002137231856055059,-0.014038241390789245,0.009763777678679128,-0.020338255283336746,0.016063791571226626
2023-12-19,0.0053741763430463,-0.0007703101684501125,-0.012671320170323193,0.011130699833422967,-0.018971334310159082,0.01743071397325886
2023-12-20,0.0067519505980378,5.9096509042396144e-05,-0.01184191302569179,0.011960106043776583,-0.01814192691823929,0.018260119936324083
2023-12-21,-0.0063475555696352,-0.00022009834359897645,-0.012121107949640284,0.011680911262442332,-0.01842112187993549,0.017980925192737536
2023-12-22,-0.0045593457643541,-0.0001836064638787326,-0.01208461599861292,0.011717403070855453,-0.01838462989116042,0.018017416963402953
2023-12-26,0.0028395151830745,0.0003584385012300699,-0.011542571042063037,0.012259448044523178,-0.017842584939141353,0.018559461941601494
2023-12-27,0.0175643110597195,0.0004739456866483451,-0.01142706384808584,0.012374955221382532,-0.01772707774063334,0.01867496911393003
2023-12-28,-0.0072895844954903,-0.0005027346670709798,-0.012403744203559736,0.011398274869417777,-0.018703758097036047,0.017698288762894088
2023-12-29,-0.0090607744654744,-0.0005212208911843776,-0.012440180475198613,0.011397738692829859,-0.018749696549851435,0.017707254767482677
2024-01-02,-0.0057813338479847,0.0004631334591961016,-0.011480398933566572,0.012406665851958777,-0.017802923067413216,0.01872918998580542
2024-01-03,0.0041619519290483,0.0010526163599182323,-0.010866343224096004,0.012971575943932468,-0.017175859298748822,0.01928109201858529
2024-01-04,-0.0153110889162962,0.0002900344044101048,-0.011639462764760921,0.01221953157358113,-0.017954557100038432,0.01853462590885864
2024-01-05,-0.0096118672309358,0.0008315331054503681,-0.011087426478563868,0.012750492689464604,-0.017396942553216686,0.019060008764117425
2024-01-08,0.0098175155301874,0.0011237293767105676,-0.01079551890343115,0.013042977656852285,-0.017105187804582304,0.019352646558003443
2024-01-09,-0.006396315474309,0.0009375731512417788,-0.010981386432772458,0.012856532735256014,-0.017290902507425276,0.019166048809908836
2024-01-10,-0.0046682594864114,0.0003990628419943932,-0.011520021167219936,0.012318146851208722,-0.01782960310859498,0.018627728792583766
2024-01-11,0.0055993883511342,0.0003717331737553834,-0.011547226410258852,0.01229069275776962,-0.01785674248491167,0.01860020883242244
2024-01-12,-0.0019663111341726,0.00044267776857721765,-0.011476307356154467,0.012361662893308903,-0.017785836951246397,0.018671192488400833
2024-01-16,-0.0177701415125407,0.0001781251621939275,-0.011740834421820308,0.012097084746208164,-0.01805035049647313,0.018406600820860982
2024-01-17,-0.0015829479917987,0.0007445124525017029,-0.011174448999617621,0.012663473904621025,-0.01748396606318554,0.018972990968188944
2024-01-18,-0.0093394185376262,0.001207984965595335,-0.010710974618418901,0.013126944549609571,-0.01702049069307172,0.01943646062426239
2024-01-19,0.0031938287850184,0.0013501236673615674,-0.010568836435804137,0.013269083770527271,-0.016878352785279143,0.019578600120002277
2024-01-22,0.0059339168286772,0.0006819184024862496,-0.011237041181527987,0.012600877986500485,-0.017546557256180807,0.018910394061153305
2024-01-23,-0.0079555704135999,0.0002576291806944469,-0.01166133048456874,0.012176588845957632,-0.017970846602232155,0.01848610496362105
2024-01-24,-0.0058743959274455,0.00013384390919827716,-0.011785115674815959,0.012052803493212513,-0.01809463174946878,0.018362319567865333
2024-01-25,0.0065133715102612,0.0005782898184256062,-0.011340669775179448,0.01249724941203066,-0.01765018585490934,0.018806765491760555
2024-01-26,-0.0019175292312012,0.0005275198937754295,-0.011391439690238807,0.012446479477789665,-0.017700955764891627,0.018755995552442485
2024-01-29,0.0114504944460201,0.00017935210151533612,-0.011739607484535786,0.012098311687566459,-0.01804912356026687,0.01840782776329754
2024-01-30,0.0090250731501051,-0.00039418356071512536,-0.012308528182339702,0.011520161060909452,-0.018615601243474757,0.017827234122044504
2024-01-31,0.0097726545634438,-0.00016741211995125954,-0.01210610621088784,0.011771281970985321,-0.01842606910246073,0.018091244862558212
2024-02-01,0.019426086899448,-0.0011462852427187944,-0.013060629864343372,0.010768059378905782,-0.019367702925478424,0.017075132440040837
2024-02-02,-0.0223366584786354,-0.001026195242024093,-0.01295058911268781,0.010898198628639626,-0.019262981924922255,0.01721059144087407
2024-02-05,-0.0203999392858791,-0.0004763911051654565,-0.012390735726790033,0.011437953516459121,-0.018697808787925086,0.017745026577594174
2024-02-06,0.0097261925331213,0.0012634955821506464,-0.010651129954381975,0.013178121118683269,-0.016958351722886615,0.01948534288718791
2024-02-07,-0.0048515356184035,0.0015672641158152505,-0.010347080505809327,0.013481608737439827,-0.016654153566944378,0.019788681798574882
2024-02-08,-0.0058313492456718,0.0007920028359596085,-0.011122461120403129,0.012706466792322346,-0.017429597353532632,0.019013603025451846
2024-02-09,-0.0020227142154668,0.00038292998253701947,-0.011531414639087557,0.012297274604161596,-0.01783848770022261,0.01860434766529665
2024-02-12,0.0011713057538582,0.0007560284388243608,-0.011158339735154354,0.012670396612803076,-0.01746542526415256,0.018977482141801283
2024-02-13,-0.0172831981971578,0.00048268829155608483,-0.011431656330068492,0.012397032913180662,-0.017738729391203547,0.018704105974315714
2024-02-14,0.0050761550867861,0.0008687521787642452,-0.01104559420485836,0.01278309856238685,-0.017352668198738822,0.019090172556267316
2024-02-15,0.0051580940672901,0.0008394307265738855,-0.011074913895050692,0.012753775348198462,-0.017381986956185744,0.019060848409333517
2024-02-16,-0.00580455100415,0.00042433573923188303,-0.011490009361197841,0.012338680839661609,-0.01779708267579703,0.018645754154260796
2024-02-20,0.0008621487890483,3.89322550555318e-06,-0.011910451396119024,0.01191823784713013,-0.018217524457254077,0.018225310908265183
2024-02-21,-0.0071345594073657,0.0002498523311439821,-0.01166449236348221,0.012164197025770174,-0.017971565463261983,0.018471270125549947
2024-02-22,0.0048700788449645,0.000605821957564012,-0.011308522664060565,0.012520166579188589,-0.017615595725195617,0.018827239640323644
2024-02-23,0.0132978509388637,0.00030628128467196584,-0.011608063345680113,0.012220625915024043,-0.017915136411435228,0.018527698980779158
2024-02-26,-0.0029872266098986,-0.000294232506588342,-0.01220857712821292,0.011620112115036234,-0.018515650189347973,0.017927185176171288
2024-02-27,-0.0070770916199411,-0.0005614528505585811,-0.012475797473994467,0.011352891772877306,-0.01878287053608837,0.017659964834971207
2024-02-28,0.0063287327263773,4.419266544745311e-05,-0.011878229215642081,0.011966614546536986,-0.01818957811965369,0.018277963450548596
2024-02-29,0.0070324237828434,-7.700046586365378e-05,-0.01202422613890315,0.011870225207175842,-0.018348705377229386,0.01819470444550208
2024-03-01,0.0062117764321103,-0.00020580114553067123,-0.012128223026620205,0.011716620735558863,-0.018439571930631816,0.01802796963957047
2024-03-04,-0.0040305845960815,-0.0004314169412865138,-0.012363438191029983,0.011500604308456954,-0.01867986869385075,0.01781703481127772
2024-03-05,0.0141412108994166,-0.00031037926985039675,-0.01223280115093993,0.011612042611239137,-0.01854415005495154,0.01792339151525075
2024-03-06,0.0058510211122614,-0.00041671582317088585,-0.01233942106409563,0.011505989417753859,-0.018650919969743086,0.017817488323401312
2024-03-07,-0.0009379765776456,-0.0007201324583606637,-0.012642554339450197,0.01120228942272887,-0.018953903243461807,0.01751363832674048
2024-03-08,-0.0017741664799644,-0.0006600542865248614,-0.012582594793444942,0.01126248622039522,-0.018894006494177985,0.01757389792112826
2024-03-11,-0.0005226940193242,-4.491854648836459e-05,-0.011967340427577898,0.011877503334601169,-0.018278689331589507,0.01818885223861278
2024-03-12,-0.0083962753464713,0.00021170533291961364,-0.011710738593953307,0.012134149259792533,-0.01802209916829769,0.01844550983413692
2024-03-13,-0.0048600265076648,0.0005192297466643656,-0.011403192134425168,0.012441651627753899,-0.01771454103843678,0.01875300053176551
2024-03-14,-0.015476174176352,0.0007963768691791071,-0.011126046756116312,0.012718800494474526,-0.017437396583454744,0.01903015032181296
2024-03-15,-0.0003224479057972,0.0013290911245873928,-0.01059333075650214,0.013251513005676927,-0.01690467966051375,0.019562861909688537
2024-03-18,-0.0030172860895123,0.0012186079485042615,-0.010703814393222358,0.01314103029023088,-0.017015163541080514,0.019452379438089036
2024-03-19,0.002801875839592,0.0009627822889346181,-0.010959639592154916,0.012885204170024152,-0.017270988496166526,0.019196553074035762
2024-03-20,-0.0003230683279178,0.0003379364495824925,-0.011584485499417705,0.012260358398582692,-0.017895834439379053,0.01857170733854404
2024-03-21,0.0021509280628395,0.00021622369583962443,-0.011706198185249908,0.012138645576929159,-0.01801754708926152,0.018449994480940767
2024-03-22,0.0095152603607326,2.631223664271721e-05,-0.011896109652862374,0.011948734126147807,-0.01820745856132891,0.018260083034614343
2024-03-25,-0.0050135811171117,-0.00029989826685030915,-0.012222320147939843,0.011622523614239225,-0.018533669051951453,0.017933872518250835
2024-03-26,0.0027765310759949,-0.00024294363101045439,-0.01216536551379678,0.011679478251775871,-0.018476714418706616,0.017990827156685707
2024-03-27,0.0098690893595909,-7.968790877771828e-05,-0.011990376915700304,0.011831001098144868,-0.018295514811306656,0.01813613899375122
2024-03-28,-0.0008451921082799,-0.0001911760993650695,-0.012126084521149718,0.011743732322419579,-0.01844404340052682,0.01806169120179668
2024-04-01,-0.0188169811450123,-0.00045078565258822325,-0.01236147465951081,0.011459903354334363,-0.01866661255511716,0.017765041249940716
2024-04-02,-0.0055258461310922,0.000847147913087772,-0.01107290228346214,0.012767198109637683,-0.017382995693517145,0.019077291519692688
2024-04-03,-0.0002171592991581,0.0013041431044533798,-0.010606545902469205,0.013214832111375967,-0.016911683798075557,0.01951997000698232
2024-04-04,0.0071465634670439,0.0011769586246445432,-0.010734000909626862,0.013087918158915949,-0.017039282013761106,0.019393199263050193
2024-04-05,-0.0140165395447387,0.00020212596359056028,-0.011708563043332025,0.012112814970513147,-0.01801370093893838,0.018417952866119497
2024-04-08,-0.0001093007267503,0.0003420281530842727,-0.011568773928047137,0.01225283023421568,-0.017873971681523902,0.018558027987692446
2024-04-09,0.009258671038879,0.0006543979229585976,-0.011256291083963988,0.012565086929881184,-0.017561428979570342,0.018870224825487534
2024-04-10,-0.0220342712149457,0.00032917889449187614,-0.01158153102713477,0.01223988881611852,-0.017886679994316666,0.018545037783300418
2024-04-11,-0.0045547824308623,0.0005533324735366475,-0.011357356533385939,0.012464021480459234,-0.01766249442899229,0.018769159376065585
2024-04-12,0.0053302919926892,0.0011389048447450994,-0.010771785788243764,0.013049595477733964,-0.01707692454463761,0.01935473423412781
2024-04-15,-0.0156273010940005,0.0010343251485252169,-0.010876363858397369,0.012945014155447803,-0.017181501754003722,0.019250152051054154
2024-04-16,-0.0066593229842422,0.0007272536429294273,-0.01118343579206229,0.012637943077921144,-0.017488573914274753,0.018943081200133605
2024-04-17,0.0110375949008069,0.00109733726705722,-0.010813351739865366,0.013008026273979807,-0.017118489635471718,0.01931316416958616
2024-04-18,-0.0050530839102781,0.0007290751199473361,-0.011181613949586805,0.012639764189481477,-0.017486751878337713,0.018944902118232385
2024-04-19,0.003595757877155,0.00011310425897517019,-0.011797584747947416,0.012023793265897757,-0.018102722643553767,0.01832893116150411
2024-04-22,-0.0016839802091457,-6.016450238143154e-05,-0.011970853516959456,0.011850524512196594,-0.018275991416618356,0.01815566241185549
2024-04-23,0.0003371902932858,0.00022579323658988818,-0.011684895770332698,0.012136482243512475,-0.01799003366593905,0.018441620139118826
2024-04-24,-0.0071013322610484,8.714086138429883e-05,-0.011823548147074084,0.01199782986984268,-0.018128686043493436,0.018302967766262036
2024-04-25,-0.0070386088822071,0.00043957062647199464,-0.011472737047662088,0.012351878300606077,-0.01777873181393055,0.018657873066874543
2024-04-26,0.0052269523123927,0.0003633592423447761,-0.011573047215394067,0.01229976570008362,-0.01789179910710306,0.018618517591792613
2024-04-29,0.0083509418269862,0.000581428388819661,-0.011330879285314422,0.012493736062953743,-0.017636874051582884,0.01879973082922221
2024-04-30,-0.0085777353752035,-0.0004303804324585041,-0.012351194269808609,0.0114904334048916,-0.018661691926884515,0.017800931061967507
2024-05-01,0.0073440298520793,-0.00011142468442654929,-0.012023732358560631,0.011800882989707533,-0.018329727124829095,0.018106877755975997
2024-05-02,0.0042816104322178,2.4408250332757847e-06,-0.01191012981776815,0.011915011467834701,-0.018216263791240233,0.018221145441306787
2024-05-03,0.0100682640845529,-0.0001373172040439087,-0.01204962487817799,0.011774990470090174,-0.018355619644446455,0.01808098523635864
2024-05-06,0.0038878768311267,-0.0006954548971870884,-0.012607867703692582,0.011216957909318405,-0.018913918123676682,0.01752300832930251
2024-05-07,0.006080117807681,-0.0007202626552455173,-0.0126325703293796,0.011192045018888565,-0.018938565095648063,0.01749803978515703
2024-05-08,-0.006080117807681,-0.0007239798422620201,-0.012636305460398616,0.011188345775874575,-0.018942309725648223,0.017494350041124183
2024-05-09,0.00486712086986,-0.00018211050581456556,-0.012094418179948647,0.011730197168319518,-0.018400412946217113,0.01803619193458798
2024-05-10,-0.0056430670007085,-1.8559375322342564e-05,-0.011930868533891888,0.011893749783247204,-0.018236864085973022,0.018199745335328334
2024-05-13,0.0025488573466227,0.00025436276676217703,-0.011657944907371905,0.01216667044089626,-0.01796393967364037,0.018472665207164722
2024-05-14,0.00562883305667,0.00015642086381472374,-0.011755887179115567,0.012068728906745015,-0.018061882140612953,0.018374723868242404
2024-05-15,0.0135550760711952,-1.191811242619138e-05,-0.011924225786560274,0.011900389561707891,-0.01823022055282874,0.018206384327976353
2024-05-16,-0.0009775270796499,-0.0007451815359234524,-0.012657489261630671,0.011167126189783766,-0.01896348405520031,0.017473120983353404
2024-05-17,-0.0067612893217831,-0.000751668191832325,-0.012663975865966407,0.011160639482301758,-0.01896997063223487,0.01746663424857022
2024-05-20,-0.0029588344293054,-9.775119741154857e-05,-0.012010058878047932,0.011814556483224834,-0.01831605364775851,0.01812055125293541
2024-05-21,0.0051446329687929,0.0005462801051253118,-0.011366027569008771,0.012458587779259393,-0.017672022335277236,0.018764582545527857
2024-05-22,0.0012004705601232,0.0002992860014064283,-0.011613021673964932,0.012211593676777788,-0.01791901644088837,0.01851758844370123
2024-05-23,-0.0064548884668497,-4.232142081573453e-05,-0.01194213510578512,0.011857492264153651,-0.018241515953706475,0.018156873112075006
2024-05-24,0.0029591588024187,0.00035034297068633146,-0.01157370013930142,0.012274386080674084,-0.017885907270050183,0.018586593211422843
2024-05-28,-0.0144396287871623,0.00032505006042147247,-0.011574763624547913,0.012224863745390857,-0.017874144472469267,0.018524244593312214
2024-05-29,-0.0121755559478114,0.0004982970509504844,-0.01141015660757352,0.01240675070947449,-0.017714111181216755,0.018710705283117725
2024-05-30,0.0096187645264608,0.00127772803368218,-0.010622085651287205,0.013177541718651566,-0.01692146649920856,0.01947692256657292
2024-05-31,0.0067670469784003,0.0009687102508009626,-0.010931369047767968,0.012868789549369894,-0.017230890503035473,0.019168311004637395
2024-06-03,0.0160450205951653,-7.523684187204748e-05,-0.011975050526841433,0.011824576843097338,-0.018274431374762787,0.018123957691018693
2024-06-04,0.0116134605318156,-0.0011086395598284,-0.013008560392364742,0.010791281272707941,-0.01930799796078182,0.017090718841125018
2024-06-05,0.0073111130268194,-0.0013703378717692368,-0.013270151556738621,0.01052947581320015,-0.019569532404659976,0.016828856661121504
2024-06-06,-0.0015008736032315,-0.001420552135330133,-0.013320384272718212,0.010479280002057946,-0.01961977488875998,0.01677867061809971
2024-06-07,-0.018515843935378,-0.0007447315525455755,-0.012644545237514961,0.01115508213242381,-0.018943926085436318,0.017454462980345163
2024-06-10,-0.006689063502491,0.0005044163551427666,-0.011395398850131102,0.012404231560416635,-0.017694780502853037,0.01870361321313857
2024-06-11,0.0102890866310692,0.0013166787660668525,-0.010583134918902533,0.013216492451036238,-0.016882515766823886,0.019515873298957594
2024-06-12,0.0074857647738938,0.0007721689406441796,-0.011127645125631403,0.012671983006919761,-0.017427026175404065,0.018971364056692426
2024-06-13,0.0145923457804875,-0.00033815871367189694,-0.012237972398641283,0.011561654971297488,-0.018537353246562638,0.017861035819218843
2024-06-14,0.0083801312632037,-0.001077779989877078,-0.012977593728465495,0.010822033748711338,-0.019276974604771048,0.017121414625016894
2024-06-17,-0.009978966081581,-0.0012210729535840482,-0.013120886638553434,0.010678740731385337,-0.01942026748647479,0.01697812157930669
2024-06-18,0.0091333237184312,-0.0005378983411214088,-0.012437712032848975,0.011361915350606157,-0.018737092884347894,0.01766129620210508
2024-06-20,-0.0066825411820523,-0.00010320615722547805,-0.012003019842194863,0.011796607527743908,-0.018302400690116218,0.018095988375665263
2024-06-21,0.0,0.000176164215121251,-0.01172364947114468,0.01207597790138718,-0.018023030319752383,0.018375358749994884
2024-06-24,0.0040361722853238,0.0001388102449799403,-0.01176557687515117,0.012043197365111051,-0.01806737875340373,0.018344999243363608
2024-06-25,0.0016943504798689,9.554428699999298e-06,-0.011919480656336818,0.011938589513736816,-0.018234330379049608,0.01825343923644961
2024-06-26,-0.0143885307459621,-0.00011177508874296471,-0.012016162208874075,0.011792612031388146,-0.018317964087126635,0.018094413909640703
2024-06-27,0.0039639031379815,0.0005452568970872592,-0.011368239496553407,0.012458753290727926,-0.01767486353291732,0.01876537732709184
2024-06-28,-0.0187807771922309,0.0006914081897441603,-0.01121297893038695,0.012595795309875271,-0.01751478080863951,0.018897597188127828
2024-07-01,-0.0174094351185955,0.0011692072876378769,-0.010735449821021816,0.01307386439629757,-0.01703739462256806,0.019375809197843815
2024-07-02,0.0077553189574338,0.0016797234945855372,-0.010224663625545574,0.013584110614716647,-0.016526465503798132,0.019885912492969206
2024-07-03,0.0130477564135895,0.0014962383049884546,-0.010408262320590098,0.013400738930567008,-0.016710124284997,0.01970260089497391
2024-07-05,0.0082447067770521,6.337972969173427e-05,-0.011841007390439376,0.011967766849822845,-0.018142809268691936,0.018269568728075402
2024-07-08,0.0021583532825549,-0.0009667489998290139,-0.012871156238124409,0.01093765823846638,-0.019172968766289825,0.017239470766631796
2024-07-09,-0.0044296846212507,-0.0008032900733328644,-0.012707677193463975,0.011101097046798247,-0.019009479071716535,0.017402898925050803
2024-07-10,0.0031352494372607,-0.0001930052994583665,-0.012097394034918536,0.011711383436001805,-0.01839919676827465,0.018013186169357914
2024-07-11,0.0096681487968176,9.214382587650956e-05,-0.011812243294254602,0.01199653094600762,-0.01811404517250716,0.018298332824260178
2024-07-12,0.0042671522057031,-0.0002582369575490634,-0.01216262449916575,0.011646150584067625,-0.018464426600539298,0.017947952685441172
2024-07-15,-0.0115632571543244,-0.0006373750363106817,-0.012541762156441792,0.01126701208382043,-0.01884356403469435,0.017568813962072986
2024-07-16,0.0140087410763053,-4.260435435925986e-05,-0.0119469915346319,0.011861782825913379,-0.01824879344472146,0.018163584736002943
2024-07-17,0.0002121604293964,3.298454142265322e-05,-0.011871402578708458,0.011937371661553764,-0.018173204456961016,0.018239173539806322
2024-07-18,-0.0076733756585984,-0.00020943635378747462,-0.012113823481441627,0.011694950773866676,-0.018415625363676642,0.01799675265610169
2024-07-19,-0.0059015881368172,-0.00010131482711821181,-0.012005701947249323,0.011803072293012898,-0.01830750382550188,0.018104874171265457
2024-07-22,-0.0029098342504248,0.0007212077340632786,-0.011183179387557274,0.012625594855683831,-0.017484981266598296,0.01892739673472485
2024-07-23,-0.0014043487738135,0.0008245453634381438,-0.011080306905987271,0.012729397632863558,-0.01738235501940229,0.019031445746278578
2024-07-24,-0.0108671029148344,0.00018056274856637316,-0.011749292656215639,0.012110418153348384,-0.018064576629970408,0.018425702127103157
2024-07-25,0.0081614228196642,0.0007816367255857408,-0.011123215543839673,0.012686488995011156,-0.017425263657254695,0.018988537108426174
2024-07-26,0.0077729595201816,0.0004339658445768907,-0.011479970827762942,0.012347902516916724,-0.01778682793359153,0.018654759622745307
2024-07-29,0.0053625037763965,-0.00010427457856226105,-0.012009126847987675,0.011800577690863154,-0.018311174961402697,0.018102625804278172
2024-07-30,0.0038432705384035,-0.000764739437863825,-0.012669864707792973,0.011140385832065322,-0.018972057338945008,0.017442578463217357
2024-07-31,0.0101768880135016,-0.0005675624762834705,-0.012472414745708885,0.011337289793141945,-0.018774462859123906,0.017639337906556963
2024-08-01,0.008588068545544,-0.0006615967023730252,-0.012566564330960704,0.011243370926214654,-0.018868673511827416,0.017545480107081367
2024-08-02,0.0306859307352148,-0.0009151413416043988,-0.012819993611029814,0.010989710927821016,-0.019122041724444833,0.017291759041236036
2024-08-05,0.0052770531654373,-0.0018299647478552466,-0.013734837154286106,0.010074907658575613,-0.02003689592758789,0.016376966431877398
2024-08-06,-0.022622773083183,-0.0020923832599380673,-0.013997235529363482,0.009812469009487347,-0.020299283642778502,0.016114517122902367
2024-08-07,-0.007064673758907,-0.0006195305551964601,-0.012524384468184739,0.011285323357791819,-0.01882643345164938,0.017587372341256464
2024-08-08,-0.0061707684550896,0.0011789365581321549,-0.01072591571129326,0.01308378882755757,-0.01702796382470828,0.019385836940972588
2024-08-09,0.009813386383112,0.0014523718038552274,-0.010452480894011717,0.013357224501722173,-0.016754529234229983,0.019659272841940436
2024-08-12,0.0036293974054006,0.00044592509254220443,-0.01145892717688321,0.01235077736196762,-0.01776097529029823,0.018652825475382637
2024-08-13,0.0069111855726538,-0.00015613387443202557,-0.01206098620453794,0.011748718455673888,-0.018363034350075275,0.018050766601211223
2024-08-14,0.0062507762815162,-0.0005780299477641652,-0.01248288221718958,0.01132682232166125,-0.0187849303306046,0.017628870435076268
2024-08-15,-0.0081029181950884,-0.0005891952983831114,-0.012494047575492537,0.011315656978726316,-0.018796095692975225,0.017617705096209003
2024-08-16,0.003495578100907,-0.00020673309968612032,-0.012111585369111536,0.011698119169739294,-0.018413633482526556,0.018000167283154313
2024-08-19,0.0046073400941815,0.00015288967726774096,-0.011751962593674843,0.012057741948210327,-0.018054010707893003,0.018359790062428487
2024-08-20,0.0079365044280642,6.980535768008053e-05,-0.011843190970497632,0.011982801685857794,-0.01814955028819591,0.018289161003556067
2024-08-21,0.0006080456286072,-8.965254676588668e-05,-0.012027968663179464,0.01184866356964769,-0.018347731467126253,0.018168426373594483
2024-08-22,-0.0099757529903564,-0.00046418518510181657,-0.01237718151327953,0.011448811143075896,-0.018683540830977806,0.01775517046077417
2024-08-23,0.0065261751868487,0.0004369904129341559,-0.011485314935371384,0.012359295761239696,-0.017796602150653484,0.0186705829765218
2024-08-26,-0.0025443244866533,0.000385914706062099,-0.011527081622115614,0.012298911034239812,-0.01783344093981389,0.018605270351938086
2024-08-27,-0.0017337957744428,0.0002886235031582962,-0.01162464521993573,0.012201892226252323,-0.01793114873479241,0.018508395741108997
2024-08-28,-0.0012254031732486,0.00013372836473055845,-0.011779267963447155,0.01204672469290827,-0.01808562728114543,0.018353084010606546
2024-08-29,-0.0032756880983463,0.00036182867290391935,-0.011551286671751398,0.012274944017559238,-0.017857708992967163,0.018581366338775
2024-08-30,-0.0107208095495616,0.0004088648831587818,-0.01150413144501893,0.012321861211336495,-0.017810490762717207,0.01862822052903477
2024-09-03,0.0162230243989105,0.0007658686592939827,-0.011147148576670672,0.012678885895258639,-0.01745351896228279,0.018985256280870756
2024-09-04,0.0128077437507331,0.0003363324425510203,-0.011576663885626693,0.012249328770728733,-0.017883023203324966,0.01855568808842701
2024-09-05,0.005640052025431,-0.0006873079799342404,-0.01260030598885745,0.011225690028988967,-0.01890666619628864,0.01753205023642016
2024-09-06,-0.0001005433346297,-0.00127616338031314,-0.013189159708490853,0.010636832947864572,-0.019495519026189127,0.01694319226556285
2024-09-09,0.004309702801626,-0.0006749834433793148,-0.012587980221657137,0.011238013334898508,-0.01889433977762402,0.017544372890865387
2024-09-10,0.0069764826510989,-0.00031277533989416224,-0.012225771668071875,0.01160022098828355,-0.01853213098577015,0.017906580305981825
2024-09-11,-0.0007950290084397,-0.00040523315375978427,-0.012318229545706709,0.01150776323818714,-0.018624588897162363,0.017814122589642795
2024-09-12,-0.0046823844950861,-0.00040353638129906255,-0.012316532709476776,0.01150945994687865,-0.01862289202717505,0.017815819264576926
2024-09-13,0.0026927717499506,4.6290613644438505e-05,-0.011866705722585053,0.011959286949873929,-0.01817306504454568,0.018265646271834555
2024-09-16,0.0091206952030038,0.0002918383098445966,-0.011621158018333116,0.01220483463802231,-0.01792751733603139,0.018511193955720585
2024-09-17,-0.0048475598002307,-0.00013930061964127167,-0.012052296949438697,0.011773695710156152,-0.01835865626799439,0.01808005502871185
2024-09-18,-0.0124734063079205,-0.0002518472177292319,-0.01215474028266326,0.011651045847204796,-0.018455751255869457,0.01795205682041099
2024-09-19,-0.0033189213845066,0.0005226352596213893,-0.011405725928699975,0.012450996447942753,-0.017720218912040602,0.018765489431283384
2024-09-20,-0.003835715423464,0.0010881463462749448,-0.010814746718659084,0.012991039411208972,-0.01711575769186528,0.019292050384415168
2024-09-23,-0.0021261555030078,0.00045381847315926094,-0.01145836621375571,0.012366003160074234,-0.01776429587452311,0.01867193282084163
2024-09-24,-0.0002025187482157,0.0006473564437514014,-0.011255536621182626,0.01255024950868543,-0.01755654759438882,0.018851260481891625
2024-09-25,-0.0083470167075912,0.00043714928553732595,-0.011466017352087536,0.012340315923162188,-0.0177671731459283,0.018641471717002957
2024-09-26,0.0023480041896303,0.0005999668943547568,-0.01130292617057927,0.012502859959288785,-0.017603937143785466,0.01880387093249498
2024-09-27,0.0051877014608898,0.0005561528081294378,-0.011346860104424861,0.012459165720683736,-0.017647934521128894,0.018760240137387772
2024-09-30,-0.0047798537687139,0.00022121249693958023,-0.011681680567994448,0.012124105561873608,-0.017982691541200642,0.018425116535079805
2024-10-01,0.0071941882103492,2.502226055842296e-06,-0.01190041174522919,0.011905416197340875,-0.01820143378558909,0.018206438237700774
2024-10-02,-0.0084629205577992,7.830300765072662e-06,-0.011895062764168955,0.011910723365699101,-0.01819607373737515,0.018211734338905296
2024-10-03,-0.0094652157299677,0.00023165939419566444,-0.011671235364110936,0.012134554152502265,-0.01797224723373442,0.01843556602212575
2024-10-04,-0.0123770801506486,0.0006612207932957282,-0.0112416722716383,0.012564113858229756,-0.017542683244844495,0.018865124831435952
2024-10-07,-0.0075639284456797,0.0013955355185748112,-0.01050735799973176,0.013298429036881382,-0.01680836921293888,0.0195994402500885
2024-10-08,0.0016859191399926,0.0014815214435827302,-0.010421371621351297,0.013384414508516759,-0.016722382594557494,0.019685425481722953
2024-10-09,-0.0057013625934434,0.001080716296231914,-0.01082217683271259,0.012983609425176419,-0.017123187839803884,0.01928462043226771
2024-10-10,-0.0039249605638374,0.0006858204889668048,-0.011217072575967223,0.012588713553900833,-0.01751808354917342,0.018889724527107028
2024-10-11,-0.0040471731722089,0.0006526850599561705,-0.011250208013106822,0.012555578133019163,-0.01755121899061623,0.018856589110528572
2024-10-14,0.0007465542318169,0.0007915344983460427,-0.011111358566587985,0.012694427563280071,-0.017412369539794182,0.018995438536486265
2024-10-15,0.012084508769036,0.0005630330865059788,-0.011339859980061394,0.012465926153073351,-0.017640870954132224,0.018766937127144185
2024-10-16,0.0042054280566835,-7.047794222131849e-05,-0.01196355765571784,0.011822601771275205,-0.01825937375447172,0.018118417870029085
2024-10-17,-0.0159698837322347,2.0023856393761957e-05,-0.011898015448680715,0.01193806316146824,-0.01820704435709032,0.018247092069877846
2024-10-18,0.0007460179403257,3.5304929954381892e-06,-0.011889549220501085,0.01189661020649196,-0.018185365319254965,0.01819242630524584
2024-10-21,-0.0176254185428313,0.0009501121109549418,-0.010952038876527743,0.012852263098437625,-0.01725265701766039,0.019152881239570277
2024-10-22,0.0009752560666109,0.001240912268312265,-0.010652167445184258,0.013133991981808788,-0.016947983543938137,0.019429808080562667
2024-10-23,-0.002711582582816,0.0010242243543018468,-0.01086911585554781,0.012917564564151504,-0.017165069852741223,0.019213518561344914
2024-10-24,0.0063879460594391,0.0009266843852815318,-0.010966395328214992,0.012819764098778054,-0.01726221142696887,0.019115580197531935
2024-10-25,-0.0056279157079578,0.0001409612795064951,-0.011752233249969705,0.012034155808982695,-0.01804811012863179,0.01833003268764478
2024-10-28,-0.002716798462281,0.00017497243787609025,-0.011718107275620433,0.012068052151372613,-0.01801392337437431,0.018363868250126494
2024-10-29,0.0015220166668949,0.00030478742538036217,-0.011588312147203008,0.012197886997963732,-0.017884138758722436,0.018493713609483164
2024-10-30,0.0029299660808491,0.00045521131027727194,-0.011437868403219252,0.012348291023773795,-0.01773368450197313,0.018644107122527676
2024-10-31,0.0016237256272406,9.327228296002113e-05,-0.011799809010757634,0.011986353576677678,-0.018095625946030054,0.018282170511950097
2024-11-01,-0.0141986650475197,-8.34776314588994e-05,-0.011976557344955422,0.011809602082037624,-0.018272373443709303,0.0181054181807915
2024-11-04,0.0154025708354224,0.000426735374667874,-0.011466344762505793,0.012319815511841541,-0.017762161085540806,0.018615631834876554
2024-11-05,0.0052974531126624,0.00033288646641603113,-0.011560193247080491,0.012225966179912555,-0.01785600934583437,0.018521782278666434
2024-11-06,-0.0277703966090565,-0.00030374803769898093,-0.01219682781034662,0.011589331734948659,-0.018492643940413212,0.017885147865015247
2024-11-07,0.0124500080726189,0.0002386021819040953,-0.011654477531592428,0.012131681895400618,-0.017950293630346306,0.0184274979941545
2024-11-08,0.0126211913703595,0.0009967765635638041,-0.010896303157355883,0.012889856284483492,-0.01719211926003935,0.01918567238716696
2024-11-11,-0.0048774127654522,9.760480098667236e-05,-0.011795474912509851,0.011990684514483195,-0.01809129101126373,0.018286500613237076
2024-11-12,-0.0151069812843451,-0.0007410731284582632,-0.01263415284344214,0.011152006586525614,-0.018929968942983377,0.01744782268606685
2024-11-13,-0.0095312417816861,0.00047858454532920096,-0.011423870532808286,0.012381039623466688,-0.017724649649809767,0.018681818740468172
2024-11-14,0.0057741125623367,0.00041720536773546976,-0.011511048496978232,0.01234545923244917,-0.01782548466663282,0.018659895402103763
2024-11-15,-0.0026607637180399,0.0010154819393631289,-0.010886973138774358,0.012917937017500616,-0.017187752255775842,0.019218716134502097
2024-11-18,0.0017744198167249,-8.593957417137954e-05,-0.011997098009881153,0.011825218861538395,-0.018302484406076656,0.018130605257733894
2024-11-19,0.0050845564702325,0.0001291316270938269,-0.01177332345104366,0.012031586705231315,-0.018074102568045144,0.018332365822232796
2024-11-20,-0.0032023827139246,-2.2911671654262018e-05,-0.011925642435207119,0.011879819091898594,-0.018226567491251983,0.01818074414794346
2024-11-21,-0.0007746574424987,-7.949280710548842e-05,-0.011981947885242976,0.011822962271031998,-0.018282727002244457,0.018123741388033483
2024-11-22,0.0005532985241195,0.00014615502415117252,-0.01175641639799577,0.012048726446298116,-0.01805725710379556,0.018349567152097904
2024-11-25,0.0255587492178779,0.0002629814051482678,-0.011639473672989219,0.012165436483285755,-0.0179402527899907,0.018466215600287238
2024-11-26,-0.0038899809921287,-0.0007209403768232477,-0.012623414490639025,0.01118153373699253,-0.0189242036845199,0.0174823229308734
2024-11-27,0.0069046697294034,-0.0011447897920087498,-0.013047244870146238,0.010757665286128737,-0.01934802398714772,0.01705844440313022
2024-11-29,0.0102686877790065,-0.0008397498407494385,-0.012742206565486731,0.011062706883987855,-0.019042986554145498,0.01736348687264662
2024-12-02,0.0023997025037362,-0.0005723791917895881,-0.012474834269927074,0.0113300758863479,-0.01877561338692856,0.01763085500334938
2024-12-03,-0.00866623864107,-0.0008490067920031196,-0.012751462289918587,0.011053448705912346,-0.019052241629137108,0.01735422804513087
2024-12-04,0.010688241952901,-0.0001505485558590956,-0.012053003633996582,0.011751906522278392,-0.018353782750998065,0.018052685639279874
2024-12-05,0.0020180085511489,8.271116812631692e-05,-0.01181974396754803,0.011985166303800665,-0.018120523115007687,0.018285945451260322
2024-12-06,0.0014842488077001,-0.0002535300137141881,-0.012155985091851675,0.0116489250644233,-0.018456764208853157,0.017949704181424782
2024-12-09,-0.0092597673050979,-0.0004075373468537756,-0.01230999243255403,0.011494917738846477,-0.018610771553558995,0.017795696859851447
2024-12-10,-0.0047160342288758,0.0002666007635762441,-0.011635854314561243,0.012169055841713732,-0.017936633431562727,0.018469834958715212
2024-12-11,-0.0094993204589898,0.0007152189710202415,-0.011187236108573433,0.012617674050613916,-0.017488015226345778,0.018918453168386258
2024-12-12,-0.0122217462907447,0.0010448811627341767,-0.010853260599526003,0.012943022924994356,-0.017151756385027694,0.01924151871049605
2024-12-13,-0.0102633519837936,0.0004993224011647269,-0.011424250802689039,0.012422895605018492,-0.017736209180156517,0.01873485398248597
2024-12-16,0.0029907741010908,0.0015801201454320043,-0.010318021616828175,0.013478261907692184,-0.016616517402329868,0.019776757693193876
2024-12-17,0.0024298962923302,0.0005943993273450326,-0.011312346591419825,0.01250114524610989,-0.017615397142242466,0.01880419579693253
2024-12-18,-0.012583005178139,0.0004093353327437066,-0.011488806429516473,0.012307477095003886,-0.017787302215018164,0.01860597288050558
2024-12-19,-0.0152571367065461,0.00032372042791182414,-0.011574689732852125,0.012222130588675773,-0.01787332759993921,0.018520768455762858
2024-12-20,0.0056778407636325,0.0013113488005387895,-0.01058679296172139,0.01320949056279897,-0.016885288747223084,0.01950798634830066
2024-12-23,-0.0092144048699959,0.001251787055571969,-0.010646468026747395,0.013150042137891334,-0.016945023800264816,0.019448597911408752
2024-12-24,0.0042195621111945,0.0007872481826595816,-0.011110893579600599,0.01268538994491976,-0.01740938936510229,0.018983885730421455
2024-12-26,-0.0005690259804982,0.0004278999681799352,-0.011470260333242513,0.012326060269602382,-0.017768765932783887,0.018624565869143756
2024-12-27,-0.0082325497885303,0.00034041066642407193,-0.011557731095836108,0.012238552428684251,-0.0178562268813378,0.018537048214185944
2024-12-30,0.0080046841613575,0.0003492597540398908,-0.011548883591674296,0.012247403099754077,-0.017847380215405904,0.018545899723485686
2024-12-31,-0.0053673168400982,0.00036903640017529687,-0.011529105362084882,0.012267178162435477,-0.017827601147586577,0.018565673947937168
2025-01-02,0.0027442690225763,0.00020275376079957293,-0.011695388405177814,0.01210089592677696,-0.017993884404394485,0.01839939192599363
2025-01-03,-0.0032025181887981,9.238076255285809e-05,-0.01180576099970732,0.011990522524813038,-0.018104256785209015,0.01828901831031473
2025-01-06,-0.0044776989204427,0.0003026024520355228,-0.011595539365361066,0.012200744269432112,-0.01789403518005021,0.018499240084121255
2025-01-07,-0.0113417003241575,0.00038191219174631266,-0.011516229570513866,0.012280053954006493,-0.01781472535601556,0.018578549739508184
2025-01-08,0.001279589988903,0.0008936463200574605,-0.011004495449386014,0.012791788089500936,-0.01730299123869031,0.019090283878805233
2025-01-10,-0.0066475517440386,0.0009109310554446092,-0.01098721070681557,0.012809072817704789,-0.01728570649231726,0.019107568603206483
2025-01-13,-0.0003513059223099,0.0007660076180436755,-0.011132134145597853,0.012664149381685206,-0.017430629931830786,0.018962645167918134
2025-01-14,-0.0016401831534925,0.0005352481056466106,-0.011356668374763594,0.012427164586056813,-0.017651868695117943,0.018722364906411167
2025-01-15,0.0170887361371445,0.00016854108588209947,-0.011747721942955505,0.012084804114719704,-0.018055810547524784,0.01839289271928898
2025-01-16,0.003222142127742,-0.0002795685985543809,-0.012171485078964584,0.011612347881855823,-0.018466685399318936,0.017907548202210175
2025-01-17,0.001721659466295,-0.000865370437685973,-0.012765366660830528,0.011034625785458581,-0.019064844138624845,0.017334103263252902
2025-01-21,0.0089063076476625,-0.0007014579433950105,-0.012593374423805214,0.011190458537015193,-0.018888574744159566,0.017485658857369545
2025-01-22,-0.0052428157318314,-0.00036928905282972304,-0.012261451268972934,0.011522873163313487,-0.018556781673966516,0.017818203568307073
2025-01-23,-0.0078008534494275,-0.00031477987306874984,-0.012206696353478954,0.011577136607341453,-0.018501896673833305,0.017872336927695805
2025-01-24,0.0044813932313465,0.0003370479596138884,-0.01155497094275481,0.012229066861982586,-0.01785022548201887,0.018524321401246647
2025-01-27,0.0117398961866068,0.0005325167691373805,-0.011359399711272823,0.012424433249547584,-0.017654600031627176,0.018719633569901934
2025-01-28,-0.0006798740934594,-0.00021706894547523164,-0.012109001797172577,0.011674863906222114,-0.01840421078396284,0.01797007289301238
2025-01-29,-0.0020432208103998,-0.0005972601862499666,-0.012489176666660171,0.011294656294160236,-0.01878437698701452,0.01758985661451459
2025-01-30,0.0037424489922079,-0.00017883918399151893,-0.01207075703533958,0.011713078667356543,-0.018365958081424594,0.018008279713441554
2025-01-31,-0.0065870163410023,7.883314940079082e-05,-0.011813083331009413,0.011970749629810994,-0.018108283651363764,0.018265949950165346
2025-02-03,0.0081090217742242,0.00017770413250391072,-0.011714212691188847,0.01206962095619667,-0.018009413193266006,0.01836482145827383
2025-02-04,0.0030578800544254,7.630090302613016e-05,-0.011815615577384073,0.011968217383436335,-0.018110815897738424,0.018263417703790686
2025-02-05,0.0163754895273486,-0.0001784212925683316,-0.01207033781882174,0.011713495233685076,-0.018365538163444016,0.01800869557830735
2025-02-06,-0.0004451257558185,-0.0008491404967169033,-0.012741056977127107,0.0110427759836933,-0.019036257297481457,0.017337976304047653
2025-02-07,-0.0064762407682095,-0.0008672533984997286,-0.012759169884772324,0.011024663087772868,-0.019054370208230035,0.01731986341123058
2025-02-10,-0.00302906308557,-0.0002688701880213412,-0.012160786668431544,0.011623046292388863,-0.018455986988785898,0.017918246612743213
2025-02-11,-0.0064250599177502,0.0004901981363609781,-0.011401718345154242,0.0123821146178762,-0.017696918666093554,0.018677314938815512
2025-02-12,-0.0136629657983915,0.0006851875085773244,-0.011198387314194867,0.012568762331349516,-0.01748917182773443,0.018859546844889077
2025-02-13,0.016485999673189,0.0005256911383852129,-0.011382430078232118,0.012433812355002544,-0.01768620866776036,0.018737590944530782
2025-02-14,0.0052859216464471,0.0006079622548897914,-0.0112756125678824,0.012491537077661983,-0.017566397081421964,0.018782321591201544
2025-02-18,-0.0118477975696594,-0.000890367674047575,-0.012782175254844454,0.011001439906749306,-0.019077317927225765,0.017296582579130616
2025-02-19,0.0012478647643997,-0.00026452151945513265,-0.012148096342227323,0.01161905330331706,-0.018438880855766886,0.017909837816856622
2025-02-20,0.0037339171047896,0.0005382084474689833,-0.011345615702695148,0.012422032597633116,-0.017636532202183332,0.0187129490971213
2025-02-21,0.0120126789924271,0.00032454202058639683,-0.011559032802185796,0.012208116843358588,-0.017849817315725356,0.01849890135689815
2025-02-24,0.0028974215929044,-0.0004416107919122007,-0.012325290597166746,0.011442069013342344,-0.01861613068507547,0.017732909101251068
2025-02-25,0.0171000215855122,-0.0007114381782797522,-0.012595013001051944,0.01117213664449244,-0.018885797514591508,0.017462921158032
2025-02-26,0.0058893247275486,-0.0010441789508638228,-0.012927770708882241,0.010839412807154595,-0.01921856418739962,0.017130206285671978
2025-02-27,-0.0070934347075278,-0.0011564244718712232,-0.013039999294643414,0.01072715035090097,-0.019330783808182976,0.01701793486444053
2025-02-28,0.0121912128035463,-0.0006455849583435559,-0.012529161195455264,0.01123799127876815,-0.018819946457700937,0.017528776541013827
2025-03-03,0.0046560352261865,-0.00021560905713312737,-0.012099183879905318,0.011667965765639065,-0.01838996839344488,0.017958750279178627
2025-03-04,-0.0123914344086501,-0.0005128905824013232,-0.012396465763136221,0.011370684598333574,-0.018687250466169793,0.017661469301367146
2025-03-05,-0.0080163913177802,-0.0001746884497061114,-0.012058263272478303,0.01170888637306608,-0.018349047786017866,0.017999670886605642
2025-03-06,-0.0033130173816594,0.0008457982098024266,-0.011037776661053078,0.012729373080657932,-0.017328561200046406,0.01902015761965126
2025-03-07,-0.0032129888315414,0.0010730271133022227,-0.010810547709469969,0.012956601936074414,-0.01710133222300953,0.019247386449613976
2025-03-10,0.0103775903717612,0.000747559685236375,-0.011136015143691638,0.012631134514164387,-0.01742679966048989,0.018921919030962644
2025-03-11,-0.0071646015402198,0.00017418516659679464,-0.011709389656175398,0.012057759989368986,-0.018000174169714958,0.01834854450290855
2025-03-12,-0.0059913033007399,3.750369585766027e-07,-0.011883199786984693,0.011883949860901848,-0.01817398430114419,0.01817473437506134
2025-03-13,0.0087530447063735,0.00040034517435384026,-0.01148385979506048,0.01228455014376816,-0.01777497788808237,0.01857566823679005
2025-03-14,-0.0053091843458182,-0.0001218469716138876,-0.012030611766665974,0.011786917823438197,-0.018334731046038052,0.018091037102810275
2025-03-17,0.0049781848505545,6.184840490855288e-05,-0.011822356564505768,0.011946053374322873,-0.018113474657527655,0.018237171467344764
2025-03-18,0.0009926699850052,0.0002679458667030548,-0.011624074436040532,0.012159966169446642,-0.01791932971661828,0.01845522145002439
2025-03-19,0.0051680231635843,1.8825768200900444e-05,-0.01186537920121342,0.01190303073761522,-0.01815649729423531,0.018194148830637108
2025-03-20,0.0006579130182998,-0.00025542672742966767,-0.012139876722559659,0.011629023267700322,-0.018431124524360305,0.01792027106950097
2025-03-21,-0.0059363306955998,-0.00020987562450286662,-0.012094080593917186,0.011674329344911454,-0.018385198686939077,0.01796544743793334
2025-03-24,-0.0103063852107373,0.00011049737343959672,-0.011773808642784413,0.011994803389663605,-0.018064980226756205,0.018285974973635398
2025-03-25,-0.000111372905645,0.0007418441035667296,-0.01114236086584759,0.01262604907298105,-0.01743347895886948,0.01891716716600294
2025-03-26,-0.0065947525823597,0.0009004065131455168,-0.010983814060280797,0.012784627086571831,-0.01727494041356767,0.019075753439858706
2025-03-27,-0.0029201709925749,0.0007554927763529773,-0.011128712193061344,0.012639697745767297,-0.01741983028608323,0.018930815838789188
2025-03-28,0.0137396364596517,0.0006773517883577362,-0.011206854527373156,0.012561558104088629,-0.017497973333091985,0.018852676909807457
2025-03-31,0.0098249155209001,0.00014326603751690253,-0.011740938931897418,0.012027471006931223,-0.018032057024919307,0.01831858909995311
2025-04-01,0.0086282639878598,-0.0007655898519196701,-0.012649795151871113,0.011118615448031772,-0.018940913419868782,0.01740973371602944
2025-04-02,-0.0006560232710528,-0.0011213587620162043,-0.013005563731430525,0.010762846207398116,-0.019296681824452412,0.017053964300420006
2025-04-03,0.0045831508105401,-0.0007059724224708021,-0.012590177435298102,0.011178232590356498,-0.01888129555130143,0.01746935070635983
2025-04-04,0.0108285983932931,-0.00037566101453537015,-0.01225986598394969,0.01150854395487895,-0.018550984076971578,0.01779966204790084
2025-04-07,-0.03062030068736,-0.0005351407154433,-0.012419345690498908,0.011349064259612308,-0.018710463786507113,0.01764018235562051
2025-04-08,-0.0190587758536446,0.0003340010728117697,-0.011550203896602551,0.01221820604222609,-0.017841321989624438,0.01850932413524798
2025-04-09,0.0058682979642696,0.002000561341021338,-0.009883643629436676,0.01388476631147935,-0.01617476172301106,0.020175884405053735
2025-04-10,-0.0279555202088488,0.0020328749560337422,-0.009857366928750515,0.013923116840818,-0.01615168077172855,0.020217430683796035
2025-04-11,0.0054237949999103,0.0009118547761855116,-0.011003474628162131,0.012827184180533155,-0.01731106900178066,0.019134778554151684
2025-04-14,0.0071102296693201,0.0015067592858609682,-0.010383482598923289,0.013397001170645226,-0.016677796441901326,0.01969131501362326
2025-04-15,0.0035361103164327,-0.00036643920795263176,-0.012264435091422514,0.01153155667551725,-0.01856285365335734,0.01782997523745208
2025-04-16,0.0055640010126117,-0.00039643234447289547,-0.012286674229257152,0.011493809540311362,-0.01858098807223519,0.017788123383289396
2025-04-17,-0.0088717438379251,-0.0004810586003335535,-0.012371549357312477,0.011409432156645371,-0.018665994945272255,0.017703877744605148
2025-04-21,-0.017634217282619,-2.2551400969250148e-05,-0.011912793285753507,0.011867690483815007,-0.018207107128731543,0.018162004326793043
2025-04-22,0.0055660503679303,0.0009728673875975275,-0.010917477525670257,0.012863212300865312,-0.017211845908632957,0.019157580683828015
2025-04-23,0.0096661566679583,0.0012123082509297727,-0.010677933633854485,0.01310255013571403,-0.01697224747683252,0.019396863978692065
2025-04-24,0.0104808539857328,0.0001844093056693889,-0.011705848121556194,0.012074666732894972,-0.018000170192205667,0.018368988803544446
2025-04-25,0.0073391574416892,-0.0008101177810503534,-0.012700359665834611,0.011080124103733904,-0.018994673508812645,0.01737443794671194
2025-04-28,0.006280356009221,-0.000964350946099682,-0.012854594206921206,0.010925892314721842,-0.019148908778329365,0.017220206886130004
2025-04-29,0.0083495569569752,-0.0008815292545085473,-0.012771771139292804,0.01100871263027571,-0.01906608498227084,0.017303026473253744
2025-04-30,-0.0081260529775275,-0.000826800552417503,-0.012717042773196434,0.011063441668361427,-0.019011356794039303,0.017357755689204297
2025-05-01,-0.0050833948025189,-0.00038099096514245293,-0.01227123284992671,0.011509250919641804,-0.018565546692904746,0.01780356476261984
2025-05-02,-0.0108832363724937,0.00037001761175501404,-0.011520224316740813,0.01226025954025084,-0.017814538182858355,0.018554573406368385
2025-05-05,-0.0056012545474372,0.0009742094324716641,-0.010916032452312593,0.012864451317255922,-0.01721034629529063,0.019158765160233956
2025-05-06,0.0033188717109977,0.001098139852536333,-0.010792102038025926,0.012988381743098592,-0.01708641588406265,0.019282695589135312
2025-05-07,0.0042183658737879,0.0007781880322844765,-0.011112053852499781,0.012668429917068734,-0.017406367695477817,0.01896274376004677
2025-05-08,-0.0112118455480627,0.0001094283798325946,-0.0117808135060135,0.011999670265678688,-0.01807512734955364,0.018293984109218828
2025-05-09,0.0014945037129114,0.00021714089892136491,-0.011679004597268308,0.012113286395111039,-0.017976443623346293,0.018410725421189024
2025-05-12,-0.0093483873103578,8.331115764828421e-05,-0.011836939563077579,0.012003561878374147,-0.01814713912421923,0.0183137614395158
2025-05-13,-0.0040668494247747,0.0007168662468737683,-0.011179279249315905,0.012613011743063441,-0.01747671827539389,0.018910450769141426
2025-05-14,-0.0066583609487998,0.0007462881855585725,-0.011157119956886528,0.012649696328003675,-0.0174584035956566,0.018950979966773748
2025-05-15,0.0087519255029876,0.0009200837110924331,-0.01097606178509724,0.012816229207282107,-0.017273500811175225,0.019113668233360092
2025-05-16,0.0026686101140579,0.0003654239261827271,-0.011530950232813473,0.012261798085178929,-0.017828510305669353,0.01855935815803481
2025-05-19,-0.0029010120702418,-0.0001349862978576144,-0.012031131794047287,0.01176115919833206,-0.018328570820125272,0.018058598224410045
2025-05-20,-0.0072311961077117,-0.00018898154505498217,-0.01208522024743208,0.011707257157322118,-0.018382708613885263,0.0180047455237753
2025-05-21,-0.0172376148275953,0.0004189177965873974,-0.011477227699602275,0.012315063292777071,-0.01777466672568026,0.018612502318855056
2025-05-22,0.0052262311735489,0.0011228698967918466,-0.010773289281022039,0.013019029074605731,-0.01707073554971439,0.019316475343298084
2025-05-23,0.0016571460469983,0.0011619619951241911,-0.010734183501065482,0.013058107491313864,-0.017031622527143467,0.01935554651739185
2025-05-27,0.0138598227756656,0.0004426476249873056,-0.011453499064989568,0.01233879431496418,-0.017750938723020325,0.018636233972994937
2025-05-28,-0.0043253727065184,-0.000451109989125683,-0.012347255485315355,0.01144503550706399,-0.01864469451139334,0.017742474533141976
2025-05-29,0.0092124536961108,-0.0004919349322353882,-0.01238808071371573,0.011404210849244952,-0.018685519890817476,0.0177016500263467
2025-05-30,0.0015077594987677,-0.00039456251713781623,-0.01229070801332749,0.011501582979051857,-0.018588147039405475,0.017799022005129842
2025-06-02,-0.0093502613069756,-0.000336293261658912,-0.012232438794096882,0.01155985227077906,-0.018529877839363558,0.017857291316045736
2025-06-03,-0.0017628910262045,-5.126146774728037e-06,-0.0119012716429644,0.011891019349414946,-0.018198710669042387,0.01818845837549293
2025-06-04,0.0161029766707248,0.0005987932287158241,-0.011297352272188912,0.01249493872962056,-0.017594791300762903,0.01879237775819455
2025-06-05,0.000694098977799,1.631427483646574e-05,-0.011879831221353207,0.011912459771026139,-0.018177270247431192,0.018209898797104124
2025-06-06,-0.0128054135859721,-0.0006753328657624889,-0.01257147836279919,0.011220812631274214,-0.018868917389325567,0.017518251657800587
2025-06-09,0.0010538760789704,-3.947441177129204e-05,-0.011931245734318887,0.011852296910776303,-0.018226369212742444,0.01814742038919986
2025-06-10,0.0051365492243102,9.214349952265366e-05,-0.011824220667002824,0.012008507666048131,-0.01813236281063001,0.01831664980967532
2025-06-11,0.0030228656626756,0.00031103965270796996,-0.011580731669839625,0.012202810975255565,-0.017875855148263183,0.018497934453679123
2025-06-12,0.0118864808586242,-0.0002345580110971931,-0.012133903634003122,0.011664787611808735,-0.018433036704835166,0.017963920682640782
2025-06-13,-0.0096830383022475,-0.0005476333110743918,-0.012439404633621988,0.011344138011473203,-0.018734528112045543,0.017639261489896762
2025-06-16,-0.0101288340166973,-0.00032166423461888626,-0.012213673890286181,0.011570345421048409,-0.018508923534642195,0.017865595065404423
2025-06-17,0.0120959115488862,0.000525192960546984,-0.01136657836200061,0.01241696428309458,-0.01766170184042417,0.018712087761518136
2025-06-18,0.0017327328361211,0.0005946124652635271,-0.011297257562770035,0.012486482493297089,-0.017592433292721588,0.01878165822324864
2025-06-20,-0.001848239695985,-0.00022677850562667743,-0.012118549828174273,0.011664992816920917,-0.01841367330659783,0.017960116295344476
2025-06-23,0.0032319766990467,-0.0002465392702427513,-0.01213832537226914,0.011645246831783638,-0.01843345667447617,0.017940378133990666
2025-06-24,0.0072344540604854,5.939535778996248e-05,-0.011832375964757632,0.011951166680337558,-0.01812749944318119,0.018246290158761114
2025-06-25,0.0012577104487244,-0.0002427593721281904,-0.012134531984167633,0.011649013239911254,-0.018429656145206943,0.01794413740095056
2025-06-26,0.0050155311599921,-0.0004277208820028795,-0.012319492204550475,0.011464050440544715,-0.018614615682974033,0.017759173918968273
2025-06-27,-0.0063876491963379,-0.00036529449831821856,-0.0122570661349011,0.011526477138264662,-0.018552189779564895,0.017821600782928458
2025-06-30,0.009792861888785,-3.602701924420177e-05,-0.011927798341791796,0.011855744303303394,-0.018222921820215354,0.01815086778172695
2025-07-01,0.0024763779005515,-3.762093235757261e-05,-0.011929392295363817,0.01185415043064867,-0.018224515795204888,0.018149273930489745
2025-07-02,-0.0063737516734047,-0.0002962933786337305,-0.012188064701181325,0.011595477943913865,-0.018483188179604884,0.01789060142233742
2025-07-03,-0.0069895173071942,-0.00014411890302912407,-0.012035890230868339,0.01174765242481009,-0.018331013712093107,0.018042775906034862
2025-07-07,-0.0095892727292099,0.0005776470582916713,-0.011314124264255924,0.012469418380839266,-0.017609247742679482,0.018764541859262823
2025-07-08,-0.0012779966142797,0.000998516646458018,-0.010893254677056948,0.012890287969972986,-0.017188378155992605,0.01918541144890864
2025-07-09,0.0104073801641568,0.0009620928416649823,-0.010918988268958414,0.012843173952288378,-0.017208452691027113,0.019132638374357077
2025-07-10,0.0006897544815363,-0.0001634291482507175,-0.012069301646641514,0.01174244335014008,-0.01837188983664724,0.018045031540145806
2025-07-11,-0.0138904238665421,-0.00033341760170643963,-0.012214498712329835,0.011547663508916957,-0.018503963134398536,0.017837127930985654
2025-07-14,-0.0021005121772645,0.0004955332010743474,-0.011393049938128251,0.012384116340276946,-0.017686485694236583,0.01867755209638528
2025-07-15,-0.0070332828154942,0.0009151156785190448,-0.010965965432104352,0.01279619678914244,-0.01725542985417305,0.01908566121121114
2025-07-16,0.0014105272126163,0.0009522282077203023,-0.010929093484791243,0.012833549900231847,-0.017218685263218514,0.019123141678659118
2025-07-17,-0.0002348882097518,0.0006105899519430096,-0.011270491158680385,0.012491671062566406,-0.017559955580749086,0.018781135484635104
2025-07-18,0.0015262949835178,0.00032148994617602495,-0.011559690207077278,0.012202670099429326,-0.017849207059147193,0.01849218695149924
2025-07-21,0.008876438311426,0.00011439453828256182,-0.011766686572340835,0.011995475648905957,-0.018056150994409534,0.018284940070974656
2025-07-22,0.0060284044585647,-0.00019714114964515875,-0.012078236906441315,0.011683954607150998,-0.01836770908172554,0.01797342678243522
2025-07-23,-0.0055632692045485,-0.0005863606765521254,-0.012467441787175522,0.01129472043407127,-0.01875690620924422,0.01758418485613997
2025-07-24,-0.001745030887182,-0.00034759434683323336,-0.012228676756788931,0.011533488063122464,-0.018518141866682603,0.01782295317301614
2025-07-25,0.0062674566866537,0.00023511547689600266,-0.011645965633727393,0.012116196587519399,-0.017935430055796092,0.018405661009588098
2025-07-28,-0.0065001747421885,0.00016701243562968702,-0.01171406898865517,0.012048093859914542,-0.018003533576766217,0.01833755844802559
2025-07-29,0.0167450235724535,4.413010935738945e-05,-0.011836951001266006,0.011925211219980785,-0.018126415423334704,0.018214675642049486
2025-07-30,-0.0051669101137952,-0.00022999590200471867,-0.012111077052882425,0.011651085248872987,-0.01840054149626047,0.017940549692251034
2025-07-31,0.0005754513869615,-0.0004210365252961198,-0.012302117635919516,0.011460044585327275,-0.018591582057988214,0.017749509007395976
2025-08-01,0.0141163682680409,-0.00017656928259042194,-0.01205765039852646,0.011704511833345617,-0.018347114823407503,0.01799397625822666
2025-08-04,0.0027292749295151,-0.000220981590024927,-0.012102062700648323,0.011660099520598469,-0.018391527122717022,0.017949563942667168
2025-08-05,0.0030613352210972,-0.0007802041767980738,-0.012661285288385785,0.011100876934789637,-0.01895074971096496,0.017390341357368815
2025-08-06,-0.0057906101506124,-0.0006076888692182598,-0.012480496025156416,0.011265118286719895,-0.018765580480188608,0.01755020274175209
2025-08-07,-0.0017093640856368,0.00028930745356768226,-0.011608212494704638,0.012186827401840003,-0.017906379111764723,0.018484994018900087
2025-08-08,-0.0043438403781369,0.0003386113877490313,-0.011534195768189124,0.012211418543687187,-0.01781928022322132,0.01849650299871938
2025-08-11,0.0011448004278948,0.00035478305113954335,-0.011525403911514766,0.012234970013793853,-0.017814395000240544,0.018523961102519634
2025-08-12,-0.0050476382640442,0.0004139323196979968,-0.01145887483624016,0.012286739475636152,-0.017743959291272354,0.018571823930668346
2025-08-13,0.0082466782142862,0.00038493930113239197,-0.011488107278055116,0.012257985880319901,-0.017773318476099552,0.018543197078364333
2025-08-14,-0.0074418854751448,0.00015685618204623397,-0.011715950973891921,0.01202966333798439,-0.018001035428924117,0.018314747793016582
2025-08-15,-0.0071502464181286,8.841402462142104e-05,-0.011784490619346265,0.011961318668589108,-0.018069626681423943,0.018246454730666786
2025-08-18,-0.002897694804104,0.000517997840303065,-0.011354809315635091,0.01239080499624122,-0.017639893770667284,0.018675889451273416
2025-08-19,0.0057871075468575,0.0008662534966963742,-0.01100656794084394,0.012739074934236688,-0.017291659956099634,0.019024166949492386
2025-08-20,0.0021900951983212,0.00038619207474171124,-0.011486615081196444,0.012258999230679867,-0.01777169953622864,0.01854408368571206
2025-08-21,-0.0049638434500303,-9.368506243114563e-05,-0.011966493495830658,0.011779123370968368,-0.018251578627110045,0.018064208502247752
2025-08-22,0.0073793334571755,2.3912242644267103e-05,-0.011848894913293889,0.011896719398582422,-0.018133979368326083,0.018181803853614616
2025-08-25,-0.0028760266292302,0.00010343503599681678,-0.011769372424843903,0.011976242496837538,-0.018054457041281766,0.018261327113275397
2025-08-26,-0.0005763075011568,-2.7668943453185754e-05,-0.01190047609939134,0.01184513821248497,-0.018185560554423535,0.018130222667517164
2025-08-27,-0.0011532510750791,7.098574445666057e-05,-0.011801821450457549,0.01194379293937087,-0.018086905926122415,0.01822887741503574
2025-08-28,0.0065565764581769,0.00028740089335687854,-0.011585406262581277,0.012160208049295034,-0.01787049071761347,0.018445292504327228
2025-08-29,-0.0071338818674084,1.2109913685275106e-05,-0.011860697247407782,0.011884917074778331,-0.018145781705168812,0.018170001532539365
2025-09-02,-0.0074694449104956,4.667810598097972e-05,-0.011826129049957175,0.011919485261919136,-0.01811121350498937,0.01820456971695133
2025-09-03,0.0109176616606151,0.0005509110662421877,-0.011321896090623354,0.01242371822310773,-0.017606980546146477,0.01870880267863085
2025-09-04,0.0075950352260603,0.0004294024440004747,-0.011429098909260402,0.01228790379726135,-0.017706610329807755,0.018565415217808703
2025-09-05,0.0151319580445502,-8.902081272482399e-05,-0.01197243932979335,0.011794397704343703,-0.018263141100091532,0.018085099474641885
2025-09-08,0.0132362377275398,-0.001093824495987706,-0.012952325849248582,0.01076467685727317,-0.019229837269795935,0.017042188277820523
2025-09-09,-0.0056993019576285,-0.0010814791175591516,-0.01294742776857798,0.010784469533459677,-0.01922888155041831,0.017065923315300005
2025-09-10,0.0056993019576285,-0.0010197915109845831,-0.01287829286424546,0.010838709842276292,-0.019155804284792813,0.017116221262823646
2025-09-11,0.0066637686461888,-0.00019006035286831094,-0.012048806333828373,0.01166868562809175,-0.018326447252457287,0.017946326546720667
2025-09-12,-0.0043263344265044,-0.0003312359204607721,-0.012189737273721649,0.011527265432800103,-0.018467248694269002,0.017804776853347457
2025-09-15,0.0023319833595041,-0.0002669988891410774,-0.0121255995501007,0.011591601771818545,-0.01840316354096824,0.017869165762686084
2025-09-16,0.0021050701643496,3.306998638365946e-05,-0.011825431366877217,0.011891571339644535,-0.01810294278742457,0.018169082760191888
2025-09-17,-0.0025489537551243,3.7698046430735684e-05,-0.011820817908004903,0.011896214000866373,-0.018098337057947278,0.018173733150808752
2025-09-18,-0.010373172193497,5.222897874639844e-06,-0.011853278455386236,0.011863724251135516,-0.01813078987593359,0.018141235671682868
2025-09-19,-0.0019078060790938,0.000529238235576759,-0.011329264434808289,0.012387740905961807,-0.017606776552599065,0.01866525302375258
2025-09-22,-0.0036011716654645,0.0008479144072280113,-0.011010586946032864,0.012706415760488888,-0.01728809836658022,0.01898392718103624
2025-09-23,0.0069654671573769,0.0007272329079231804,-0.011131268759484737,0.012585734575331098,-0.017408780346331493,0.01886324616217785
2025-09-24,-0.0038136895664751,0.00024358544359915155,-0.011614915909661724,0.012102086796860027,-0.017892427330209078,0.01837959821740738
2025-09-25,0.0,5.047401133453831e-05,-0.011808027382295288,0.011908975404964363,-0.018085538824212672,0.01818648684688175
2025-09-26,-0.0008994821681087,0.00014653439844005434,-0.011711966954820822,0.01200503575170093,-0.017989478375368174,0.018282547172248285
2025-09-29,0.008177708262663,0.0002862475024670844,-0.011572253856161483,0.012144748861095653,-0.017849765279550324,0.018422260284484494
2025-09-30,-0.0029049193778111,-7.052325078194697e-05,-0.011929024604042823,0.01178797810247893,-0.018206536024590176,0.018065489523026283
2025-10-01,0.0025792797808825,-0.0001865675410835579,-0.012045068895311479,0.011671933813144362,-0.018322580316370757,0.01794944523420364
2025-10-02,0.0029075983697286,-5.341258282835155e-05,-0.01190134714732199,0.011794521981665288,-0.01817326484778712,0.018066439682130418
2025-10-03,-0.0019002251883925,5.088387398665832e-05,-0.011821486250506382,0.0119232539984797,-0.01810633935506636,0.01820810710303968
2025-10-06,-0.0079752058267031,-6.153563578411e-05,-0.01190947020027775,0.011786398928709528,-0.01818138790074288,0.018058316629174658
2025-10-07,0.0057351319155314,0.0004715083641680057,-0.011383753326209224,0.012326770054545235,-0.01765954977281974,0.018602566501155753
2025-10-08,0.0007845663178721,0.00044857866558048606,-0.011399355898913152,0.012296513230074125,-0.017671273599378284,0.018568430930539254
2025-10-09,-0.0007845663178721,8.08548656939222e-05,-0.01176731414770949,0.011929023879097335,-0.01803935595793055,0.018201065689318393
2025-10-10,0.0160181374054541,-3.309667807018603e-05,-0.011881031242563825,0.011814837886423452,-0.018152948943028956,0.018086755586888582
2025-10-13,-0.0005518680401064,-0.00036581542249583543,-0.0122138457972613,0.011482214952269629,-0.018485814216620638,0.017754183371628967
2025-10-14,0.0031968599599957,-0.0007070262824299343,-0.012554960846923573,0.011140908282063704,-0.018826878547388702,0.017412825982528836
2025-10-15,-0.0022036309660879,-0.0004836169431284492,-0.012331565553663335,0.011364331667406436,-0.018603490689653553,0.017636256803396654
2025-10-16,0.0074723786867624,-2.3630496906261624e-05,-0.0118715650613999,0.011824304067587377,-0.018143482761865032,0.018096221768052506
2025-10-17,-0.0015338881428907,-0.00013479776920624916,-0.01198273357706822,0.01171313803865572,-0.018254651935732787,0.017985056397320287
2025-10-20,0.0038305299997068,-0.00018049272918290422,-0.012028427293676543,0.011667441835310734,-0.018300344994141675,0.017939359535775863
2025-10-21,0.0049032996097107,-0.00015831029793544684,-0.012006245160021134,0.01168962456415024,-0.018278163018021976,0.017961542422151085
2025-10-22,0.0006519998868382,-0.00020267321292745998,-0.0120506077774211,0.011645261351566178,-0.01832252547788623,0.017917179052031308
2025-10-23,-0.0068669110800691,-0.00029849156341908386,-0.01214642616585063,0.011549443039012463,-0.018418343886398875,0.017821360759560707
2025-10-24,0.0004373667229061,0.00012536583633981723,-0.011722568728153821,0.011973300400833456,-0.017994486428618953,0.018245218101298585
2025-10-27,0.0033833757070664,0.000446275682924702,-0.011401658886555628,0.012294210252405032,-0.017673576589660553,0.018566127955509958
2025-10-28,0.0026114367196353,0.0002268452699574584,-0.01162108929453618,0.012074779834451098,-0.01789300699500131,0.018346697534916228
2025-10-29,-0.0101578811187529,-0.00011534934213957459,-0.011963283907531085,0.011732585223251936,-0.01823520160847152,0.01800450292419237
2025-10-30,-0.0058354319427804,0.00022352627411624025,-0.01161032339215908,0.01205737594039156,-0.01787478499789615,0.018321837546128632
2025-10-31,-0.0029859501680787,0.0002962046200040751,-0.011562015228574023,0.012154424468582174,-0.017839377629543914,0.01843178686955206
2025-11-03,-0.0025040922973523,0.0008927035699524837,-0.010941146096322836,0.012726553236227805,-0.017205607702059908,0.018991014841964873
2025-11-04,0.0022263701114729,0.00037515265299964575,-0.011465962378424765,0.012216267684424057,-0.017734270036149285,0.018484575342148573
2025-11-05,-0.0109560773195181,0.0003836280749622482,-0.011450221591313071,0.012217477741237569,-0.017714683197050142,0.01848193934697464
2025-11-06,0.0089526795248211,0.00045129263065981143,-0.011382790792978577,0.0122853760542982,-0.017647376142388864,0.018549961403708487
2025-11-07,-0.00211908020907,0.0004305658730616211,-0.0114032837932137,0.01226441553933694,-0.01766774539895077,0.01852887714507401
2025-11-10,-0.0002232724691026,8.97742721443807e-05,-0.011744170383946928,0.01192371892823569,-0.01800868227425512,0.01818823081854388
2025-11-11,0.0045680548684023,1.3591293803486191e-05,-0.011820258372471833,0.011847440960078807,-0.018084719978208905,0.018111902565815876
2025-11-12,0.0017768301136509,8.740862395994262e-05,-0.011746454913244482,0.011921272161164368,-0.018010923861807873,0.01818574110972776
2025-11-13,-0.0082451061472951,-0.00015795910293423904,-0.011991808769209559,0.011675890563341082,-0.01825627037494663,0.01794035216907815
2025-11-14,-0.0057221637455487,0.0001444802532937505,-0.01168937064534949,0.011978331151936993,-0.01795383290346273,0.01824279341005023
2025-11-17,0.0024722682974797,0.0006988339377072229,-0.011135015728568096,0.012532683603982544,-0.017399477334305167,0.018797145209719614
2025-11-18,-0.0003367757056547,0.0006486078859162519,-0.011185242073700226,0.012482457845532731,-0.017449703834722722,0.018746919606555227
2025-11-19,-0.0020230394908993,0.0002502881356002793,-0.011583561530675041,0.012084137801875599,-0.017848023136412112,0.01834859940761267
2025-11-20,0.0039301686142764,0.0001993407624099525,-0.01163450894120273,0.012033190466022635,-0.017898970566705006,0.018297652091524914
2025-11-21,0.0030213205804657,0.00016831063533177657,-0.011665539030943544,0.012002160301607097,-0.017930000636680613,0.01826662190734417
2025-11-24,0.0056821713698251,-8.870680720404495e-05,-0.011922556478390911,0.011745142863982823,-0.018187018086727996,0.018009604472319907
2025-11-25,0.0025519244817394,-0.00032118621930639997,-0.01215503588558172,0.01151266344696892,-0.01841949749131879,0.01777712505270599
2025-11-26,0.0044228626642567,-0.00036093224557205174,-0.012194781912728011,0.011472917421583908,-0.01845924351893126,0.01773737902778716
2025-11-28,-0.0047553458304794,-0.00035478667831088755,-0.01217265384309702,0.011463080486475244,-0.01842865482361354,0.01771908146699177
2025-12-01,-0.0125268288035286,0.00026514161415055375,-0.011576876427845084,0.01210715965614619,-0.0178456621104907,0.01837594533879181
2025-12-02,0.0004503785288665,0.0006054051143784291,-0.011212462050407703,0.01242327227916456,-0.017468463030924225,0.018679273259681085
2025-12-03,0.0028111456381032,0.000797748532284605,-0.011027311744294978,0.012622808808864187,-0.017287120528182896,0.01888261759275211
2025-12-04,-0.0054042932743557,0.00046999247230919297,-0.01134787469247694,0.012287859637095324,-0.01760387567299346,0.01854386061761185
2025-12-05,-0.0046392883675141,0.00014433587972296228,-0.01167376132113579,0.011962433080581713,-0.01792988407539336,0.018218555834839285
2025-12-08,-0.0032945008948653,0.0005396326812628901,-0.011278234483523242,0.012357499846049022,-0.017534235464039764,0.018613500826565547
2025-12-09,0.0010235842420549,0.0006756305300378739,-0.011142329977850009,0.012493591037925758,-0.017398380371219793,0.018749641431295542
2025-12-10,0.003857591507339,0.0004786262672554953,-0.011339240897530637,0.012296493432041627,-0.01759524187804716,0.01855249441255815
2025-12-11,-0.001359752859696,0.00012728322336630886,-0.011690597543340377,0.011945163990072994,-0.017946605724278693,0.018201172171011314
2025-12-12,-0.0096851169618002,-1.615760974101136e-05,-0.011834024774527144,0.01180170955504512,-0.018090025755043666,0.018057710535561645
2025-12-15,0.0006868124558221,0.0004034718175156874,-0.011414396549750742,0.012221340184782117,-0.017670398166821883,0.018477341801853255
2025-12-16,0.0054768816162802,0.0006891752392188961,-0.011128691925567235,0.012507042404005029,-0.01738469290608376,0.01876304338452155
2025-12-17,-0.0009106744933157,0.00026705412640759194,-0.011550813324070673,0.012084921576885857,-0.017806814455823473,0.018340922708638657
2025-12-18,0.0047722089742017,-0.00010023703366292069,-0.011918104198449053,0.011717630131123211,-0.018174105178965574,0.017973631111639736
2025-12-19,-0.0037394424553843,-0.00010870633529194064,-0.011926573536334162,0.011709160865750282,-0.0181825745360435,0.01796516186545962
2025-12-22,-0.0021725849727953,1.736481098555919e-05,-0.011800502353800573,0.01183523197577169,-0.018056503334317096,0.018091232956288214
2025-12-23,0.0016012309844151,0.0002413776975573861,-0.011576489471979295,0.012059244867094067,-0.017832490455010605,0.01831524585012538
2025-12-24,0.0060388636397262,0.0003194276962675635,-0.011498439468518569,0.012137294861053695,-0.01775444044903509,0.01839329584157022
2025-12-26,-0.0032997221506436,-5.299416208444756e-05,-0.011870861327720377,0.011764873003551482,-0.018126862308686754,0.01802087398451786
2025-12-29,0.0037540450768067,-0.00012825437881620552,-0.011929991023563154,0.011673482265930743,-0.01817745302257191,0.0179209442649395
2025-12-30,-0.0023872827900847,2.4895084037566685e-05,-0.011801239228055975,0.01185102939613111,-0.018061616572000862,0.018111406740075994
2025-12-31,-0.0079991399904401,8.989296867644113e-05,-0.011711843676070508,0.01189162961342339,-0.01795930567507926,0.018139091612432146
2026-01-02,-0.0014926077763048,0.0004959183911755665,-0.011313038523468062,0.012304875305819193,-0.017564322702479634,0.018556159484830765
2026-01-05,0.0049286486440499,0.0006974390614221705,-0.011104297583324778,0.01249917570616912,-0.017351759582333533,0.018746637705177874
2026-01-06,-0.0020601898237025,0.0003446970280889787,-0.011457273211035592,0.01214666726721355,-0.01770485886743828,0.018394252923616235
2026-01-07,0.0058262306877152,2.876910306736769e-05,-0.01177296754167958,0.011830505747814317,-0.018020429540688335,0.018077967746823072
2026-01-08,-0.0050245168958317,-8.974892917016438e-05,-0.01189158048507005,0.01171208262672972,-0.018139092727008223,0.017959594868667893
2026-01-09,0.0066179986172645,3.988392392966072e-05,-0.011761852720817288,0.01184162056867661,-0.018009314719826044,0.018089082567685363
2026-01-12,-0.0029613345772908,2.6985400857669148e-06,-0.011799051885209582,0.011804448965381116,-0.0180465211792,0.018051918259371535
2026-01-13,0.0017095020481232,1.573834687173464e-05,-0.011785998297875215,0.011817474991618683,-0.01803346029688397,0.018064936990627438
2026-01-14,0.0057905963062052,2.8003985912346618e-05,-0.011773733890261167,0.01182974186208586,-0.018021196541147765,0.01807720451297246
2026-01-15,-0.0002264669979271,-5.2965291028309936e-05,-0.011854701935775258,0.01174877135371864,-0.018102163934784015,0.017996233352727393
2026-01-16,-0.0057918241215565,-0.00023621697626877798,-0.012037953913493278,0.011565519960955721,-0.018285416067330293,0.017812982114792736
2026-01-20,-0.0131845030636849,0.0001258632443590017,-0.011675873400387947,0.01192759988910595,-0.017923335399396702,0.018175061888114706
2026-01-21,0.0075879631831926,0.0008458983293071572,-0.010955838352580762,0.012647635011195077,-0.01720330037125076,0.018895097029865072
2026-01-22,0.0043428526977277,0.0008127748956012579,-0.01098896174914569,0.012614511540348207,-0.017236423748154445,0.018861973539356962
2026-01-23,0.0027332145252107,6.67965587458196e-05,-0.011734940090903681,0.01186853320839532,-0.01798240209250769,0.018115995209999326
2026-01-26,0.0047650925265127,-0.00036142838181583753,-0.012163165026562787,0.01144030826293111,-0.01841062702557154,0.017687770261939868
2026-01-27,-0.0062446198689589,-0.0002900099364650481,-0.012091746582089061,0.011511726709158964,-0.018339208581562103,0.017759188708632006
2026-01-28,-0.0022805936131081,-5.268135363702695e-05,-0.011840026519886323,0.01173466381261227,-0.018079870130370566,0.01797450742309651
2026-01-29,0.0002283023232595,0.00019117197218745762,-0.011620713579575608,0.012003057523950523,-0.01787354808543003,0.018255892029804942
2026-01-30,-0.0056080697043889,0.0004382960620170241,-0.011349049104232272,0.012225641228266321,-0.017588892714716513,0.018465484838750563
2026-02-02,-0.0028611991779826,0.00028638034195220064,-0.011508312939668268,0.012081073623572669,-0.017752046407461447,0.01832480709136585
2026-02-03,0.0024234135722315,0.0005590577657065582,-0.011228287400542738,0.012346402931955856,-0.01746813101102698,0.018586246542440097
2026-02-04,-0.002539015595546,0.0004161195408370134,-0.011371463351683653,0.01220370243335768,-0.017611432806854253,0.01844367188852828
2026-02-05,0.0108035192730272,0.0002192419098412096,-0.011568103256408087,0.012006587076090506,-0.017807946866892327,0.01824643068657475
2026-02-06,0.000685613583636,-0.00012779080252553867,-0.011915232998974472,0.011659651393923396,-0.018155127974143696,0.01789954636909262
2026-02-09,-0.0002285147899809,-0.0003814874926342585,-0.012168832658883555,0.011405857673615039,-0.018408676269367798,0.01764570128409928
2026-02-10,0.0114741417748177,-0.00026538686309578386,-0.012052746269414924,0.011521972543223357,-0.018292597418136797,0.017761823691945226
2026-02-11,-0.0053231061432686,-0.0002758636351033967,-0.012063208801352693,0.0115114815311459,-0.018303052411836936,0.01775132514163014
2026-02-12,0.0131989932612668,-0.00036037218742134507,-0.012147718624924244,0.011426974250081554,-0.01838756290836949,0.017666818533526803
2026-02-13,0.0054763675874474,-0.0003971143757736797,-0.012184459542022977,0.011390230790475617,-0.018424303152507218,0.017630074400959858
2026-02-17,0.0016705027488371,-0.000636982674521258,-0.012424328144914974,0.011150362795872459,-0.01866417191640355,0.01739020656736103
2026-02-18,-0.0037904355283228,-0.0006968776472993718,-0.012484222813548669,0.011090467518949924,-0.01872406642403291,0.017330311129434166
2026-02-19,0.0010047973548534,-8.957272947441344e-05,-0.011876917934627198,0.011697772475678372,-0.018116761565705707,0.017937616106756878
2026-02-20,-0.0023459854568683,0.0001853360082882461,-0.01160200915796105,0.011972681174537543,-0.017841852768445292,0.018212524785021784
2026-02-23,0.0036839476411866,0.00024234669258800377,-0.011544998478803557,0.012029691863979564,-0.017784842092009947,0.018269535477185957
2026-02-24,0.0017814249007416,0.00011977473659021364,-0.011667570429659083,0.01190711990283951,-0.017907414040143326,0.01814696351332375
2026-02-25,0.0001112816475361,-3.436788565424682e-05,-0.011821713052830318,0.011752977281521824,-0.018061556663805167,0.01799282089249667
2026-02-26,0.0039958789324425,-7.250054507539584e-05,-0.011845535426084818,0.011700534335934026,-0.018077803629158923,0.017932802539008134
2026-02-27,0.0060743739225363,2.1411967134020373e-05,-0.011775743983126448,0.01181856791739449,-0.018020781108949602,0.018063605043217645
2026-03-02,-0.0100928146977359,-0.00028727614192816946,-0.012060311022937592,0.011485758739081251,-0.0182925792260117,0.01771802694215536
2026-03-03,-0.0020107279367832,0.00011093772996304948,-0.011669296865367332,0.011891172325293433,-0.017905376366979774,0.018127251826905874
2026-03-04,-0.0031358383455348,0.0005283262644222005,-0.011244708616587221,0.012301361145431622,-0.017476976819661327,0.01853362934850573
2026-03-05,-0.00404632006962,0.0006993034427600477,-0.011073962508994352,0.012472569394514446,-0.017306353033531965,0.018704959919052064
2026-03-06,-0.003723579264828,0.0005370139277438661,-0.011236020953265556,0.012310048808753287,-0.01746828915633966,0.018542317011827396
2026-03-09,0.00866688144263,0.0006019972760475125,-0.011171131236359632,0.012375125788454658,-0.01740344900490167,0.018607443556996693
2026-03-10,-0.010703775972285,0.0002545264906943231,-0.011518508390315098,0.012027561371703745,-0.017750776593389205,0.018259829574777852
2026-03-11,-0.012997553875874,0.00016660143768237724,-0.011606447126333389,0.011939650001698143,-0.017838722572753513,0.01817192544811827
2026-03-12,-0.0019527680474479,0.0008818150444355673,-0.010891219836573854,0.012654849925444989,-0.01712348803964796,0.018887118128519096
2026-03-13,-0.0049565002616063,0.0012702630986998816,-0.010502772994218925,0.01304329919161869,-0.01673504183883911,0.019275568036238873
2026-03-16,0.0077122473649536,0.0008909404812466969,-0.010882094399762725,0.012663975362256118,-0.01711436260283683,0.018896243565330227
